# This file uses centimeters as units for non-parametric coordinates.

mtllib bunny2.mtl
g default
v 364.470612 191.840210 159.349075
v 207.852646 236.203964 175.152527
v 310.204010 180.758774 118.037018
v 321.487793 155.423828 190.960831
v 334.479614 288.062195 67.401176
v 409.426849 174.099564 179.777222
v 383.373383 181.088242 181.146118
v 344.352905 257.188171 91.840302
v 302.504486 275.934845 113.876076
v 202.662643 150.346329 123.259796
v 286.823883 275.432556 107.480377
v 244.674194 244.413376 88.162758
v 217.483078 265.361725 61.977619
v 226.783127 161.992081 219.180939
v 397.253632 158.528564 192.446243
v 295.576385 271.403107 118.687546
v 381.028870 7.125809 207.575592
v 256.929871 13.038732 208.443008
v 280.872833 8.879273 204.847885
v 303.768005 183.558578 119.266800
v 270.806427 246.675995 134.629242
v 328.857086 248.959839 106.455597
v 258.345062 246.769196 132.197647
v 265.686859 13.840786 208.179947
v 271.370300 17.404972 204.765640
v 311.793457 4.280790 220.826965
v 364.203186 16.520611 210.923401
v 381.151978 15.166386 207.287125
v 293.114594 268.641479 91.990982
v 257.488953 22.075071 202.314270
v 288.801208 17.398848 200.099457
v 318.347015 21.270132 218.279266
v 327.557007 19.246927 222.327942
v 297.298492 269.187103 118.491600
v 236.857788 254.627884 88.372917
v 470.811096 71.671516 163.304367
v 272.917694 24.023533 198.180420
v 282.110199 18.797047 201.211258
v 283.918030 25.510073 196.412964
v 326.307068 24.228312 219.610962
v 358.256104 21.273470 210.845901
v 372.044952 21.072647 208.880203
v 439.338806 158.278641 165.030899
v 318.355164 293.286072 99.678001
v 336.224030 27.129566 213.499603
v 357.288452 24.034113 210.811417
v 383.263428 24.579353 213.987579
v 389.492401 28.150051 214.546707
v 300.383575 156.096436 185.951157
v 219.324570 207.617081 214.273499
v 440.967865 17.507887 173.748962
v 265.979889 28.189508 193.302719
v 276.533081 28.114407 194.093918
v 293.423462 23.929609 196.569901
v 318.353088 26.833929 214.485519
v 326.559387 27.348368 216.093338
v 344.544128 26.985889 211.608032
v 346.903961 30.141674 214.809326
v 370.023682 25.587193 214.114136
v 375.422333 31.410431 220.420776
v 325.792450 30.968830 209.051376
v 335.286804 31.036770 209.736282
v 355.683594 31.539692 217.817642
v 365.922211 33.695911 222.213928
v 243.539673 254.002960 75.711914
v 436.158966 21.869009 176.473862
v 195.161835 181.136353 116.988579
v 288.283539 266.171295 122.393517
v 242.376953 238.058899 105.604256
v 302.684601 32.241375 192.412369
v 325.392181 33.242367 203.693253
v 342.581573 40.057472 217.260956
v 374.045593 35.806492 222.138351
v 378.547974 37.598351 222.685760
v 387.435730 34.349350 219.387451
v 225.959183 191.312698 219.176743
v 447.276520 30.787466 179.644379
v 448.285492 27.325869 179.315247
v 414.298004 182.480835 158.345581
v 218.328323 227.749313 97.965103
v 196.810150 170.545319 115.484085
v 283.851044 267.655792 120.525337
v 289.986572 176.531189 168.420944
v 277.918610 40.342506 191.015076
v 283.147461 33.317574 193.795944
v 295.002747 32.400269 194.444656
v 331.539429 34.416489 208.124344
v 337.468475 34.888168 212.758987
v 338.792603 39.785286 216.454224
v 350.397888 38.573009 219.757553
v 362.672791 40.136066 223.656845
v 386.921509 41.302425 221.340836
v 447.201172 140.975266 109.433975
v 213.283386 188.212067 222.139008
v 211.732986 200.178955 217.820923
v 253.031570 231.995300 184.819412
v 239.907394 230.437424 192.162308
v 307.387665 181.568954 154.641495
v 232.545807 252.436569 97.459335
v 280.839966 189.910263 156.595367
v 287.532745 43.529850 195.433731
v 310.061310 40.026375 189.228912
v 321.715790 36.413509 197.519852
v 328.113251 44.874912 206.774429
v 370.805695 40.273106 225.122742
v 209.489944 182.375336 220.151077
v 311.298553 287.423798 105.368698
v 442.321747 32.100208 178.719986
v 457.922058 35.492168 180.824554
v 243.413895 236.455063 184.802490
v 282.312073 53.356491 194.930984
v 293.331177 47.193607 196.143112
v 213.115524 272.090820 33.093998
v 362.041504 46.720367 223.821762
v 368.293884 43.052032 225.101944
v 381.687286 45.237049 222.687393
v 371.352814 177.515976 185.339661
v 438.427582 161.675385 159.437164
v 448.663574 44.102249 178.218201
v 302.519409 39.393066 191.960907
v 354.229309 51.519905 226.458237
v 370.410492 47.887890 224.807159
v 189.133514 161.321808 196.123962
v 452.841919 40.316051 179.869812
v 462.564728 46.006306 179.824783
v 412.008667 180.175995 167.653015
v 342.951569 186.558914 118.456436
v 347.315796 46.187492 221.345184
v 377.793884 50.858349 226.768936
v 346.500488 176.495605 183.016891
v 398.918549 177.644821 180.845520
v 217.282333 241.626678 164.909882
v 315.288239 53.351910 190.782761
v 369.581360 52.388107 227.489960
v 295.190552 161.742432 182.197418
v 338.828278 178.859894 174.994308
v 320.543884 248.001312 112.880081
v 235.653778 240.288132 176.307770
v 362.674469 54.038212 227.217331
v 364.899170 169.451431 192.539490
v 358.432465 175.222870 187.322113
v 455.916901 49.399364 177.537186
v 468.311005 54.762585 176.534836
v 472.115540 51.826290 176.330460
v 292.919800 57.350128 198.606125
v 302.393646 52.762066 194.928329
v 341.798920 62.368881 223.302063
v 376.619995 56.601089 228.890762
v 343.307770 170.452560 188.343430
v 410.609314 155.925461 190.930893
v 306.096649 281.175598 110.649719
v 366.988190 130.075836 215.539841
v 259.288177 54.862411 171.702637
v 261.876434 58.124214 179.181519
v 268.675110 52.244385 178.710205
v 287.332306 70.461037 199.490204
v 310.746002 56.150391 191.804779
v 348.515259 60.685993 225.676331
v 385.199951 60.601322 227.038635
v 457.321167 126.583000 117.891998
v 452.562775 54.350792 175.522842
v 463.658081 55.021290 176.287140
v 446.396912 144.906891 168.447281
v 214.009506 258.945831 59.064758
v 247.298492 226.430740 107.188980
v 359.791016 62.179031 228.187119
v 371.798340 62.683403 228.978851
v 330.205872 170.791428 181.847672
v 379.922150 186.852280 173.134094
v 278.191803 66.505325 195.111923
v 336.449799 70.520042 224.019409
v 340.806610 73.020874 225.849930
v 350.725189 69.053780 226.419556
v 371.065186 69.777473 228.999924
v 298.672302 168.739929 177.188370
v 230.639374 57.936607 155.458694
v 457.337158 58.792694 171.918762
v 456.953186 102.313148 171.587860
v 405.254150 185.501129 161.703323
v 287.048004 187.703156 117.990639
v 403.949432 176.238968 178.591110
v 208.762650 238.824509 167.636002
v 306.775238 107.586266 65.578423
v 343.741089 72.976974 225.231598
v 381.876862 67.213135 227.181305
v 386.683472 75.952271 227.964645
v 378.257080 171.253769 189.664230
v 384.597473 164.672318 193.273010
v 463.464111 64.148933 169.458313
v 475.945557 59.855206 172.404114
v 247.495697 177.142365 98.295235
v 358.504028 141.690506 70.156540
v 300.854309 68.320732 198.603287
v 305.911224 66.660507 196.089127
v 312.800110 70.304108 194.578354
v 361.286072 70.511070 229.625366
v 404.438873 169.004120 185.924942
v 192.520767 129.249161 150.884003
v 462.729431 70.179863 162.939011
v 480.365387 68.794502 164.875717
v 281.312073 74.355736 199.698837
v 362.803101 189.499115 167.498810
v 223.530777 173.033829 222.631927
v 223.223221 219.338959 205.830276
v 472.091003 65.786034 169.543289
v 263.177185 244.633118 110.867157
v 423.587189 171.495575 170.456360
v 349.817993 191.006775 137.827911
v 281.133301 105.723328 72.109299
v 294.609192 68.888603 199.533264
v 312.779785 81.539497 198.213196
v 276.668549 257.121796 127.988396
v 347.558899 77.568573 228.340439
v 358.544037 75.569748 231.786285
v 365.303925 75.573952 232.174713
v 319.728851 118.757431 59.063896
v 337.905853 162.572144 191.546646
v 203.044144 147.842072 165.302307
v 222.702805 258.338074 84.771896
v 182.696671 183.555954 154.289642
v 300.876770 181.305435 159.111725
v 272.299072 78.073753 199.187485
v 305.162659 84.510742 198.396133
v 356.659515 79.040245 231.783722
v 371.334686 78.193153 231.233643
v 379.677826 77.031403 228.437805
v 216.778809 222.518143 202.086197
v 453.437500 108.649712 96.264458
v 446.128387 148.217514 116.519806
v 261.068207 80.576744 199.719818
v 285.810486 85.191757 201.448502
v 234.228592 243.801971 157.835754
v 351.402924 83.887260 230.617462
v 364.795135 82.622459 233.269623
v 398.119751 117.348549 218.775833
v 224.282089 118.967751 86.336899
v 222.347305 201.350601 217.218140
v 319.588348 174.860031 167.999680
v 303.245087 283.142578 108.386017
v 220.479263 267.982513 62.254375
v 297.974152 81.375671 199.854218
v 335.700012 86.173439 228.014832
v 348.533630 90.955376 231.238098
v 371.082672 84.964973 232.221832
v 376.767273 89.412437 229.278717
v 382.427185 83.995361 228.494766
v 247.499252 239.686005 77.803139
v 225.997055 213.179916 209.793625
v 402.890472 189.229401 142.314072
v 347.884155 125.912521 219.024506
v 253.446640 86.292046 201.763123
v 265.048309 87.025925 202.510178
v 269.799469 83.497864 202.115601
v 276.487335 82.301750 201.100616
v 281.179749 88.793633 200.522964
v 292.255676 87.456627 201.677582
v 340.799805 97.082611 229.709518
v 342.175385 84.365395 228.826828
v 359.409760 89.277550 231.779999
v 445.644043 152.489151 153.462997
v 376.076904 194.455322 139.750534
v 184.002548 166.988617 153.164505
v 243.411362 88.444725 200.007385
v 280.538055 95.968170 202.404587
v 298.280060 93.505592 202.164978
v 304.802307 95.734253 199.544708
v 309.689667 91.337906 199.436478
v 367.175293 93.197647 230.948013
v 387.660583 92.713417 226.589355
v 345.384247 163.072678 193.680801
v 215.128021 178.239868 220.114319
v 318.129120 242.554962 107.447662
v 206.347763 163.683670 111.193077
v 316.214020 91.130630 211.234756
v 373.802246 98.892212 230.733215
v 383.592651 98.013550 228.767334
v 246.424484 99.271614 204.246582
v 251.556641 92.282089 202.394516
v 260.814301 95.199974 205.809875
v 263.290192 92.337891 205.043259
v 271.236938 93.823730 204.368698
v 287.298737 93.368408 200.752640
v 292.575073 98.463837 202.845032
v 198.968002 147.972946 152.330185
v 197.844955 131.035568 122.947762
v 326.463593 97.768112 227.021744
v 337.304596 96.312714 230.888107
v 346.478943 101.646210 230.375900
v 356.402557 165.069412 194.408051
v 367.000580 154.066818 200.713577
v 219.854538 181.655762 222.014999
v 217.177643 195.070435 220.765198
v 249.048889 242.594269 160.874451
v 296.213898 186.083618 146.482086
v 367.187622 133.070450 207.092178
v 241.306671 100.302872 204.080444
v 255.567062 99.089790 204.212402
v 279.928802 101.177101 204.159348
v 301.245667 96.977394 201.665848
v 311.326965 102.005676 203.330490
v 193.506439 129.619278 134.980972
v 333.020355 98.150665 230.275116
v 204.311539 145.695663 117.356140
v 231.065369 167.008072 221.268661
v 300.238342 283.112335 106.105103
v 229.628189 176.289566 222.390091
v 461.558594 118.462440 128.307709
v 264.057556 101.894768 206.505280
v 273.289276 103.644424 206.544418
v 297.801208 103.368446 203.066116
v 349.545776 108.854607 229.171326
v 363.600922 100.776680 230.236313
v 273.250824 166.626923 179.003204
v 285.462158 167.920883 177.130417
v 255.921921 242.434982 141.806564
v 320.467499 180.651718 116.098061
v 409.315430 185.925003 151.413498
v 252.293777 108.892006 206.058914
v 257.428864 107.404068 205.226196
v 378.444092 193.980698 130.257538
v 337.924255 105.734451 229.322723
v 354.294830 99.182007 231.050766
v 378.306610 103.880112 229.936981
v 314.493561 292.614044 100.146439
v 218.159302 164.681808 218.819031
v 407.029846 112.998291 213.266205
v 290.606781 164.592087 180.760742
v 383.112122 194.019638 149.487839
v 199.735855 114.603813 115.746399
v 270.546509 108.890381 206.216324
v 282.422699 106.510132 202.795578
v 287.178192 104.624100 200.909607
v 305.174042 103.572075 200.961029
v 312.807159 112.107780 204.313568
v 357.498138 100.066887 230.177505
v 358.048859 112.031563 229.599854
v 368.803131 109.387474 228.944580
v 390.106171 111.857170 224.268616
v 451.680573 135.833008 111.830620
v 198.836716 160.537888 120.260742
v 192.300003 122.465927 144.309967
v 237.026642 245.389984 103.433937
v 265.419678 113.028107 204.978088
v 297.801147 108.974968 202.464432
v 344.038727 110.776932 229.189102
v 417.965240 178.270050 165.588623
v 297.183380 185.502945 116.549812
v 223.897583 243.461365 144.559921
v 240.106201 113.285866 204.024506
v 253.296219 115.262405 206.510880
v 304.813141 108.348236 203.234421
v 307.621002 112.647011 204.187256
v 331.246643 107.265297 227.019043
v 348.863312 115.933807 228.050858
v 449.507874 147.782501 142.125000
v 428.642365 170.393066 164.932159
v 233.410553 244.256607 111.897141
v 246.060745 113.454834 206.021805
v 432.180115 168.929886 157.483841
v 340.808807 114.844513 227.474808
v 360.046631 117.671082 227.627594
v 380.888947 114.510742 225.270691
v 234.726166 115.954758 200.617798
v 260.043488 115.575905 205.950287
v 267.488892 122.116310 203.715637
v 273.672913 113.368858 204.753723
v 280.467834 113.205330 202.345886
v 282.261841 120.921913 201.785309
v 292.430328 110.396309 202.196121
v 300.006500 116.435890 204.317322
v 371.046051 117.603386 226.637100
v 390.311890 122.168808 217.661530
v 414.174316 113.910988 211.927063
v 353.324921 269.730042 70.473381
v 225.252869 243.243164 160.679016
v 241.770111 237.432846 111.766098
v 232.553955 121.686653 200.098343
v 251.056686 122.306877 204.207993
v 312.807587 119.781960 205.482712
v 318.168121 117.780090 205.791183
v 342.502899 120.376350 223.827347
v 353.552643 122.001587 224.732300
v 368.853241 123.604561 223.472153
v 379.386780 122.835785 221.713882
v 362.087097 179.771942 182.784271
v 214.418060 209.761322 212.499054
v 392.840179 192.784317 144.523819
v 258.043518 123.845413 203.176163
v 298.693237 122.592316 203.000961
v 322.531097 122.933968 204.709396
v 393.121979 183.873657 175.554382
v 359.566437 125.901489 221.327652
v 405.237854 125.414314 210.722183
v 236.827011 129.548965 199.028107
v 261.302551 130.482697 201.750793
v 274.054993 124.106461 204.206467
v 260.552979 240.050583 148.161636
v 182.803879 175.349701 162.977280
v 397.776947 124.677551 213.340652
v 412.569550 124.406021 209.782333
v 385.976929 173.164841 187.787201
v 344.303223 188.849838 127.778473
v 331.069702 181.291962 163.016968
v 232.414062 260.799683 81.402939
v 243.234879 126.878410 200.971008
v 267.298248 130.616760 201.273514
v 283.309235 130.051987 200.607208
v 291.814484 135.508209 196.989151
v 299.428009 130.820969 200.511948
v 309.555786 125.030426 205.143143
v 314.606812 126.766434 203.362900
v 320.045807 128.627899 204.262115
v 200.817734 152.748199 164.915680
v 385.678192 128.919998 212.679352
v 390.592804 133.376724 210.586502
v 398.265167 132.729477 210.748917
v 386.768951 194.151062 139.206284
v 372.909088 163.867447 196.175446
v 225.985840 262.559448 79.415382
v 360.089081 192.734543 136.872452
v 318.683533 181.578568 150.626297
v 276.110107 132.824677 200.538635
v 288.369293 128.290665 199.397583
v 304.126831 138.879227 197.316330
v 325.550507 136.895798 202.929840
v 326.567017 127.616280 205.372223
v 333.549957 129.147461 204.818909
v 228.423584 86.348114 191.961853
v 225.288681 167.735306 221.909515
v 234.358109 201.163971 99.168381
v 221.923355 146.923065 97.744919
v 241.373047 248.241486 90.649696
v 213.427567 233.062195 186.144135
v 223.063873 130.086105 192.515762
v 230.377121 133.176605 195.428467
v 253.173462 132.026276 201.290604
v 272.916290 140.241318 196.443115
v 312.988617 135.148453 201.106461
v 348.091522 133.357330 204.223648
v 381.581055 134.479187 206.686356
v 268.299591 141.135818 196.534760
v 330.854523 135.488892 203.242661
v 379.794128 141.675934 200.967438
v 404.956573 137.950806 206.414886
v 319.968811 182.454437 124.947838
v 227.007065 141.934769 190.886765
v 241.321838 138.632065 197.135956
v 249.986008 140.545013 197.653122
v 260.673035 138.508942 198.873718
v 282.804474 139.835602 198.520309
v 340.264313 139.923691 201.679184
v 356.026337 137.291687 203.261627
v 355.681580 141.533447 203.491257
v 390.723602 141.671204 203.048004
v 431.891754 162.273972 173.210358
v 276.297150 143.914307 196.171616
v 293.333069 144.861816 192.335663
v 319.552338 139.735168 200.255417
v 335.175110 141.279449 201.445999
v 340.930908 147.356064 200.541199
v 363.494659 142.524582 203.934723
v 371.344604 140.135681 203.392151
v 395.247681 139.273636 206.632950
v 401.300934 145.739029 199.464325
v 424.267090 175.806793 156.636566
v 298.839722 143.885956 193.130066
v 329.037415 149.846878 197.270966
v 345.651367 140.343063 202.771729
v 381.860535 150.074387 199.190292
v 389.171722 145.413956 198.327148
v 267.611633 252.441849 130.124603
v 262.888245 160.235672 185.528320
v 397.743469 190.362473 155.219559
v 232.526154 148.516800 190.855942
v 235.908890 145.883987 191.877228
v 243.726166 151.946457 190.999924
v 269.792175 149.774704 192.435501
v 352.503723 146.057327 202.749481
v 373.643005 149.851700 201.165939
v 390.895020 151.280960 195.731140
v 411.553558 145.856628 196.488022
v 365.716431 142.751694 70.922279
v 261.297180 146.685043 194.689529
v 279.357483 149.303986 193.348557
v 286.641876 145.946640 194.753220
v 306.968475 149.131149 192.045776
v 309.750610 163.147324 181.557938
v 348.073761 150.875198 200.791000
v 312.434326 117.534309 65.976624
v 211.203827 115.361389 97.000694
v 271.696106 158.043137 186.076172
v 283.843262 255.028458 127.383018
v 255.327484 150.064117 191.835617
v 288.308594 155.696381 187.587234
v 321.431305 163.056564 184.029785
v 329.527588 159.391617 191.586319
v 356.187042 154.877335 199.919708
v 378.824402 156.012024 198.829758
v 245.631714 234.990662 97.365662
v 252.899078 157.617020 188.309708
v 269.132812 118.986694 72.316963
v 223.400223 99.950836 85.531364
v 226.998505 200.929688 100.321899
v 332.473236 272.023132 73.850677
v 260.230042 229.311691 111.919922
v 404.667908 5.154266 201.841537
v 266.736298 166.702576 183.379257
v 232.888214 117.279472 82.868103
v 424.449402 165.249817 177.576218
v 324.142365 5.274890 224.129837
v 356.535950 9.177929 213.699249
v 397.760284 8.107192 204.843277
v 410.265686 12.819647 201.122467
v 243.383118 225.095657 192.808746
v 272.132019 3.394148 207.751068
v 284.643646 3.773867 203.925049
v 313.196564 182.327835 131.363892
v 367.822357 10.154671 210.366135
v 308.574707 238.445053 106.492554
v 376.455383 146.152710 74.628281
v 257.686371 221.494553 179.320938
v 258.362305 6.567291 209.479614
v 269.361481 7.825649 208.412613
v 269.330139 200.933350 171.010345
v 319.996155 8.922530 224.163116
v 326.206726 12.432627 223.812408
v 336.054962 9.023412 220.647217
v 331.867462 267.783997 89.798416
v 418.851105 121.646957 208.534988
v 400.779541 16.634970 204.860962
v 414.673706 11.524132 197.533234
v 243.156494 111.545441 78.129303
v 411.929291 132.040283 207.361374
v 298.440948 118.462440 68.771080
v 341.328613 16.343914 218.649399
v 256.620270 178.003082 196.303284
v 262.945862 177.959457 190.993225
v 416.541382 18.444431 197.649506
v 428.912018 17.905651 180.155777
v 285.762665 245.750809 126.243584
v 389.737335 19.451252 205.955215
v 401.387390 22.712751 203.428070
v 243.776382 136.223953 80.871536
v 303.150116 254.180573 88.266418
v 206.907974 82.421463 148.925583
v 238.692123 177.943451 217.072174
v 340.270782 21.767286 217.146423
v 409.147003 19.700289 201.860001
v 422.934570 23.854290 192.394806
v 425.828369 20.296648 188.145370
v 280.688293 245.102203 130.247711
v 419.002502 143.533569 194.596512
v 414.556305 27.455612 197.229202
v 458.861694 28.808466 178.527176
v 467.440552 29.140991 172.171326
v 476.617157 26.548311 158.242874
v 265.846069 20.646772 204.126831
v 311.147766 276.367523 103.120796
v 302.274872 240.150452 119.141258
v 392.550385 24.624689 208.784393
v 404.777863 28.079069 203.197601
v 428.945068 115.467812 203.680511
v 251.416763 185.724823 197.382874
v 297.786804 247.242569 124.212738
v 295.520203 255.195450 116.334053
v 327.195404 298.172791 91.650360
v 322.561737 293.137787 96.177933
v 281.526398 232.260254 131.130676
v 425.284485 33.836632 193.344421
v 466.762451 36.703144 177.434921
v 474.698547 28.915829 164.136292
v 236.282242 159.682831 211.912445
v 338.775909 251.826080 96.455139
v 243.438370 267.049896 34.379498
v 287.960388 231.123901 124.921341
v 300.884491 261.072113 110.478340
v 453.928497 130.194550 164.391846
v 399.401428 36.248894 213.028107
v 410.133392 33.843674 205.438156
v 418.646942 34.149849 197.946869
v 439.807251 35.062691 181.356094
v 483.205658 37.495888 162.235779
v 291.415039 229.658066 119.043777
v 277.313354 183.217102 169.811340
v 315.874237 111.363647 52.017422
v 409.700226 41.534088 211.284653
v 415.062958 39.056190 206.045258
v 433.863495 36.928749 189.667572
v 464.613281 40.639526 179.793976
v 474.938416 37.754467 171.694351
v 312.761200 254.009430 111.632439
v 233.889435 220.471802 201.923599
v 259.150848 231.215179 175.575607
v 460.726654 120.806396 139.889755
v 287.682770 242.842697 128.749985
v 234.552292 176.986816 220.716064
v 243.061356 122.220833 79.611122
v 334.524719 302.074341 81.567596
v 394.781769 44.557751 219.668457
v 252.540253 171.165817 196.936813
v 489.475128 47.115025 156.380569
v 458.386444 125.979866 150.469650
v 318.707397 250.468704 114.803436
v 401.100525 43.901829 214.885910
v 419.863373 41.118225 202.014038
v 429.196198 43.451569 196.618286
v 272.275421 190.191071 176.358871
v 452.940552 121.541512 173.156174
v 406.840546 47.688629 213.569763
v 438.438660 48.231590 192.462326
v 444.061035 45.194027 183.043259
v 242.880936 176.078949 211.857025
v 240.441956 211.426636 198.458267
v 472.893646 45.817234 175.843124
v 484.634460 45.142712 164.424179
v 272.591125 229.471451 138.388458
v 231.769836 200.058167 212.370773
v 410.365082 51.208630 212.992615
v 425.318787 51.106651 202.749176
v 486.649841 53.987011 164.243912
v 257.457886 183.671326 194.693558
v 418.229523 164.326309 182.914871
v 254.693680 208.911057 181.715271
v 384.210663 51.795929 225.400391
v 392.102997 49.525871 220.809082
v 417.658875 48.509792 207.582458
v 437.371704 54.748753 195.403214
v 242.594528 183.762817 209.140732
v 257.228088 162.441208 188.830109
v 480.194092 47.886845 171.146362
v 311.022186 271.427490 101.122017
v 297.136780 250.928467 119.059639
v 259.225464 205.822739 179.781509
v 235.938034 214.207565 203.576614
v 391.273285 56.671604 223.858826
v 400.333984 53.966846 216.842148
v 431.394470 55.540291 198.931961
v 446.329315 53.326485 184.572372
v 479.179016 53.984169 172.377411
v 489.530762 57.458683 158.964005
v 322.558197 285.066406 92.401077
v 344.784149 263.744110 87.599594
v 449.728455 144.586060 156.740723
v 335.352997 292.761688 79.633476
v 415.095764 52.953011 210.405060
v 441.974457 54.461128 191.052383
v 246.999725 203.196594 189.242279
v 484.932220 58.583363 166.412521
v 305.690887 250.175049 120.232903
v 393.715240 64.369301 223.804703
v 397.130127 59.608238 220.722641
v 411.544891 58.903721 211.679657
v 443.234497 64.540298 191.403137
v 451.104858 59.923588 179.213669
v 237.886276 195.413086 206.802231
v 288.088104 250.761063 122.915283
v 437.380127 146.526123 179.672638
v 420.635162 58.590069 206.249619
v 423.508301 67.216354 203.645721
v 438.018829 65.310593 195.299301
v 457.122559 64.616470 169.829773
v 480.720886 60.595390 169.799698
v 338.229065 257.701050 97.345299
v 335.507782 253.477066 102.425797
v 453.527191 126.183578 107.889000
v 418.064514 71.353050 209.865585
v 447.496796 62.557949 186.105377
v 391.581451 175.634644 185.278229
v 488.075775 64.683556 159.799255
v 447.895050 100.299339 86.882675
v 439.543823 125.309036 191.021118
v 308.579498 247.398819 119.666100
v 254.771957 213.190933 180.721619
v 237.656509 170.231567 218.820770
v 235.110901 164.142075 218.142792
v 404.427582 63.740849 217.860123
v 430.016693 64.220642 200.419098
v 445.345306 119.100327 92.492264
v 484.116455 66.520927 163.778976
v 248.699493 221.600830 190.115997
v 388.065582 157.925522 195.425552
v 394.905029 73.043037 224.321320
v 430.774445 72.495270 199.148117
v 443.879791 73.642479 190.069550
v 451.090332 71.790710 181.280365
v 245.764709 206.761307 189.197525
v 339.660095 281.299835 78.532021
v 186.752991 160.704193 149.875092
v 369.391693 134.023285 204.420486
v 243.865143 156.686066 191.853867
v 249.098923 165.234070 195.148376
v 413.274719 69.871979 213.847412
v 422.608032 72.301979 204.920197
v 437.248108 78.202454 196.813354
v 455.603210 70.636223 172.476807
v 260.257263 190.322464 189.037247
v 289.686401 259.922241 123.330101
v 358.781677 133.634064 204.484406
v 349.317322 263.625031 83.745239
v 310.588104 260.164246 105.182053
v 423.512817 132.980865 199.306854
v 240.091095 157.791153 200.477753
v 428.920288 124.626427 200.355728
v 401.817535 74.344948 221.275131
v 429.255768 79.378021 202.734818
v 461.036041 82.234482 162.150848
v 214.840500 230.450699 110.836456
v 279.101105 237.138062 133.846283
v 266.552917 224.859329 153.709641
v 328.106750 246.469894 102.115623
v 405.644501 77.333527 219.493546
v 416.665955 81.499428 214.465347
v 442.235046 77.354416 192.804886
v 192.329300 208.000595 165.963242
v 264.857513 195.640625 181.797089
v 295.737396 242.240005 124.580498
v 190.192215 201.438568 159.201447
v 244.557816 191.942596 199.180222
v 399.439514 84.504517 224.283035
v 407.510529 82.814247 220.816864
v 455.710846 88.924034 174.214737
v 267.059113 214.799194 156.860962
v 429.417145 154.193100 183.451920
v 261.828064 216.545639 173.801300
v 423.098267 82.273155 208.673645
v 433.888489 83.015945 201.238464
v 448.183319 82.499939 185.941620
v 463.994324 79.360115 152.548981
v 275.977844 192.751541 166.887482
v 348.396118 273.822266 76.634384
v 297.996490 264.003693 115.277000
v 277.983887 249.557556 131.444138
v 280.151184 224.473297 127.143181
v 454.168732 115.931267 100.922935
v 242.716141 200.473587 195.731613
v 249.033188 194.767624 193.672150
v 275.603882 175.502319 173.506668
v 272.217316 181.027939 179.397232
v 229.020203 207.554199 211.548264
v 391.518707 84.137291 226.353912
v 407.085846 90.234169 221.359406
v 414.772644 91.702377 216.691132
v 421.834137 88.650917 211.893463
v 433.061035 89.200035 202.617889
v 246.407104 212.896713 189.772018
v 246.960846 244.538055 80.164818
v 412.605499 139.537674 201.849701
v 244.085373 162.630112 200.984924
v 400.139008 91.372070 223.351547
v 428.849640 96.307571 204.895035
v 460.191254 94.894875 164.946182
v 462.374939 97.877823 155.242035
v 271.959351 172.477097 180.166885
v 312.936401 283.600250 104.592117
v 254.884720 196.620575 189.677704
v 449.285065 125.377510 100.280479
v 261.839386 172.626312 190.743225
v 397.669189 99.623428 221.972000
v 331.438354 260.995911 95.860306
v 411.597229 168.195465 184.382843
v 259.571106 166.687317 190.347290
v 407.381470 98.447395 218.412018
v 243.776718 249.444565 15.528881
v 334.235748 284.265015 81.753258
v 428.759796 138.402145 191.910828
v 454.118988 136.885391 148.998184
v 420.114441 127.234825 205.215149
v 413.141327 103.823929 214.706589
v 432.181000 101.120186 201.862534
v 437.351135 98.764343 199.114197
v 445.241150 90.954041 190.237122
v 215.848038 158.318832 212.152313
v 429.790955 144.239777 189.020996
v 265.134613 206.294830 172.373276
v 245.309784 171.190247 206.311401
v 240.494324 166.240189 213.311478
v 438.038818 155.758865 171.416595
v 448.118164 106.180931 186.212036
v 247.399109 260.785767 2.545000
v 325.537994 279.057312 88.978065
v 458.823425 107.981110 108.698578
v 449.874054 133.720459 170.941391
v 393.163422 103.255646 225.305679
v 419.508423 100.186272 212.424957
v 444.807739 129.592010 181.515686
v 267.407684 182.520798 185.016068
v 308.126740 264.038055 104.376343
v 386.572144 104.055519 228.076050
v 404.833038 108.490456 216.886261
v 440.100189 105.066772 196.988876
v 443.578613 100.079475 191.714188
v 453.808624 138.422699 121.192459
v 420.823273 152.823288 189.297058
v 326.087769 256.210052 103.696938
v 345.503632 288.781891 70.590843
v 321.412689 271.823761 93.180939
v 274.353729 222.393188 132.572632
v 396.359955 110.388931 222.629593
v 423.036682 108.165657 209.150864
v 436.803894 109.139320 200.271255
v 324.603729 253.270065 109.467857
v 186.101044 170.077591 169.446243
v 222.661301 206.435837 102.500580
v 186.292511 173.831085 174.352737
v 216.534454 246.486389 87.573036
v 185.476288 177.341492 188.886810
v 428.137634 107.223228 204.308746
v 441.794342 112.874718 194.208176
v 402.812073 117.608185 215.718964
v 448.862030 121.109665 180.880768
v 248.268539 178.672363 201.965698
v 235.000732 186.174606 216.138290
v 330.057526 295.952820 87.242142
v 401.565338 162.630966 189.904297
v 269.854431 236.727051 139.473694
v 431.628357 132.174789 194.649750
v 196.437973 122.140121 123.902817
v 251.270187 216.890320 186.739716
v 254.084351 223.945801 183.457947
v 436.114258 118.673370 197.620819
v 219.455414 231.154861 82.156235
v 408.484100 1.788950 98.483902
v 405.710571 1.719868 86.470016
v 459.944031 112.837318 160.035385
v 447.962769 8.862733 122.027962
v 415.676788 4.751710 111.656479
v 410.562988 7.669090 90.825005
v 418.655212 10.726152 190.137863
v 464.677521 16.131712 128.970230
v 414.533173 6.515546 106.436020
v 404.568176 7.593251 76.070480
v 190.783005 158.527206 191.280762
v 190.103241 158.662933 136.393875
v 246.207581 284.790283 0.196697
v 349.107117 291.042725 63.847481
v 246.764709 235.599762 70.682579
v 286.737457 121.166214 70.715500
v 457.877808 14.929353 119.967216
v 458.850159 20.262508 113.315842
v 414.684937 12.055612 96.914444
v 348.923584 260.201050 83.536957
v 246.545822 237.461899 57.846104
v 352.793121 285.718079 59.299938
v 454.245758 102.219894 97.525345
v 208.753540 148.789841 174.721649
v 470.442322 18.832869 145.006271
v 477.266876 26.696451 125.924339
v 415.246033 16.911730 86.767883
v 408.302368 7.789268 81.567345
v 301.089966 235.269821 115.574760
v 468.789215 21.731070 120.445038
v 435.116791 130.941193 86.598381
v 342.845917 254.549591 89.142220
v 273.963684 203.971527 129.453125
v 352.123535 279.723114 59.058823
v 476.894653 24.280949 136.695770
v 474.158569 28.171471 117.920540
v 419.113464 127.244415 74.225761
v 420.425079 19.461288 94.198662
v 412.004578 18.525867 74.927780
v 327.526123 152.949432 76.449699
v 263.627380 230.834930 165.973557
v 479.519379 26.747248 150.808334
v 484.752106 32.232552 137.094498
v 463.174591 27.478710 108.097206
v 203.655457 153.382950 172.889313
v 429.706512 26.101566 98.823982
v 428.200806 27.335852 90.145859
v 424.565491 26.415272 82.984863
v 415.371185 21.186068 80.783340
v 409.531158 25.536564 71.610977
v 339.726562 132.660202 68.392075
v 246.262619 275.463440 10.264137
v 246.599762 226.111023 100.520302
v 462.487335 107.504517 142.088486
v 272.445770 216.871567 133.785995
v 205.767242 154.447876 204.283264
v 266.958527 231.474274 150.737839
v 244.057495 227.228485 75.499817
v 268.305603 207.128830 163.164703
v 248.255798 281.550049 -5.423060
v 484.340698 31.452385 146.969315
v 481.806793 34.033585 122.252861
v 471.927246 36.773808 109.007080
v 245.927063 266.082794 24.412560
v 484.331268 33.560871 155.721466
v 485.106934 34.357330 130.347992
v 476.999298 34.998409 114.598946
v 293.448700 -1.264149 57.755219
v 430.772369 31.850449 87.858620
v 233.698593 1.436508 105.426865
v 488.943024 42.208626 153.136185
v 318.969849 177.400818 106.893242
v 264.607056 219.225082 164.363129
v 487.645752 36.843708 146.205185
v 490.887238 44.881432 142.525787
v 480.390686 43.290333 114.517174
v 424.841888 34.047966 75.372223
v 353.898895 277.032806 62.422798
v 217.211838 75.135109 168.650467
v 245.151199 249.150497 29.936644
v 442.704346 43.367146 97.841675
v 436.491730 38.616112 93.828033
v 430.770905 36.277927 83.390434
v 489.768036 43.926632 134.746506
v 486.134491 43.225487 123.889465
v 429.416931 41.622227 79.756218
v 336.842163 121.629250 51.669739
v 199.468216 150.576828 131.156815
v 492.480835 54.555489 147.023468
v 490.354248 52.210270 127.519737
v 485.903900 51.090305 119.617622
v 448.949707 50.880730 102.989838
v 432.616516 45.801846 82.803604
v 315.766815 172.571808 97.809753
v 194.901794 137.493729 150.858368
v 492.848572 54.494186 136.768326
v 443.121124 51.033833 91.907326
v 419.794708 44.116013 67.330742
v 247.382187 268.507477 10.598021
v 190.175095 156.720947 148.122406
v 194.352524 153.686951 141.198654
v 490.407013 57.399586 127.734535
v 433.171844 52.237225 79.574898
v 184.139450 180.693649 168.266937
v 184.911331 171.599442 191.667786
v 352.831757 277.490326 67.445015
v 207.812042 84.923737 162.467560
v 297.305481 232.479721 111.765877
v 491.478119 62.587975 152.906982
v 490.965454 64.047424 132.868225
v 452.703339 60.151695 104.656281
v 440.782867 57.723747 86.546860
v 247.531647 251.210068 64.227844
v 218.215347 238.098557 90.042839
v 447.513123 60.824692 93.556343
v 435.109650 60.515163 78.893524
v 204.972275 224.686615 121.991920
v 197.179169 142.456284 135.370560
v 228.394302 293.307098 4.883238
v 200.026749 180.422958 110.373184
v 492.748901 62.814266 143.789993
v 451.110291 67.544548 96.700699
v 441.254547 66.682648 84.473915
v 187.646912 186.147980 188.757629
v 246.440125 258.533813 16.505756
v 228.953064 226.004181 60.658459
v 270.561462 205.516342 119.745560
v 270.305664 214.399048 148.423828
v 491.064301 68.227173 148.183563
v 248.477005 276.577515 -0.691159
v 421.272461 62.995716 68.703796
v 221.585464 231.063309 60.334461
v 246.839600 51.731464 156.738922
v 247.287094 4.071108 203.678223
v 488.040100 73.573891 141.985825
v 299.040894 176.934814 99.254761
v 429.723969 66.901558 75.003204
v 287.927551 182.703308 101.801682
v 222.837860 259.941315 39.359661
v 351.721832 269.770813 66.327019
v 192.135056 172.767273 122.886162
v 246.667114 258.623230 34.592361
v 458.320526 114.240852 110.546722
v 274.422272 206.300522 142.330292
v 192.664658 204.261185 176.757843
v 222.830597 244.254669 65.506157
v 446.048187 77.387878 90.569603
v 423.934601 71.682365 68.082977
v 275.243713 219.734055 124.340057
v 187.251801 163.431747 187.525803
v 228.679947 78.999115 187.779892
v 247.172394 245.157211 48.271183
v 351.887909 265.978333 77.119835
v 457.975250 74.553314 111.379425
v 454.835907 70.337112 103.521141
v 438.301788 76.820786 81.770737
v 430.620972 74.214729 73.275658
v 312.370667 242.206329 113.457397
v 198.498093 140.788193 127.804459
v 261.469574 224.447342 172.718277
v 459.698578 101.609589 111.606239
v 457.819672 82.822144 108.071564
v 397.484955 113.454025 57.300800
v 237.152557 113.490288 80.988441
v 189.647598 176.738998 128.040039
v 462.530975 80.569939 121.055122
v 185.211365 171.729385 138.273972
v 460.562164 116.789658 151.504486
v 348.804199 260.351379 79.358780
v 462.313354 105.107170 123.613434
v 463.796417 85.948814 129.668503
v 451.854248 76.475342 97.264145
v 457.727356 130.174545 125.870995
v 269.074432 221.605453 144.399307
v 460.676910 116.578178 120.333679
v 458.136047 114.921806 164.917236
v 452.793671 142.295639 130.855164
v 200.064911 123.755287 114.510063
v 452.733887 88.152122 99.414345
v 442.367157 83.326996 86.970840
v 185.817932 172.662964 181.225815
v 246.733932 234.533051 86.494881
v 461.211395 93.086327 117.062721
v 446.920441 90.597374 89.261078
v 439.019958 88.514450 80.575363
v 189.202408 215.198303 159.299591
v 223.282074 287.571533 8.007699
v 247.753662 252.560196 47.747643
v 271.796082 213.451447 126.427841
v 453.421844 112.122475 175.617584
v 225.458252 61.315861 153.429581
v 189.391586 209.108551 150.582596
v 457.049072 133.076599 134.790985
v 226.380020 283.414612 8.769499
v 219.565094 232.627060 97.798538
v 200.751328 136.556915 118.627464
v 217.239822 159.136322 106.606720
v 463.852753 88.605110 145.412994
v 455.504791 94.267387 102.502159
v 444.338745 95.184563 83.381157
v 296.450531 22.058069 67.386765
v 200.993164 210.511475 120.802040
v 244.664383 261.266235 50.050098
v 248.108154 244.832520 63.949081
v 463.128052 105.273514 132.687592
v 460.553223 99.557831 117.493637
v 281.605255 223.788925 119.263298
v 243.042618 290.273560 -1.620500
v 237.150360 292.654724 2.603100
v 241.703461 288.906586 4.073837
v 242.548904 277.125244 17.389025
v 230.527908 292.624695 9.495163
v 220.752426 235.860046 184.588455
v 338.744781 188.091339 149.207550
v 247.058670 243.216812 151.909180
v 259.269409 238.834320 166.578903
v 296.735107 276.982422 114.107796
v 222.973572 290.946564 14.250838
v 213.211044 241.949982 146.123962
v 226.279892 240.391647 175.017990
v 235.814606 285.778351 15.088418
v 356.221588 131.627121 210.817734
v 252.139740 240.649109 168.586838
v 216.525543 238.133072 177.630325
v 208.297623 240.663132 155.235016
v 226.844330 249.135757 104.991882
v 343.873962 301.024078 64.741241
v 284.360291 180.223969 160.878128
v 233.083664 242.390656 119.114502
v 223.794815 241.986130 120.538681
v 234.906158 279.997620 25.108599
v 251.185272 236.808060 181.615601
v 324.371979 183.508789 149.067886
v 225.736526 288.290405 19.422741
v 218.099808 286.265594 21.604183
v 399.103790 187.017838 166.060822
v 198.555954 149.331818 139.801620
v 308.573273 174.020599 167.782516
v 273.081787 204.538651 154.468399
v 285.429688 189.769806 134.380493
v 240.650269 239.007492 117.668060
v 296.078003 179.653168 164.467392
v 390.306671 192.038361 157.270386
v 367.695618 193.546753 148.561661
v 378.537323 192.736893 158.177536
v 185.941559 165.239975 139.619370
v 239.811539 242.507843 167.875534
v 198.167084 216.184814 132.705704
v 229.827927 242.600266 129.651993
v 355.122833 191.811798 149.584900
v 282.718475 183.333572 157.430786
v 230.846451 234.071487 189.278152
v 340.869598 300.473846 71.725861
v 336.749481 305.193085 75.885193
v 204.169067 236.319931 131.201675
v 195.030411 126.282097 127.197937
v 194.492493 209.181076 137.121658
v 235.729874 243.490128 144.392990
v 358.118042 184.035416 176.293121
v 193.798599 203.712646 130.135895
v 216.877502 244.000076 77.895256
v 184.938019 167.621384 162.565063
v 324.277283 184.641190 137.834137
v 238.197678 274.623383 31.584801
v 233.018967 276.157806 37.813679
v 485.651520 73.416451 131.901855
v 220.509232 290.257538 11.036241
v 307.633301 183.983353 135.867157
v 353.313202 190.246460 159.893967
v 439.942749 155.067307 111.359039
v 208.461060 125.401566 102.091179
v 324.693329 297.687225 79.994339
v 248.007645 242.841843 138.039978
v 193.638077 112.167717 158.249741
v 488.037231 67.336250 127.289856
v 285.199707 186.903503 149.524857
v 432.962402 162.285736 109.483238
v 194.028412 120.963463 131.707855
v 187.860687 165.400208 177.459137
v 227.123413 281.197968 31.979694
v 232.209717 237.371628 183.571777
v 491.448364 67.459587 138.749344
v 291.128845 183.768692 155.054840
v 436.930817 164.313568 124.732063
v 225.644531 221.413086 84.530983
v 200.750549 142.236465 162.422211
v 219.188339 153.277573 103.295921
v 198.215500 234.297104 167.591080
v 483.067932 76.359566 137.179642
v 262.006226 241.660324 141.065140
v 444.750916 153.536179 123.574463
v 434.294708 165.704498 119.211357
v 213.787872 121.681641 94.639000
v 192.474655 218.257370 177.689850
v 329.508698 303.107819 85.765617
v 229.563858 253.931580 96.375420
v 229.451447 273.934814 50.312840
v 309.748383 182.482574 149.029892
v 262.382629 237.155060 160.850723
v 368.183075 186.295425 174.306091
v 429.552094 171.749954 128.063843
v 422.742859 173.655167 115.768036
v 192.653030 130.295029 142.676559
v 220.431976 273.113159 50.080563
v 314.098938 169.224197 175.616684
v 413.430511 181.156189 118.039955
v 186.809448 167.537811 198.243790
v 376.109894 131.536774 209.716476
v 258.035706 236.613190 175.098404
v 256.761383 241.326065 154.485199
v 298.386841 175.198441 171.181625
v 223.074646 278.315643 39.866657
v 474.365234 78.194450 141.237732
v 239.098892 241.851654 130.152695
v 443.494965 156.523117 136.823898
v 404.721405 184.998093 116.286957
v 209.755127 217.229080 112.777779
v 187.775772 217.892822 151.421768
v 197.641098 236.816574 146.883240
v 239.674759 266.487946 54.723000
v 214.856293 268.680573 48.711838
v 226.156845 226.265671 199.268524
v 488.170898 71.602684 151.399582
v 484.986084 75.235390 150.119095
v 481.129761 77.524284 146.287521
v 466.184784 78.583893 140.700378
v 395.929688 189.276428 118.507584
v 211.709702 138.234314 102.585258
v 217.980545 241.396393 131.777588
v 414.785614 173.570190 177.597961
v 220.769989 229.973312 194.192291
v 319.451752 296.657593 88.758156
v 235.323395 270.696686 52.585358
v 404.953217 180.944000 172.691498
v 479.323944 76.968773 153.196350
v 472.336487 77.996887 148.174133
v 252.126083 243.667847 131.682312
v 421.977966 178.696060 135.804092
v 409.816467 184.988846 126.950760
v 189.773941 215.668549 167.856598
v 278.194000 197.616455 149.619598
v 323.077057 298.818787 92.750824
v 388.647827 189.092545 168.154099
v 376.274811 190.872345 165.534561
v 485.981262 70.166512 158.147354
v 200.631302 237.999313 156.596924
v 437.045593 165.030334 134.431839
v 419.784241 178.756241 125.593239
v 275.759674 197.240448 161.588379
v 244.207321 257.843384 64.014359
v 238.080566 260.748566 74.498825
v 234.282532 265.841431 67.921204
v 225.772659 270.519196 61.813503
v 467.704681 76.598228 149.829605
v 316.524628 177.686218 159.158051
v 281.135986 193.689941 138.131866
v 429.797272 172.355087 140.438995
v 398.646179 190.546295 129.705811
v 388.133148 193.020782 128.391220
v 373.227692 192.487122 121.013519
v 377.451385 127.815796 216.911621
v 266.450623 237.403107 141.695084
v 230.571533 269.340851 63.551815
v 480.009735 74.135582 158.602829
v 461.613861 73.261826 160.901718
v 409.931854 185.968033 138.432953
v 184.728561 185.022949 142.850357
v 196.480850 143.080872 143.132172
v 325.587677 112.471146 220.401260
v 247.092224 239.335007 177.515060
v 279.587860 172.660690 171.170410
v 472.854309 75.511414 157.200699
v 192.076431 210.623169 174.457458
v 264.644867 236.671478 148.268066
v 340.836823 186.898621 158.930740
v 438.618042 162.685303 150.202927
v 419.291473 180.576294 146.876205
v 202.957291 126.714706 109.287964
v 298.843781 186.751450 135.540649
v 292.911804 187.764938 125.909599
v 303.942871 286.690033 99.480438
v 222.313736 244.189911 110.649422
v 277.779724 196.886963 132.082901
v 201.350143 237.647263 141.149261
v 349.558563 185.035049 170.991211
v 365.076172 192.659012 127.126045
v 193.769882 125.275955 157.998413
v 241.668335 0.262349 146.857208
v 242.690445 1.373968 164.384445
v 237.836929 2.992606 183.539200
v 410.967987 124.238846 70.268578
v 293.949951 252.605057 91.124817
v 217.510788 192.039185 101.926315
v 226.211502 1.999608 129.900101
v 232.872864 2.110689 139.924622
v 242.969345 3.002613 151.215485
v 237.682678 5.956552 182.432922
v 245.434280 9.324393 201.255707
v 227.786514 4.779770 133.233673
v 240.948196 5.780070 167.747879
v 238.506912 6.625771 175.084229
v 242.173523 10.480871 194.663406
v 250.999374 13.605168 204.427994
v 250.654114 8.087052 206.332230
v 297.778351 108.527794 68.102737
v 292.301483 6.304211 201.582153
v 227.258896 6.346470 123.798225
v 227.903702 10.123073 127.869339
v 228.959076 9.933687 132.068756
v 233.290375 8.136487 137.378143
v 236.784119 7.485389 142.908264
v 249.039627 6.781167 155.262146
v 292.931610 16.014553 198.792480
v 300.999023 8.372909 211.305710
v 313.389069 9.772947 222.458527
v 334.843170 126.190216 209.536209
v 237.458466 176.779205 98.024857
v 243.781693 7.701306 149.027328
v 242.459442 13.768746 172.327301
v 199.578278 125.251839 170.670273
v 296.288696 11.644869 204.433441
v 302.623016 13.048327 212.691956
v 308.945190 11.789731 218.465271
v 231.296341 15.347226 129.219894
v 210.532303 126.802383 183.131836
v 318.744659 86.463387 212.552704
v 296.288055 16.674450 201.817139
v 318.935974 16.198933 222.470779
v 232.016479 14.963611 122.205498
v 236.977951 15.146791 136.322220
v 196.479950 135.305252 159.881058
v 323.402191 88.801346 222.909790
v 249.486252 18.060072 201.197403
v 308.855194 18.896088 215.402176
v 219.832092 138.281586 187.982285
v 246.440338 14.972507 145.133881
v 249.187653 19.985533 140.684219
v 423.001099 110.422386 70.436653
v 216.001038 95.630943 187.435654
v 250.528427 23.043907 196.017807
v 321.326935 94.756363 222.682465
v 302.383270 20.328989 206.686325
v 311.605133 24.765631 211.334183
v 341.051819 131.061111 204.840866
v 236.678040 19.554731 131.031998
v 255.584991 24.090073 137.965561
v 267.660431 259.052734 119.338097
v 260.942719 27.968830 192.875900
v 213.592667 168.548569 217.086090
v 316.832825 107.184036 211.659805
v 220.217224 250.742325 94.963043
v 298.988403 24.211346 197.322144
v 320.412506 112.556808 213.544998
v 211.190231 164.609192 213.365265
v 266.263672 26.356831 145.557220
v 307.203857 32.124725 194.523376
v 308.315430 25.061487 206.346756
v 330.647980 119.200218 219.017426
v 227.000900 114.313972 198.829895
v 264.002563 29.917410 140.244049
v 206.483200 174.932343 214.570389
v 271.782135 30.677668 189.914566
v 306.626862 28.546751 200.888260
v 325.045074 120.232864 210.558090
v 198.596680 114.645256 169.462494
v 255.864761 28.636707 130.393356
v 197.350250 109.025253 165.600067
v 186.815475 180.971436 197.413406
v 339.565369 125.244308 216.119064
v 315.850891 32.205254 202.521774
v 199.453430 216.469315 195.539963
v 221.096237 111.348198 195.002335
v 192.429291 225.812103 171.230255
v 264.714264 35.052589 139.301041
v 270.953522 38.125587 148.351212
v 199.318878 224.619125 185.494400
v 231.416473 103.354790 200.191727
v 270.492340 34.863731 183.915146
v 204.693008 230.416504 183.322113
v 312.941345 35.730129 191.114990
v 193.763519 170.099823 208.960510
v 215.904037 278.560455 32.882999
v 204.454697 119.455940 177.637238
v 259.155945 38.142330 130.583984
v 213.419708 227.545624 194.766479
v 235.485428 106.835526 202.894318
v 283.068512 116.969048 71.093918
v 198.080765 195.737213 209.406372
v 185.982407 172.881561 199.099640
v 269.516357 36.656868 144.751907
v 271.764130 43.683468 183.088852
v 191.748306 189.298294 201.886322
v 315.182495 40.303131 189.414047
v 319.556793 44.579491 194.204819
v 203.886566 175.728699 108.380058
v 208.380035 191.445328 220.075668
v 268.373871 42.957371 147.641037
v 214.095566 280.032532 22.625179
v 265.471313 45.287212 157.817154
v 265.333954 50.308609 168.264175
v 267.029694 43.807003 169.185257
v 275.861938 55.090103 189.251984
v 204.211380 93.540192 169.868469
v 334.610962 46.181007 215.366379
v 211.151352 112.373337 185.026489
v 203.666458 103.876465 174.286880
v 260.417664 50.041573 161.878281
v 206.835617 221.476501 197.040497
v 322.915802 75.739365 211.202515
v 320.584656 56.335464 197.124680
v 189.026749 176.843079 204.070663
v 279.138397 267.595428 117.315224
v 195.632416 218.230270 187.255676
v 197.309692 207.447586 200.473434
v 339.859161 52.847012 220.571228
v 203.683807 182.423080 216.721329
v 245.717606 156.684875 88.629463
v 209.223282 100.597427 182.053146
v 194.163895 163.691772 206.626022
v 330.754211 55.734692 212.264587
v 346.051697 54.471127 224.688507
v 230.308594 94.837395 197.060104
v 203.525940 197.830383 214.067429
v 258.170288 27.912146 189.054443
v 391.179962 149.595520 76.894722
v 259.434448 3.035686 208.592545
v 219.284454 258.427948 79.798119
v 203.693268 137.014893 171.917007
v 194.786743 185.055664 208.122940
v 213.037521 143.598740 179.941727
v 194.878494 120.172470 163.328354
v 193.070312 208.228943 191.157898
v 332.648254 115.448845 223.481644
v 254.759720 113.053841 73.942963
v 317.198364 65.229965 195.184616
v 328.458374 290.754333 72.375298
v 355.642975 149.683304 71.469002
v 323.314301 103.192253 223.273193
v 250.323807 242.560577 124.509102
v 198.512665 174.570572 212.665222
v 223.122253 230.955948 50.620235
v 330.129791 90.346069 227.868103
v 203.615967 209.758377 205.628036
v 325.423035 2.466886 221.571320
v 198.983734 185.913315 212.968262
v 239.833786 145.397430 87.204994
v 328.328796 79.589996 221.555695
v 218.443161 245.926773 97.769424
v 216.858963 102.390823 190.681870
v 202.989304 190.301331 216.807739
v 208.848083 93.207565 178.352020
v 207.882965 134.545593 177.719666
v 198.785507 133.337997 166.667892
v 209.401031 209.272507 210.558502
v 213.474289 120.862869 186.711334
v 224.410660 122.026260 196.261627
v 265.939423 107.642540 72.067734
v 218.409622 86.223190 183.336945
v 327.708679 144.361771 71.186340
v 194.569077 231.135178 167.928680
v 323.133240 67.014473 206.197083
v 331.254791 66.339668 218.971024
v 204.135468 172.253571 214.195343
v 341.979065 280.331940 63.894958
v 316.499084 99.417671 213.331711
v 287.423798 108.127876 71.587639
v 307.903168 136.426376 71.135719
v 315.510559 140.015121 70.178505
v 223.710159 171.534317 100.070099
v 279.042664 141.328445 74.925179
v 316.465668 77.739967 201.123108
v 280.225220 0.674030 73.113937
v 281.304901 9.235090 73.644684
v 278.365753 4.801608 80.282921
v 194.558060 158.438324 127.485901
v 474.783478 76.995567 133.969818
v 230.520477 6.101666 113.976540
v 249.444626 8.444711 160.778046
v 215.897537 271.758850 29.604519
v 283.704559 270.311188 101.235062
v 216.116608 285.558594 15.398161
v 290.207214 8.973091 61.110435
v 282.859253 3.463990 67.335915
v 238.021210 12.061691 105.804199
v 232.806732 14.149173 116.226120
v 220.009583 249.809052 62.023422
v 245.116913 10.429410 166.203461
v 226.684937 234.935043 32.751717
v 289.187988 14.258309 67.718338
v 277.309814 8.985831 87.806503
v 192.171600 188.234375 124.931839
v 217.316299 238.588562 111.246178
v 231.047638 268.853729 13.493040
v 241.705750 14.650127 179.074142
v 286.994843 179.393600 96.719841
v 275.151581 181.061600 99.025063
v 286.990021 17.889008 72.822922
v 236.660645 19.269070 118.988693
v 224.517700 240.469421 55.952679
v 260.585419 17.073488 154.111313
v 251.155426 14.040066 161.746887
v 240.314056 13.076632 186.471268
v 211.158173 231.994049 117.050697
v 283.228363 15.099212 79.852417
v 280.917938 16.107908 87.453102
v 205.072098 136.509979 109.253654
v 240.345367 22.456213 124.955414
v 220.435501 235.225311 87.052956
v 262.344116 23.076084 163.065536
v 246.362762 18.645069 172.826950
v 245.625763 21.566568 185.086121
v 244.214722 18.249107 191.788361
v 250.780457 20.700312 107.577095
v 244.806870 22.300465 116.808899
v 246.792099 24.281172 130.221039
v 189.283676 228.915573 158.854385
v 257.102692 23.194147 169.570908
v 256.737976 25.800228 175.620239
v 292.251160 278.918182 100.689819
v 192.008743 208.039459 184.123947
v 186.088104 191.574097 166.207489
v 186.729248 186.442139 175.343689
v 303.376343 13.251192 56.519844
v 190.891891 164.351196 127.191322
v 254.259186 26.663691 116.265259
v 227.843857 223.549850 72.704697
v 266.511322 22.099329 151.212936
v 252.462265 25.757050 184.185181
v 256.249725 248.753082 124.164581
v 209.372681 149.734558 111.802353
v 267.482971 23.401192 154.682922
v 267.630890 28.338528 159.134399
v 215.990173 244.361313 82.642036
v 296.458069 26.565327 81.545776
v 213.538757 238.141296 123.815506
v 256.020111 32.052151 125.062019
v 266.040100 32.070309 173.933823
v 265.293518 29.539108 183.775543
v 224.285767 268.639740 26.256741
v 262.449524 26.874109 104.002960
v 266.665497 33.371769 164.811722
v 213.031113 265.932434 44.827877
v 390.114105 178.206772 96.182144
v 305.859558 149.133698 77.957520
v 309.024200 30.415585 77.026459
v 463.285614 70.829971 121.868996
v 438.341888 150.525253 101.861382
v 261.196655 36.736191 107.948082
v 257.495209 30.512213 112.776535
v 270.709961 29.398932 150.169907
v 270.100616 31.047611 154.188614
v 267.516144 37.850410 173.251450
v 235.922012 261.873596 4.907543
v 310.748077 35.413227 80.488060
v 353.073517 154.034454 74.753876
v 257.152252 40.049828 120.519440
v 305.794220 286.398560 92.585396
v 313.271790 33.731647 71.488777
v 308.524719 34.783691 88.066742
v 259.943054 45.168770 109.138260
v 269.458893 38.828289 155.346619
v 193.540192 234.589920 156.013489
v 216.984879 278.774597 20.105103
v 214.135422 259.613861 52.188622
v 316.199127 39.244209 65.545563
v 262.363647 41.915970 136.494019
v 197.208160 192.379700 117.663559
v 191.272293 196.762711 127.684456
v 186.825714 195.109070 146.701630
v 274.011017 260.650574 105.722038
v 263.157990 51.119766 100.641899
v 256.422791 46.568069 133.292282
v 197.701523 208.214813 124.955513
v 185.311920 193.047195 155.678909
v 188.726913 197.439011 165.217606
v 414.921021 166.611725 95.809738
v 311.996735 47.409595 73.217705
v 308.711914 41.618214 87.064659
v 253.286636 49.670307 121.068504
v 190.807571 202.720932 144.138657
v 248.152130 272.898560 -7.518000
v 239.150620 262.357513 -1.447818
v 322.211121 291.318359 78.386436
v 339.027466 297.178009 63.765961
v 309.672180 45.197151 80.170296
v 392.219543 123.561966 64.042397
v 256.307709 50.261391 113.683121
v 192.998062 204.211060 167.745911
v 380.033875 139.039078 72.810143
v 190.536896 196.250854 178.005646
v 189.700073 208.305710 156.965469
v 182.815552 183.509445 160.243240
v 190.617157 193.597672 192.117905
v 281.125763 175.570007 92.701485
v 393.987000 127.688568 69.791840
v 292.835144 129.570328 72.014900
v 240.271912 248.347580 4.639798
v 216.471939 256.411377 74.331184
v 274.130951 264.985291 110.789124
v 217.445160 238.228943 97.683220
v 235.789810 245.897568 7.876122
v 477.103790 61.661972 114.818100
v 313.181335 53.369312 66.003883
v 309.157135 61.318783 70.338181
v 419.790405 136.524094 79.212685
v 260.343658 252.205353 118.593033
v 238.005264 252.018570 2.154978
v 214.890335 252.665344 67.840958
v 334.649628 170.573578 93.619026
v 414.716888 150.327896 85.678154
v 234.525681 250.806030 7.422739
v 320.399719 51.618172 54.110939
v 318.210297 61.369072 52.510597
v 314.439575 55.600292 59.963341
v 306.079498 53.730270 84.934326
v 229.546387 163.433838 99.927597
v 231.729919 249.972473 17.003859
v 310.641205 66.590515 60.530437
v 305.336212 63.931435 79.069283
v 398.357941 136.308838 72.681725
v 460.108032 70.718788 117.735641
v 366.891174 155.518692 76.523018
v 227.233978 65.294296 114.395218
v 213.891693 277.479248 30.399399
v 204.867035 232.643692 124.266037
v 196.412857 198.698578 120.635277
v 423.987000 100.325523 69.536911
v 221.487976 72.039764 111.269478
v 262.138275 114.326965 71.642937
v 224.805923 235.827713 44.433300
v 222.189056 275.575806 20.738321
v 313.929596 67.768066 54.620018
v 406.036774 136.121811 72.864944
v 208.776108 77.251465 130.044418
v 221.326370 239.356964 77.891403
v 188.177979 195.126312 137.116638
v 369.641998 121.531303 51.727699
v 216.053314 79.199326 105.187637
v 211.573395 76.711143 121.924385
v 208.036011 78.142288 138.163712
v 223.932388 226.920807 75.367767
v 188.671326 228.172836 148.380478
v 189.590698 223.713333 145.458450
v 234.203186 281.461243 1.464540
v 316.783051 146.150116 73.280983
v 414.178131 176.677582 109.977005
v 213.168564 78.649666 114.149918
v 207.163971 83.188416 119.363441
v 203.817795 84.744751 133.757538
v 190.879517 230.156570 141.910507
v 372.987335 164.601562 81.166161
v 222.135864 234.481903 58.544357
v 313.116058 77.050323 49.131401
v 308.922913 79.180138 55.160599
v 306.077728 75.112312 66.107185
v 210.138992 84.416672 109.864456
v 192.308929 219.052689 140.817307
v 216.514145 224.329590 107.131737
v 225.498657 247.900314 47.621494
v 385.560272 160.565643 79.149055
v 302.285736 83.461105 71.094048
v 203.509476 92.780128 120.430618
v 203.810013 85.681618 125.175003
v 198.881729 93.062569 136.911179
v 199.167969 91.063278 144.721893
v 208.205444 87.102379 169.294907
v 424.623322 156.573242 94.821259
v 219.208115 244.462433 72.999374
v 191.266754 232.867950 147.345810
v 228.977951 257.903595 25.119276
v 304.869049 84.947449 60.423580
v 224.764801 91.168732 88.340462
v 212.719070 91.298729 101.815239
v 199.221954 96.492516 154.925705
v 202.620148 92.660957 160.201263
v 228.588043 245.742920 31.474159
v 224.194061 253.617523 45.263500
v 404.756195 151.025665 81.800262
v 309.333435 85.242790 50.207363
v 246.572479 282.097534 -7.131642
v 336.115234 161.027435 81.430260
v 206.582886 92.953712 111.032562
v 214.133148 212.203659 106.634140
v 313.428802 89.696312 45.740742
v 308.839569 92.027275 51.475700
v 304.773590 90.444412 61.548222
v 281.896149 167.031815 86.388618
v 211.843491 99.654388 98.318619
v 201.206665 98.836731 115.685059
v 197.738174 99.890778 140.678406
v 197.941635 96.531090 146.189011
v 201.078461 101.554230 167.199219
v 217.339432 97.072945 92.939079
v 205.738190 98.062851 107.102936
v 198.930084 96.345367 128.568146
v 188.969330 214.088318 147.188156
v 222.013367 219.170746 101.539421
v 204.393967 199.067047 112.465698
v 219.681564 233.890564 76.077942
v 221.442688 236.661331 77.045464
v 266.662079 174.393997 94.244225
v 309.822876 102.056190 54.827000
v 306.109833 95.086395 57.639923
v 198.381302 105.082047 117.673676
v 346.287323 143.889236 71.119957
v 194.119202 223.318451 135.596329
v 200.071457 225.451324 129.036560
v 196.268555 232.431152 136.145248
v 251.063873 2.301952 205.655502
v 194.722565 104.939293 132.046173
v 193.665863 106.732056 144.293411
v 195.288834 104.453934 146.773712
v 197.308746 104.090462 160.682236
v 222.070984 225.757355 87.495575
v 301.875153 99.272835 67.235825
v 201.361176 111.126160 109.826736
v 195.108078 106.684235 125.538322
v 188.310028 222.064636 160.394775
v 182.530121 174.879440 151.649017
v 312.961884 101.987961 48.506783
v 310.175385 108.452911 60.739002
v 215.749863 106.890755 92.450714
v 209.834442 107.609375 100.239723
v 204.745895 110.154449 104.539757
v 192.493546 110.279068 139.131439
v 191.894196 210.626205 143.389862
v 217.021179 234.225571 104.675735
v 269.048157 258.683533 110.512238
v 198.405045 186.549835 112.867516
v 232.079788 241.016327 15.462996
v 196.760605 115.421127 124.252136
v 193.118469 115.955307 136.980072
v 192.066284 114.400833 151.464890
v 205.826050 215.138199 118.346161
v 226.054230 218.563766 93.866142
v 215.936508 263.420898 42.285698
v 341.134857 118.927956 47.205719
v 229.176407 240.738785 24.283278
v 186.627121 181.678802 134.158234
v 219.197571 113.275566 88.554039
v 205.405334 117.784470 103.469078
v 350.468628 120.385750 48.270638
v 312.628693 160.725662 84.151062
v 296.854462 163.085938 85.494240
v 346.431152 136.921188 68.195381
v 384.592896 107.490074 49.948715
v 358.466980 116.953484 46.205059
v 402.891266 171.132233 93.009079
v 429.496460 136.151199 84.303574
v 455.452362 58.162331 110.759277
v 428.737213 127.087509 80.845642
v 331.315674 136.767334 69.054504
v 438.787689 98.489342 78.579437
v 333.919617 304.993561 75.342941
v 384.121948 167.004684 83.274864
v 483.901398 66.740883 121.145340
v 360.569305 156.989075 76.613754
v 462.829834 60.458675 113.407120
v 351.109222 127.660362 60.377617
v 250.373932 166.313965 93.131180
v 397.158844 168.946060 87.881599
v 401.762329 121.156868 66.966057
v 309.505066 26.019133 65.932335
v 335.758606 302.647949 69.741783
v 345.221191 151.258179 75.517998
v 228.877869 8.418209 117.384697
v 407.100586 143.755249 80.381836
v 304.043976 168.009628 91.985382
v 271.477295 166.967712 87.035378
v 357.915344 166.145248 85.121780
v 340.388031 303.153076 66.248604
v 310.083160 7.277987 55.592659
v 344.850433 299.144806 60.801418
v 275.572083 154.455658 80.876099
v 345.092987 112.753151 42.521797
v 245.056290 239.709824 121.786423
v 261.011475 152.233093 80.494865
v 349.097412 295.247559 59.755440
v 318.153168 0.592730 57.612839
v 358.011627 135.645248 68.801697
v 257.298157 246.035324 117.045219
v 409.444061 114.942314 66.059883
v 398.237122 179.798935 102.168060
v 327.829987 128.022980 67.226639
v 337.006622 127.315987 65.991676
v 253.894745 233.947418 114.524323
v 378.419189 186.498734 106.905853
v 354.217010 131.043503 67.138199
v 346.946991 293.703094 57.717999
v 249.063019 237.305313 117.839996
v 312.149719 165.478500 88.489281
v 432.351166 155.625214 99.468216
v 307.862762 1.424133 54.522358
v 343.908691 289.495178 59.587521
v 394.532654 162.180511 83.068977
v 247.303833 231.762329 112.580917
v 444.658997 133.192459 96.143158
v 468.316315 74.797440 127.841339
v 370.359314 170.874313 88.619179
v 404.785309 111.428970 61.585960
v 385.257446 126.661224 66.239716
v 284.837311 23.728212 92.296875
v 354.578461 158.673080 79.360718
v 346.582153 162.336533 82.866478
v 464.959930 79.909264 136.119354
v 421.929321 149.835571 88.681015
v 286.371979 159.050720 83.464241
v 486.780243 59.517948 121.095856
v 251.869919 4.272631 96.850533
v 364.875305 150.443069 72.792641
v 425.332428 53.892467 71.256218
v 385.497009 135.024307 73.378357
v 294.839600 180.511551 101.188858
v 423.174042 162.728119 99.401558
v 248.695053 -0.998491 97.197021
v 252.357635 226.080185 112.063255
v 392.304169 132.955078 71.621315
v 437.453644 136.668716 90.265923
v 396.326630 140.708618 76.008423
v 417.466949 119.198517 71.418983
v 434.401825 116.170525 79.431778
v 383.835602 131.021820 71.246559
v 289.456482 23.444630 79.955177
v 442.105682 127.578766 91.822403
v 390.118134 173.639099 89.964775
v 478.761353 75.255768 129.442337
v 422.531677 168.815445 105.774178
v 294.990448 16.134291 62.052361
v 314.866150 153.538315 79.836472
v 250.783783 217.983063 108.259079
v 409.324738 139.230072 77.174095
v 386.380310 114.565369 52.554058
v 357.138794 176.003464 93.111519
v 333.195984 124.325340 60.680538
v 337.384186 144.586182 71.834358
v 369.944824 133.598557 70.124802
v 353.255127 181.761673 100.257942
v 235.018616 291.323334 -1.791759
v 324.090607 161.477432 84.685555
v 251.628525 16.885593 102.546524
v 477.539124 49.225830 110.069580
v 297.427307 5.415811 56.411999
v 258.860687 213.985321 110.234879
v 444.682709 138.657959 99.916039
v 299.520813 172.001831 94.559395
v 352.577057 102.048531 39.615261
v 251.036285 172.028870 97.082123
v 291.605377 174.323334 92.699715
v 427.935364 148.160202 90.593559
v 367.544281 163.079269 81.501480
v 448.587250 111.507744 90.740982
v 367.819122 115.689415 47.219421
v 471.292603 54.425209 108.910362
v 483.008881 57.021408 117.221077
v 412.213989 161.508514 89.632774
v 340.959290 167.162567 86.909302
v 229.571899 74.221375 183.630539
v 416.639038 104.413170 65.989357
v 442.008667 106.078850 81.622238
v 408.092804 174.111221 100.479500
v 320.439178 14.043092 57.430679
v 354.873962 124.755951 54.220776
v 257.669647 -1.051047 93.507713
v 302.113708 20.690990 61.594540
v 290.787598 167.751678 88.492180
v 404.065002 159.248001 84.846542
v 456.561523 52.795990 108.923599
v 269.916565 3.072812 91.078758
v 385.980347 120.220215 56.473904
v 331.877563 117.035744 46.566578
v 347.124878 175.585663 96.416161
v 468.902832 68.116692 119.230919
v 365.117035 128.006073 61.033997
v 264.893402 204.658997 112.524239
v 276.710846 192.308151 119.222160
v 380.221313 172.081848 87.977539
v 366.520966 177.011749 95.075417
v 321.624298 122.917130 65.516121
v 286.697174 3.784909 61.333141
v 262.514465 199.299515 107.856262
v 270.212219 197.934235 113.665894
v 376.499023 125.086395 59.026218
v 355.658356 187.625259 111.954254
v 384.313293 191.251389 117.697960
v 440.776672 115.749344 84.531158
v 235.715561 292.978821 -0.541760
v 303.860138 154.232391 79.683456
v 380.217041 179.746948 96.982056
v 324.550629 117.986588 51.776699
v 273.326843 190.814011 113.194466
v 369.727692 187.659454 109.342339
v 376.283051 110.916275 48.583443
v 386.201630 155.136871 76.731819
v 428.873230 113.515747 75.099922
v 264.110687 179.950073 101.146263
v 275.803711 172.489731 90.214363
v 332.058502 173.385010 96.742798
v 241.196228 291.184052 -3.676860
v 267.882660 6.441786 92.313438
v 267.042419 189.797699 107.602936
v 280.622040 189.030945 119.004158
v 365.196716 189.590134 113.702744
v 385.716888 185.640213 105.425598
v 394.629608 185.604156 109.470161
v 477.403778 70.618736 122.098618
v 245.248672 287.420074 -4.946804
v 427.700562 59.983612 74.444260
v 440.091309 141.261063 95.390503
v 433.241364 147.006058 93.723480
v 273.322205 160.811432 83.906960
v 305.647522 177.211075 104.022682
v 269.705261 185.530807 106.203697
v 300.687622 182.157364 109.531784
v 484.201477 71.104050 125.678680
v 338.810089 181.444611 108.540405
v 337.350159 153.596924 76.667519
v 263.114746 10.763488 94.750977
v 302.910004 26.229090 71.237335
v 398.689148 119.029510 62.984959
v 373.050964 129.670929 67.128998
v 278.372070 185.680130 106.071678
v 287.819946 184.953064 107.491943
v 329.290009 177.473938 103.602318
v 347.030090 182.652451 105.438759
v 362.526489 184.016129 101.941299
v 374.108093 0.765047 69.309944
v 341.598572 1.342929 63.696537
v 328.491974 0.791310 59.922703
v 395.309418 3.124869 72.368835
v 378.940796 3.459512 68.084160
v 269.011841 124.436226 71.650101
v 261.664337 127.406029 72.989601
v 316.096893 270.797546 79.499496
v 398.010712 9.955889 70.847679
v 380.074829 8.549928 67.499756
v 357.595337 4.090152 65.486099
v 344.730469 6.600252 63.056721
v 275.945465 3.434366 89.237923
v 280.110718 148.277588 78.246979
v 271.099609 151.019577 78.831322
v 239.757690 4.140167 101.425735
v 324.379272 267.695587 78.194580
v 362.107391 8.010207 65.014595
v 321.382690 6.083189 57.534901
v 429.306519 5.917511 115.290863
v 355.397217 14.180912 64.017799
v 337.683350 10.708689 60.709637
v 240.978683 211.891800 100.470619
v 277.130768 12.602448 92.100677
v 234.349716 6.156466 105.928856
v 445.944672 11.620089 114.123337
v 441.990692 13.715169 110.225319
v 381.655121 14.273709 67.709000
v 408.612274 131.816742 71.585762
v 250.269409 146.170059 81.755737
v 246.542282 11.493249 101.032303
v 422.204865 10.168849 107.790054
v 370.834412 17.990952 65.591499
v 355.073273 18.079191 63.560204
v 336.566071 17.675913 60.509960
v 318.457611 20.549110 59.420860
v 378.903870 150.087677 75.432762
v 254.826233 122.581863 74.608284
v 239.046234 15.883586 110.332581
v 249.371124 119.547142 77.809006
v 433.995453 16.499630 106.491341
v 304.209167 3.886311 214.020264
v 405.796509 19.872292 69.705963
v 392.566315 19.524185 65.987999
v 380.059601 22.814489 62.262360
v 354.789703 21.498508 58.958199
v 339.794159 21.288788 60.084759
v 429.271637 20.596771 103.467735
v 387.628265 21.307133 65.482864
v 369.365143 21.957529 61.223778
v 367.884277 26.839472 55.982479
v 308.219330 20.681887 59.681522
v 304.051666 245.030441 93.790604
v 269.788605 17.420313 95.802979
v 445.072754 25.907471 103.628922
v 421.242218 16.490227 101.806358
v 420.415802 27.940191 76.494812
v 399.219055 22.359407 66.427322
v 398.043213 28.461670 62.737339
v 378.752747 27.457050 57.788399
v 353.701569 25.314768 56.077080
v 343.783417 34.931190 51.353382
v 328.889282 24.515247 59.937698
v 450.678070 22.518230 106.785522
v 438.545776 28.636528 103.059418
v 240.586731 129.790207 82.200035
v 373.864594 31.968407 55.125462
v 354.931458 30.892670 53.697563
v 336.922272 27.622072 56.356480
v 319.192047 26.586071 63.541340
v 201.796951 152.768066 194.817093
v 268.657227 27.742453 99.978233
v 206.277954 186.510803 106.481064
v 448.618347 34.594410 102.458298
v 220.004654 130.081970 91.985123
v 411.859924 33.899448 66.049583
v 383.178162 33.154388 57.601624
v 320.234375 34.146484 62.070976
v 300.165649 30.000851 90.110260
v 285.653015 255.604706 95.165321
v 240.103760 284.515289 -5.169122
v 302.988800 280.057037 89.215240
v 458.637329 31.525528 103.871643
v 270.606140 242.125000 105.454796
v 422.219330 39.260471 72.458321
v 391.590576 29.718153 60.339157
v 327.204590 38.425110 55.569122
v 305.539948 34.556328 94.063042
v 296.063324 30.270611 92.588058
v 289.789703 29.771290 93.267944
v 278.520630 26.182770 95.668381
v 460.237305 37.787083 103.174759
v 437.702209 33.242367 101.363838
v 402.647675 33.539608 63.044720
v 384.959320 41.221409 54.718079
v 375.575897 42.206669 53.171539
v 372.476654 36.936966 54.812679
v 363.994690 34.939072 52.924461
v 352.441833 41.999512 48.532383
v 332.686676 47.650612 48.000938
v 249.122437 198.924866 101.390556
v 284.671448 42.514748 93.036125
v 249.129883 267.876526 -2.543783
v 466.440369 37.088326 105.580284
v 296.484894 154.216568 79.353722
v 411.235931 40.020485 61.623882
v 382.085938 47.966213 54.032818
v 350.083801 38.406895 49.033646
v 301.294373 35.864185 95.145584
v 278.348511 33.809750 96.180382
v 235.400238 161.073120 96.818878
v 229.194565 234.422836 26.481800
v 359.510223 0.782310 67.391403
v 404.975250 42.312412 59.271217
v 392.713043 40.576294 56.305298
v 368.925598 50.185913 49.118500
v 360.825806 42.578987 50.159901
v 267.879333 36.142586 101.030899
v 266.038269 51.288589 97.926956
v 226.093781 126.726509 86.971321
v 459.953491 42.837090 103.767799
v 448.217743 41.070705 103.475845
v 448.968231 46.817593 105.323380
v 352.887878 50.221329 46.966125
v 300.765869 41.770866 94.750221
v 294.618073 40.208153 94.029701
v 335.835876 3.780148 220.284836
v 471.303955 47.392670 106.597977
v 463.558929 49.758690 106.286423
v 401.511566 50.840748 58.548840
v 391.915741 46.374126 55.849842
v 359.020294 51.714649 46.448681
v 346.654510 49.993847 45.303318
v 342.357147 57.473106 42.108597
v 277.990448 50.882973 91.568657
v 258.146790 180.806580 101.463203
v 212.815964 172.309448 104.491379
v 212.621399 182.414093 103.605156
v 415.970978 48.185524 63.812103
v 386.545044 55.397736 53.568661
v 377.911285 52.114746 50.878197
v 337.667206 53.751526 43.981678
v 306.307129 45.593769 91.630875
v 303.074493 54.134190 89.734077
v 303.497009 45.251728 93.745201
v 294.043793 47.807648 92.828842
v 281.274170 56.648956 89.059441
v 257.498962 199.175858 104.586197
v 281.583191 246.121704 98.494019
v 214.071869 70.514809 139.461823
v 323.830933 134.924194 68.167542
v 315.045105 129.845856 68.680077
v 271.137543 231.154114 108.556404
v 305.194122 123.118248 68.987419
v 410.331757 55.330612 61.255398
v 293.561523 137.880814 74.557533
v 273.385101 43.763248 95.398575
v 263.304901 221.174179 113.621666
v 280.229858 128.222763 72.381317
v 269.469055 132.692459 72.601479
v 417.782623 56.786137 65.744362
v 390.773529 57.563869 53.557598
v 369.558716 60.320332 46.858475
v 354.238190 59.204533 44.139378
v 274.387970 60.789314 89.780518
v 266.640625 143.497345 77.297859
v 260.760284 135.534714 76.046143
v 253.206955 129.265488 77.394432
v 255.597458 139.870987 78.788864
v 317.064056 277.844177 78.762558
v 416.954956 65.366211 63.245319
v 400.329102 60.392155 56.128960
v 394.233643 66.363945 54.037998
v 335.812256 63.722729 40.525719
v 241.171463 200.243149 99.660362
v 219.632324 216.093170 104.222343
v 288.566284 54.475731 90.212799
v 258.995178 55.044170 104.332123
v 247.038757 56.891785 106.799820
v 296.705994 260.182190 88.586243
v 331.653137 261.390961 80.622383
v 383.867188 62.033772 50.714264
v 359.440887 70.232330 43.973381
v 350.213715 67.199425 42.806217
v 300.519562 64.835938 84.970619
v 263.301971 60.478462 97.189362
v 243.586349 62.345680 101.961678
v 243.449219 186.685928 98.741417
v 317.409576 3.569170 222.544037
v 410.528290 65.215858 59.128101
v 395.841309 71.068954 52.734020
v 382.143982 67.696983 50.379299
v 362.474152 64.439476 46.099842
v 327.468262 65.490646 42.768837
v 280.004669 240.540054 101.246460
v 267.944061 64.902390 91.599640
v 255.080612 64.132973 95.751656
v 257.306427 217.438309 111.359734
v 209.988739 193.598145 106.960777
v 258.202332 188.219849 103.437401
v 406.807129 71.478142 57.030983
v 384.287079 72.784813 48.789719
v 372.807587 72.069984 46.915218
v 344.819061 69.786705 40.005356
v 236.509415 168.994827 98.380066
v 295.051941 59.525684 88.182060
v 374.996460 157.268204 76.251801
v 219.389343 67.542282 152.076279
v 351.286987 76.544029 40.517597
v 335.338837 72.428612 38.952583
v 325.218994 76.757996 39.695061
v 319.050781 73.556030 44.937279
v 234.220123 209.788559 100.231018
v 300.764893 73.336380 79.816620
v 288.174591 70.749084 82.292137
v 265.627502 71.798904 86.110420
v 237.333267 66.479027 102.221458
v 350.802032 289.117615 56.762600
v 220.745667 184.803040 99.792000
v 196.571182 156.167374 199.939316
v 388.791565 79.804199 49.043919
v 242.791916 252.101532 1.757400
v 282.582947 77.945511 80.091476
v 279.765808 70.091705 83.982780
v 275.376099 76.287041 83.626366
v 255.645721 70.277092 87.007393
v 227.147781 74.277374 100.897461
v 422.236847 79.390068 65.963257
v 402.730438 78.713768 56.344803
v 380.933777 78.729027 46.735435
v 366.785248 79.043716 44.065960
v 356.523987 80.800308 41.392677
v 330.840271 85.391449 37.751759
v 303.258606 75.403610 74.194038
v 294.304230 76.880806 80.835884
v 242.505859 77.433739 85.169662
v 242.329636 71.575775 91.316841
v 323.582306 254.491638 86.831963
v 415.499847 76.586273 62.040058
v 402.355713 84.374992 56.626461
v 394.439056 80.922211 53.072617
v 341.827850 86.482574 38.858997
v 339.253326 79.778671 38.111504
v 269.083710 77.344971 83.354218
v 255.311890 79.236839 80.795700
v 232.074203 75.846855 93.971481
v 219.298767 165.483719 102.724899
v 295.315643 146.230133 75.888824
v 392.683380 90.979469 51.821182
v 360.604279 87.730225 40.886463
v 319.126984 83.583656 42.279938
v 292.968903 245.578766 94.679321
v 240.071213 82.921089 82.340225
v 230.935776 82.527725 88.161919
v 222.708237 80.817787 97.132759
v 244.433182 274.908813 -6.984002
v 432.660736 82.654808 74.284164
v 409.901001 89.236809 60.352360
v 354.092529 89.878525 40.029980
v 324.890747 84.338066 39.067337
v 295.055328 83.981308 78.551613
v 282.828705 86.529335 77.787178
v 269.239960 82.611206 79.466537
v 230.100708 191.097702 98.314499
v 427.586273 88.771805 70.975441
v 386.494171 90.072914 48.411221
v 381.191437 87.255562 47.020840
v 339.574249 93.532181 37.469158
v 334.286804 97.888809 37.818905
v 211.812271 203.338135 107.543915
v 309.330627 263.894196 83.358017
v 299.791382 85.697769 77.092300
v 273.401489 89.373795 76.688934
v 261.159271 87.379456 76.329384
v 418.702972 91.681892 64.940102
v 395.799194 98.114479 54.297180
v 375.000946 100.586655 46.163334
v 370.873810 89.083893 44.276180
v 370.436768 97.095818 43.079021
v 362.470642 96.790092 40.905842
v 304.886322 142.767471 74.545166
v 292.877014 94.273834 74.698341
v 250.580154 90.734283 77.089256
v 287.747314 139.135208 74.174461
v 348.882965 96.627708 38.861118
v 324.927948 94.575050 39.182014
v 316.824585 92.342972 42.598999
v 300.350616 91.593201 71.188522
v 281.562561 95.196877 74.893295
v 269.995178 95.819931 73.108566
v 260.245758 95.056259 73.132759
v 195.111755 153.910751 152.872635
v 227.218811 153.359436 206.563141
v 304.571411 270.928986 84.942360
v 237.612915 55.542088 158.994019
v 432.752106 95.139053 75.759415
v 403.739624 104.161827 57.936317
v 231.579712 131.758911 86.144684
v 243.618622 94.610268 78.022621
v 235.461319 91.473656 81.583939
v 279.786804 258.016144 99.484238
v 394.746033 107.222633 54.120121
v 385.957916 101.741081 50.181576
v 364.419647 105.236847 42.918343
v 317.362732 100.226685 43.116863
v 298.184204 101.833450 70.687943
v 293.708801 101.666496 72.005135
v 255.937088 103.717743 73.643707
v 246.127365 103.990135 77.501755
v 228.500290 180.578003 98.651505
v 400.894104 129.282883 70.154503
v 328.965271 281.038116 71.886116
v 341.642456 105.778755 39.206200
v 324.719482 110.137138 43.785843
v 268.099670 100.045197 72.638420
v 232.328888 102.513985 81.443504
v 229.456543 146.297989 92.847076
v 431.581604 103.769058 75.024055
v 260.134766 162.554901 86.548355
v 355.094757 109.341232 42.735943
v 208.878357 155.302826 114.074356
v 333.746643 110.877151 41.856918
v 329.090149 104.376404 40.142239
v 319.671143 108.980255 45.675835
v 273.321381 112.664589 72.205994
v 299.541229 0.753066 54.149937
v 304.962189 -1.585850 56.396580
v 319.362915 -1.824932 63.198097
v 337.855896 -1.575650 66.589493
v 360.593719 -1.140909 70.639481
v 384.259644 -0.212931 74.130486
v 399.191650 0.961071 78.614601
v 286.358978 -0.420728 61.319042
v 304.808777 -1.641409 62.401443
v 383.853668 -0.467331 78.311882
v 282.759369 -1.471610 72.011497
v 323.948029 -1.536989 69.404823
v 348.173798 -1.008072 73.731819
v 367.209686 -0.691050 77.178200
v 374.755768 0.120393 82.624596
v 316.658844 -0.978791 73.132843
v 344.548828 -0.075774 77.792900
v 390.468414 -0.384488 84.992233
v 341.327881 2.957432 79.855583
v 366.596100 3.007329 83.980858
v 375.799835 4.024147 86.272400
v 300.892731 -1.128511 74.823761
v 319.140076 3.038271 77.030006
v 387.839081 2.491473 90.542938
v 392.238251 0.686272 93.314598
v 399.401733 0.167927 86.848877
v 297.349945 2.561791 85.824760
v 366.347076 8.018612 87.522278
v 292.327179 -1.562492 68.615402
v 289.107971 -0.786932 91.845261
v 308.111359 2.385727 77.432037
v 331.118347 7.329969 81.398758
v 349.064484 7.781646 84.547615
v 380.195496 6.611451 89.925041
v 403.031921 0.033526 109.907036
v 275.546967 -0.526333 85.003838
v 276.247681 -1.553492 90.231163
v 304.476288 6.355150 83.523956
v 315.588013 8.009730 81.419495
v 354.277893 9.258969 89.838737
v 384.201477 7.531448 95.510620
v 386.120392 0.519446 109.816978
v 395.223358 -0.128129 103.926079
v 412.120605 2.336233 108.278954
v 332.713409 8.726208 87.435097
v 369.012970 9.554586 95.077599
v 378.920807 9.250007 99.674881
v 386.332611 4.667870 102.317482
v 411.227203 0.889047 112.043358
v 281.174194 -1.597950 90.785324
v 309.781250 8.480689 87.738800
v 268.291321 -1.340711 91.675316
v 323.777252 8.372566 93.653801
v 379.237915 7.618173 108.247635
v 390.388062 -0.333690 119.272743
v 429.464081 2.801052 122.966522
v 259.360565 -1.739108 97.591103
v 332.243927 8.211493 106.753433
v 404.017914 -0.009352 120.430061
v 413.940460 0.449150 127.129143
v 291.950378 3.549068 101.160797
v 342.787506 8.497132 107.234261
v 375.943420 1.897468 120.489540
v 399.319550 2.608671 123.616119
v 401.936554 3.680466 123.166039
v 418.797211 0.542490 123.817398
v 436.029327 2.833089 129.889587
v 243.859177 -1.245068 99.827225
v 242.757202 -1.673931 105.589699
v 295.157776 8.238270 101.224419
v 352.429199 8.976451 100.870598
v 379.226532 -0.398510 125.791237
v 390.149475 3.261870 124.895355
v 431.009003 1.161328 135.510208
v 265.830841 -1.803131 112.216843
v 288.748993 -1.088129 112.080185
v 365.069977 9.093448 110.281563
v 383.729797 1.469268 128.938904
v 413.086792 3.075271 133.410141
v 442.502991 4.254347 135.471390
v 237.134293 -1.118728 103.502678
v 369.668152 6.049408 125.384636
v 377.589417 -0.548312 139.364777
v 381.125366 -0.804731 134.173569
v 421.552551 0.294893 137.865509
v 427.788208 1.293807 147.873749
v 237.225037 61.492996 170.426071
v 278.530609 -1.588472 114.051643
v 304.964172 7.591872 114.789940
v 307.142578 7.847867 114.998161
v 327.905579 7.733091 124.860497
v 419.152466 0.834486 151.318665
v 456.729218 11.155210 133.704651
v 254.082809 -1.874470 115.407005
v 296.662170 -1.532928 124.985275
v 350.442963 8.178210 128.298874
v 368.511566 8.503786 120.633636
v 370.674072 2.126029 132.361771
v 368.473175 3.587230 141.729431
v 415.796753 4.367671 143.799744
v 229.367294 -0.107468 114.272858
v 233.158615 -1.363674 115.445122
v 241.639694 -1.787209 121.484840
v 277.171661 -1.795211 122.969620
v 363.900208 7.546632 141.933945
v 438.242676 4.095747 148.374252
v 445.790192 6.220906 145.471985
v 279.939087 -1.391650 128.700394
v 294.012421 -0.924313 132.941635
v 352.278137 7.906346 146.981659
v 414.290588 2.815268 152.179138
v 461.043915 13.663053 147.856842
v 226.342941 3.712929 118.946861
v 228.294693 0.107011 124.245644
v 315.709167 7.326870 131.715561
v 338.178131 7.774009 136.271927
v 387.499695 0.886871 152.109528
v 418.469879 2.982272 166.515732
v 453.813660 12.371211 157.344208
v 268.589233 -1.507529 131.906219
v 277.082367 2.300067 132.001129
v 368.470276 5.200951 149.804398
v 373.125244 0.807828 147.109726
v 377.068573 0.473573 153.539871
v 397.849365 -0.039929 158.687744
v 399.936371 0.052071 159.026733
v 406.271179 0.493667 159.922134
v 431.027893 3.698713 155.584732
v 292.846985 3.853469 137.420135
v 310.676788 -0.808128 145.253143
v 411.453430 1.546471 171.877884
v 421.268982 7.410227 174.699478
v 438.459198 7.808930 161.697678
v 469.322418 20.348331 157.159241
v 254.839020 64.415688 185.940903
v 236.629303 -1.106047 133.293594
v 301.906311 -1.141512 140.717499
v 311.684570 -0.224934 148.546539
v 374.695740 3.822847 158.199539
v 461.565002 20.451948 166.873352
v 233.537994 151.644577 193.849594
v 255.929855 -1.553552 143.920959
v 264.869965 -1.628333 143.814346
v 299.867767 2.984269 146.846146
v 313.567963 1.994467 150.540344
v 318.129974 6.686269 147.250931
v 369.096100 7.496751 156.694366
v 441.386383 13.148947 169.781128
v 231.920044 0.158629 135.437195
v 263.252960 -2.179132 147.536346
v 380.254333 5.436732 165.350937
v 384.612061 1.610531 164.472214
v 388.057587 0.698468 163.954971
v 449.057159 13.267032 165.793488
v 366.002563 8.655211 166.102859
v 377.735443 8.617951 167.637833
v 389.294281 4.982932 172.804718
v 397.684906 0.872648 179.102310
v 415.874146 5.307688 182.042374
v 429.187775 9.521111 170.309967
v 195.744034 154.829315 190.128952
v 335.549988 7.608852 156.326782
v 391.465820 5.296453 177.485336
v 455.884064 22.072611 173.922180
v 202.608292 158.961319 208.867294
v 223.699539 149.113663 194.274841
v 268.804291 59.679462 184.356415
v 247.736176 -0.763209 149.641510
v 297.960785 1.809469 161.904327
v 341.430603 8.488088 174.597000
v 209.501923 150.545563 191.660797
v 191.645721 158.945053 181.530975
v 231.979950 68.657814 178.096100
v 214.391373 150.977722 200.876175
v 219.642685 147.099091 190.097839
v 259.809692 -0.542828 169.189056
v 294.731781 2.059071 164.601547
v 300.724304 -0.439369 161.330063
v 319.694855 6.931073 155.803268
v 385.103821 9.209609 174.937347
v 402.188934 0.905952 189.810120
v 409.547424 2.482346 189.124893
v 243.961029 63.296749 179.496506
v 450.500580 21.080128 175.825073
v 210.702347 74.605927 147.830933
v 262.920105 65.846474 189.711563
v 225.070557 228.144440 58.343403
v 253.291000 78.704163 198.234497
v 252.249512 53.281590 111.089584
v 245.707367 0.394589 162.851608
v 287.499969 -1.462334 169.720352
v 389.252594 6.479873 183.641953
v 388.348511 0.977068 188.370544
v 191.683197 161.163193 201.383636
v 240.200134 80.061806 194.176483
v 242.002594 54.647526 116.291382
v 381.790344 10.215266 182.382736
v 411.791626 5.267410 194.494720
v 237.278168 57.786808 112.341560
v 242.331436 52.504009 124.308983
v 256.851715 45.202007 125.675507
v 222.565369 76.075165 178.700424
v 247.252975 -0.112572 179.606903
v 277.549316 0.089331 176.866608
v 329.662415 8.002988 171.577194
v 404.169678 2.471289 198.402420
v 233.116638 155.301346 206.480453
v 227.667831 228.427444 46.561359
v 232.213425 57.350574 122.991982
v 201.563171 87.985275 148.764359
v 188.913406 162.978928 165.251419
v 193.635452 158.384445 163.587631
v 228.685303 157.708328 214.729401
v 261.537079 71.765732 193.496750
v 216.873215 145.518814 185.316925
v 248.807404 49.215946 132.023651
v 239.519669 1.251227 174.673386
v 255.512100 0.040210 188.371872
v 267.595551 0.141612 185.110703
v 301.621796 0.643870 184.996735
v 309.321594 7.584868 180.620544
v 361.368347 9.930870 189.244736
v 395.739319 1.556030 201.081497
v 221.494522 160.378342 217.393311
v 210.352753 158.360336 209.127228
v 223.075851 70.373131 170.369141
v 213.285721 83.879707 174.336517
v 240.696808 0.759012 183.329010
v 303.978180 -0.110732 189.668533
v 381.154694 0.830671 202.764557
v 393.985840 3.627113 205.144897
v 250.152451 73.510155 193.147858
v 193.332047 160.218445 172.732391
v 234.203918 53.382030 136.955856
v 205.869049 164.180573 212.877411
v 287.464569 0.136508 182.240417
v 348.711365 10.259470 193.528549
v 365.638580 0.971748 207.063156
v 242.168549 50.169346 141.963699
v 254.128082 46.803986 142.699417
v 324.650970 9.540072 192.786942
v 334.971161 9.845673 194.646133
v 338.348145 0.826671 203.209732
v 377.872284 2.868010 207.889557
v 200.831711 155.215302 176.674210
v 200.001511 153.835434 184.309906
v 222.230255 64.562454 125.230995
v 229.065033 56.704014 133.439438
v 248.992218 48.869892 148.919220
v 277.466431 0.455430 195.319748
v 289.770264 0.537528 196.825409
v 318.644745 0.517069 202.787338
v 364.923645 3.660886 211.586533
v 211.409988 149.534622 184.079941
v 251.866638 57.531624 173.418701
v 268.937775 67.324829 190.637009
v 271.037811 73.067360 194.802353
v 225.710709 60.000835 146.252243
v 234.268509 53.630367 146.548492
v 292.604553 2.081430 200.825470
v 355.029816 1.217766 210.845139
v 239.129623 71.606552 186.946060
v 234.085770 231.046616 35.737644
v 227.846786 65.247147 165.759842
v 221.060944 64.315155 136.328522
v 240.997681 3.092370 195.390503
v 297.493774 3.050349 205.428680
v 352.334869 3.156266 214.708771
v 200.939041 165.337250 212.119186
v 244.558167 56.781590 167.135559
v 238.024307 53.204468 152.042816
v 254.955780 51.171452 161.052460
v 242.866547 1.186191 194.644180
v 264.439392 0.321111 201.405182
v 335.227997 0.921010 214.369858
v 348.410156 6.482607 216.391800
v 220.960342 154.286789 209.254700
v 216.954193 70.853958 125.961456
v 225.688248 59.966251 140.018494
v 215.246964 73.191383 158.484634
v 248.764221 0.581889 199.830139
v 262.483459 1.215688 205.589523
v 279.782410 1.615031 202.876572
v 303.626068 1.538707 209.756119
v 313.975708 1.367828 216.939224
v 340.678070 1.693888 216.107971
v 240.723679 243.050018 16.108477
v 238.355255 228.631851 52.681740
v 247.098999 258.967529 -0.931522
v 244.741180 236.115692 51.396877
v 283.779510 226.669220 111.553696
v 239.897079 222.433685 77.890923
v 237.863663 238.377548 17.646143
v 350.325348 264.566803 72.348160
v 245.801941 259.151703 -2.956218
v 230.464493 213.785080 98.922180
v 248.230209 211.953644 103.293404
v 348.386047 275.613739 62.150379
v 243.828674 262.741791 -4.366880
v 314.853333 246.363937 93.841362
v 334.348450 250.555405 93.501320
v 237.889557 235.936584 25.307560
v 271.498138 224.618256 112.117500
v 308.391693 240.410324 100.479874
v 236.395645 241.354584 12.651840
v 349.477692 284.187073 57.347736
v 227.123764 230.512085 37.308620
v 242.829315 228.757202 64.040916
v 245.177689 218.034058 100.858795
v 265.204285 213.052063 114.892181
v 292.752136 235.305695 102.599579
v 241.697098 235.413361 43.469296
v 242.490311 247.889069 7.327602
v 238.934723 215.568069 97.087082
v 235.788116 223.305237 69.173744
v 241.827805 239.402405 34.910702
v 322.759796 244.954880 100.138481
v 339.844604 257.447937 83.047203
v 229.515640 219.293442 86.023376
v 282.607300 233.477264 104.468384
v 245.497345 225.096634 89.643097
v 243.780167 219.778564 93.048874
v 234.861847 219.019699 85.872002
v 270.748108 217.932343 118.870941
v 314.219788 255.370636 86.268280
v 239.669571 218.383453 90.669579
v 258.932556 206.689178 107.705482
v 233.557220 225.667831 58.360600
v 249.360138 271.243317 -5.838438
v 343.500000 266.944427 72.045883
v 232.464966 233.638016 26.763262
v 261.211365 45.820465 149.822144
vn -0.824923 -0.127519 -0.550673
vn -0.824923 -0.127519 -0.550673
vn -0.824923 -0.127519 -0.550673
vn -0.968921 0.237841 -0.067994
vn -0.968921 0.237841 -0.067994
vn -0.968921 0.237841 -0.067994
vn -0.207019 0.908807 0.362234
vn -0.207019 0.908807 0.362234
vn -0.207019 0.908807 0.362234
vn 0.385716 0.820926 0.421074
vn 0.385716 0.820926 0.421074
vn 0.385716 0.820926 0.421074
vn -0.073985 0.826430 0.558157
vn -0.073985 0.826430 0.558157
vn -0.073985 0.826430 0.558157
vn -0.428472 0.692629 0.580239
vn -0.428472 0.692629 0.580239
vn -0.428472 0.692629 0.580239
vn -0.126307 0.984942 0.118052
vn -0.126307 0.984942 0.118052
vn -0.126307 0.984942 0.118052
vn 0.783577 0.564038 0.260514
vn 0.783577 0.564039 0.260514
vn 0.783577 0.564039 0.260514
vn -0.863226 -0.504390 -0.020774
vn -0.863226 -0.504390 -0.020774
vn -0.863226 -0.504390 -0.020774
vn 0.297709 -0.901513 -0.314076
vn 0.297709 -0.901513 -0.314076
vn 0.297710 -0.901513 -0.314076
vn -0.967512 -0.247962 0.049348
vn -0.967512 -0.247962 0.049348
vn -0.967512 -0.247962 0.049348
vn 0.830218 0.425611 0.359991
vn 0.830218 0.425611 0.359991
vn 0.830218 0.425611 0.359991
vn -0.536763 0.830580 0.148402
vn -0.536763 0.830580 0.148402
vn -0.536763 0.830580 0.148402
vn -0.134268 0.982943 0.125680
vn -0.134268 0.982943 0.125680
vn -0.134268 0.982943 0.125680
vn -0.845401 -0.531060 -0.057203
vn -0.845401 -0.531060 -0.057203
vn -0.845401 -0.531060 -0.057203
vn 0.067734 0.902695 0.424917
vn 0.067734 0.902695 0.424917
vn 0.067734 0.902695 0.424917
vn 0.810269 0.497681 0.309479
vn 0.810270 0.497681 0.309479
vn 0.810270 0.497681 0.309479
vn 0.715843 0.616401 0.328052
vn 0.715843 0.616401 0.328052
vn 0.715843 0.616401 0.328052
vn -0.678153 0.152553 -0.718913
vn -0.678153 0.152553 -0.718913
vn -0.678153 0.152553 -0.718913
vn 0.380844 0.883048 0.274196
vn 0.380844 0.883048 0.274196
vn 0.380844 0.883048 0.274196
vn 0.637701 0.749527 0.177616
vn 0.637701 0.749527 0.177616
vn 0.637701 0.749527 0.177616
vn 0.066877 0.669652 0.739658
vn 0.066877 0.669652 0.739658
vn 0.066877 0.669652 0.739658
vn 0.121661 0.904951 0.407752
vn 0.121661 0.904951 0.407752
vn 0.121661 0.904951 0.407752
vn -0.200636 0.250516 -0.947094
vn -0.200636 0.250516 -0.947094
vn -0.200636 0.250516 -0.947094
vn 0.116385 0.941326 0.316795
vn 0.116385 0.941326 0.316795
vn 0.116385 0.941326 0.316795
vn -0.330858 0.859816 0.388909
vn -0.330858 0.859816 0.388909
vn -0.330858 0.859816 0.388909
vn -0.859057 0.511143 -0.027463
vn -0.859057 0.511143 -0.027463
vn -0.859057 0.511143 -0.027463
vn -0.182756 0.961432 -0.205544
vn -0.182756 0.961432 -0.205544
vn -0.182756 0.961432 -0.205544
vn -0.898252 0.147060 -0.414146
vn -0.898252 0.147060 -0.414146
vn -0.898252 0.147060 -0.414146
vn -0.970182 -0.218844 -0.104186
vn -0.970182 -0.218844 -0.104186
vn -0.970182 -0.218844 -0.104186
vn -0.870059 -0.422892 0.253299
vn -0.870059 -0.422892 0.253299
vn -0.870059 -0.422892 0.253299
vn -0.173838 0.980030 -0.096547
vn -0.173838 0.980030 -0.096547
vn -0.173838 0.980030 -0.096547
vn -0.182606 0.977069 -0.109504
vn -0.182606 0.977069 -0.109504
vn -0.182606 0.977069 -0.109504
vn -0.131318 0.938415 -0.319581
vn -0.131318 0.938415 -0.319581
vn -0.131318 0.938416 -0.319581
vn -0.078211 0.941426 0.328026
vn -0.078211 0.941426 0.328026
vn -0.078211 0.941425 0.328026
vn -0.152183 0.984375 -0.088578
vn -0.152183 0.984375 -0.088578
vn -0.152183 0.984375 -0.088578
vn -0.382515 0.229921 -0.894885
vn -0.382515 0.229921 -0.894885
vn -0.382515 0.229921 -0.894885
vn -0.951229 0.288657 -0.108812
vn -0.951229 0.288657 -0.108812
vn -0.951229 0.288657 -0.108812
vn -0.157649 0.962349 -0.221431
vn -0.157649 0.962349 -0.221431
vn -0.157649 0.962349 -0.221431
vn -0.575131 0.707165 0.411269
vn -0.575131 0.707165 0.411269
vn -0.575131 0.707165 0.411269
vn 0.165352 0.717130 0.677040
vn 0.165352 0.717130 0.677040
vn 0.165352 0.717130 0.677040
vn 0.537944 0.805415 0.248844
vn 0.537944 0.805415 0.248844
vn 0.537944 0.805415 0.248844
vn -0.161677 0.985473 0.051999
vn -0.161677 0.985473 0.051999
vn -0.161677 0.985473 0.051999
vn -0.950394 0.281303 -0.132738
vn -0.950394 0.281303 -0.132738
vn -0.950394 0.281303 -0.132738
vn -0.096660 0.993675 -0.057161
vn -0.096660 0.993675 -0.057161
vn -0.096660 0.993675 -0.057161
vn -0.107124 0.994245 0.000625
vn -0.107124 0.994245 0.000625
vn -0.107124 0.994246 0.000625
vn 0.271815 0.850473 0.450347
vn 0.271815 0.850473 0.450347
vn 0.271815 0.850473 0.450347
vn -0.243840 0.932816 0.265323
vn -0.243840 0.932816 0.265323
vn -0.243840 0.932816 0.265323
vn -0.381530 0.886218 0.262777
vn -0.381530 0.886218 0.262777
vn -0.381530 0.886218 0.262777
vn -0.069630 0.990243 -0.120707
vn -0.069630 0.990243 -0.120707
vn -0.069630 0.990243 -0.120707
vn -0.867853 -0.486165 0.102342
vn -0.867853 -0.486165 0.102342
vn -0.867853 -0.486165 0.102342
vn 0.689753 0.620615 0.372932
vn 0.689753 0.620615 0.372932
vn 0.689753 0.620615 0.372932
vn 0.781607 0.602569 0.161247
vn 0.781607 0.602570 0.161247
vn 0.781607 0.602570 0.161247
vn 0.808425 0.452952 0.375877
vn 0.808425 0.452952 0.375877
vn 0.808425 0.452952 0.375877
vn -0.778609 0.440622 -0.446789
vn -0.778609 0.440622 -0.446789
vn -0.778609 0.440622 -0.446789
vn 0.052985 0.980673 -0.188345
vn 0.052985 0.980672 -0.188345
vn 0.052985 0.980673 -0.188345
vn 0.364580 0.699776 -0.614325
vn 0.364580 0.699776 -0.614325
vn 0.364580 0.699776 -0.614325
vn 0.101301 0.855351 0.508049
vn 0.101301 0.855350 0.508049
vn 0.101301 0.855351 0.508049
vn -0.837573 -0.546079 -0.016433
vn -0.837573 -0.546079 -0.016433
vn -0.837573 -0.546079 -0.016433
vn -0.268260 0.903726 0.333641
vn -0.268260 0.903726 0.333641
vn -0.268260 0.903726 0.333641
vn -0.545920 0.796702 0.259303
vn -0.545920 0.796701 0.259303
vn -0.545920 0.796701 0.259303
vn -0.026770 0.896164 0.442914
vn -0.026770 0.896164 0.442914
vn -0.026770 0.896164 0.442914
vn -0.990827 -0.008759 -0.134850
vn -0.990827 -0.008759 -0.134850
vn -0.990827 -0.008759 -0.134850
vn -0.372283 0.843971 0.386160
vn -0.372283 0.843971 0.386160
vn -0.372283 0.843971 0.386160
vn -0.699302 -0.705902 -0.112598
vn -0.699302 -0.705902 -0.112598
vn -0.699302 -0.705903 -0.112598
vn -0.068906 0.813993 0.576773
vn -0.068906 0.813993 0.576773
vn -0.068906 0.813993 0.576773
vn 0.561644 0.318151 0.763764
vn 0.561644 0.318151 0.763764
vn 0.561644 0.318151 0.763765
vn 0.548301 0.715592 0.432774
vn 0.548301 0.715592 0.432774
vn 0.548301 0.715592 0.432774
vn -0.956146 -0.270077 0.113328
vn -0.956146 -0.270077 0.113328
vn -0.956146 -0.270077 0.113328
vn -0.411332 -0.042766 0.910482
vn -0.411332 -0.042766 0.910482
vn -0.411332 -0.042766 0.910482
vn -0.196209 0.298506 0.934022
vn -0.196209 0.298506 0.934022
vn -0.196209 0.298506 0.934022
vn -0.203302 0.317194 0.926313
vn -0.203302 0.317194 0.926313
vn -0.203302 0.317194 0.926313
vn -0.097598 0.976979 0.189699
vn -0.097598 0.976979 0.189699
vn -0.097598 0.976979 0.189699
vn -0.394434 0.774217 0.494984
vn -0.394434 0.774217 0.494984
vn -0.394434 0.774217 0.494984
vn -0.105844 0.575111 0.811200
vn -0.105844 0.575111 0.811200
vn -0.105844 0.575111 0.811200
vn 0.552740 0.831424 0.056675
vn 0.552740 0.831424 0.056675
vn 0.552740 0.831424 0.056675
vn -0.775831 -0.623214 -0.098439
vn -0.775831 -0.623214 -0.098439
vn -0.775831 -0.623214 -0.098439
vn 0.552376 0.761970 0.338057
vn 0.552376 0.761970 0.338057
vn 0.552376 0.761970 0.338057
vn -0.158412 -0.224521 0.961507
vn -0.158412 -0.224521 0.961507
vn -0.158412 -0.224521 0.961507
vn -0.332244 0.632558 0.699631
vn -0.332244 0.632558 0.699631
vn -0.332244 0.632558 0.699631
vn 0.301611 0.908298 0.289872
vn 0.301611 0.908298 0.289872
vn 0.301611 0.908298 0.289872
vn -0.414957 0.820809 0.392535
vn -0.414957 0.820808 0.392535
vn -0.414957 0.820808 0.392535
vn -0.352657 0.366628 0.860939
vn -0.352657 0.366628 0.860939
vn -0.352657 0.366628 0.860939
vn -0.888657 0.401304 -0.221908
vn -0.888657 0.401304 -0.221908
vn -0.888657 0.401304 -0.221908
vn 0.018187 -0.527851 -0.849142
vn 0.018187 -0.527851 -0.849142
vn 0.018187 -0.527851 -0.849142
vn 0.052483 0.062347 -0.996674
vn 0.052483 0.062347 -0.996674
vn 0.052483 0.062347 -0.996674
vn 0.165977 0.882556 0.439940
vn 0.165977 0.882556 0.439940
vn 0.165977 0.882556 0.439940
vn -0.213769 -0.232199 0.948887
vn -0.213769 -0.232199 0.948887
vn -0.213769 -0.232199 0.948887
vn 0.137303 0.119014 0.983353
vn 0.137303 0.119014 0.983353
vn 0.137303 0.119014 0.983353
vn -0.091079 0.502888 0.859540
vn -0.091079 0.502888 0.859540
vn -0.091079 0.502888 0.859540
vn 0.897284 0.285137 -0.337012
vn 0.897284 0.285137 -0.337012
vn 0.897284 0.285137 -0.337012
vn -0.989329 -0.133533 -0.058277
vn -0.989329 -0.133533 -0.058277
vn -0.989330 -0.133533 -0.058277
vn -0.244359 0.966190 -0.082259
vn -0.244359 0.966189 -0.082259
vn -0.244359 0.966190 -0.082259
vn 0.782669 0.601148 0.161402
vn 0.782669 0.601148 0.161402
vn 0.782669 0.601148 0.161402
vn -0.996300 -0.039056 -0.076563
vn -0.996299 -0.039056 -0.076563
vn -0.996300 -0.039056 -0.076563
vn -0.983711 0.069354 -0.165836
vn -0.983711 0.069354 -0.165836
vn -0.983712 0.069354 -0.165836
vn 0.717729 0.618503 0.319872
vn 0.717729 0.618503 0.319872
vn 0.717729 0.618503 0.319872
vn 0.029623 0.999289 0.023306
vn 0.029623 0.999289 0.023306
vn 0.029623 0.999289 0.023306
vn -0.042141 0.464807 0.884409
vn -0.042141 0.464807 0.884409
vn -0.042141 0.464807 0.884409
vn -0.123744 0.641128 0.757392
vn -0.123744 0.641127 0.757392
vn -0.123744 0.641128 0.757392
vn -0.032971 0.591342 0.805747
vn -0.032971 0.591342 0.805747
vn -0.032971 0.591342 0.805747
vn -0.777376 0.289169 0.558631
vn -0.777376 0.289169 0.558631
vn -0.777376 0.289169 0.558631
vn -0.348637 0.854885 0.384218
vn -0.348637 0.854885 0.384218
vn -0.348637 0.854885 0.384218
vn 0.411287 0.745766 0.524096
vn 0.411287 0.745766 0.524096
vn 0.411287 0.745766 0.524096
vn 0.310424 0.907913 0.281658
vn 0.310424 0.907913 0.281658
vn 0.310424 0.907913 0.281658
vn 0.080289 0.992368 -0.093588
vn 0.080289 0.992368 -0.093588
vn 0.080289 0.992368 -0.093588
vn -0.098834 0.868006 0.486619
vn -0.098834 0.868006 0.486619
vn -0.098834 0.868006 0.486619
vn -0.378787 -0.171572 0.909442
vn -0.378787 -0.171572 0.909442
vn -0.378787 -0.171572 0.909441
vn 0.232445 0.136107 0.963039
vn 0.232445 0.136107 0.963039
vn 0.232445 0.136107 0.963039
vn 0.064744 0.449817 0.890771
vn 0.064744 0.449817 0.890771
vn 0.064744 0.449817 0.890771
vn 0.157070 0.359561 -0.919807
vn 0.157070 0.359561 -0.919807
vn 0.157070 0.359561 -0.919807
vn 0.525245 -0.845363 0.097364
vn 0.525245 -0.845363 0.097364
vn 0.525245 -0.845363 0.097364
vn -0.916176 -0.371106 -0.151332
vn -0.916176 -0.371106 -0.151332
vn -0.916176 -0.371106 -0.151332
vn -0.964474 0.241462 -0.107176
vn -0.964474 0.241462 -0.107176
vn -0.964474 0.241462 -0.107176
vn -0.944632 0.170604 -0.280296
vn -0.944632 0.170604 -0.280296
vn -0.944632 0.170604 -0.280296
vn -0.912466 0.311386 -0.265412
vn -0.912466 0.311386 -0.265412
vn -0.912466 0.311386 -0.265412
vn 0.151019 -0.143147 -0.978112
vn 0.151019 -0.143147 -0.978111
vn 0.151019 -0.143147 -0.978112
vn -0.247696 0.183575 -0.951287
vn -0.247696 0.183575 -0.951287
vn -0.247696 0.183575 -0.951287
vn -0.303884 -0.226977 0.925276
vn -0.303884 -0.226977 0.925276
vn -0.303884 -0.226977 0.925276
vn 0.286193 0.281677 0.915834
vn 0.286193 0.281677 0.915834
vn 0.286193 0.281677 0.915834
vn -0.102246 0.748498 0.655207
vn -0.102246 0.748498 0.655207
vn -0.102246 0.748498 0.655207
vn -0.840817 0.083944 -0.534772
vn -0.840817 0.083944 -0.534772
vn -0.840817 0.083944 -0.534772
vn -0.979800 0.033126 -0.197216
vn -0.979800 0.033126 -0.197216
vn -0.979800 0.033126 -0.197216
vn 0.356968 0.158885 -0.920505
vn 0.356968 0.158885 -0.920505
vn 0.356968 0.158885 -0.920505
vn 0.001177 0.071873 0.997413
vn 0.001177 0.071873 0.997413
vn 0.001177 0.071873 0.997413
vn 0.088509 0.228965 0.969402
vn 0.088509 0.228965 0.969403
vn 0.088509 0.228965 0.969402
vn 0.171001 0.485385 0.857415
vn 0.171001 0.485385 0.857415
vn 0.171001 0.485385 0.857415
vn -0.066755 0.700944 0.710085
vn -0.066755 0.700944 0.710085
vn -0.066755 0.700944 0.710085
vn -0.156613 -0.456787 0.875681
vn -0.156613 -0.456787 0.875681
vn -0.156613 -0.456787 0.875681
vn 0.855770 0.112048 -0.505078
vn 0.855770 0.112048 -0.505078
vn 0.855770 0.112048 -0.505078
vn -0.124922 0.960091 0.250238
vn -0.124922 0.960091 0.250238
vn -0.124922 0.960091 0.250238
vn -0.956833 -0.109550 -0.269203
vn -0.956833 -0.109550 -0.269203
vn -0.956833 -0.109550 -0.269203
vn -0.198979 -0.416951 -0.886882
vn -0.198979 -0.416951 -0.886882
vn -0.198979 -0.416951 -0.886882
vn 0.080550 0.564784 0.821298
vn 0.080550 0.564784 0.821298
vn 0.080550 0.564784 0.821298
vn 0.924168 0.328514 -0.194918
vn 0.924168 0.328514 -0.194918
vn 0.924168 0.328514 -0.194918
vn 0.531585 -0.539065 -0.653319
vn 0.531585 -0.539065 -0.653319
vn 0.531585 -0.539065 -0.653319
vn -0.123954 -0.383569 -0.915156
vn -0.123954 -0.383569 -0.915156
vn -0.123954 -0.383569 -0.915156
vn -0.213067 0.910137 0.355322
vn -0.213067 0.910137 0.355322
vn -0.213067 0.910137 0.355322
vn 0.698512 -0.693700 -0.175675
vn 0.698512 -0.693700 -0.175675
vn 0.698512 -0.693700 -0.175675
vn 0.094591 -0.103611 0.990110
vn 0.094591 -0.103611 0.990110
vn 0.094591 -0.103611 0.990110
vn 0.188027 0.438539 0.878823
vn 0.188027 0.438539 0.878823
vn 0.188027 0.438539 0.878823
vn 0.595090 -0.498671 -0.630234
vn 0.595090 -0.498671 -0.630234
vn 0.595090 -0.498671 -0.630234
vn 0.915767 0.397261 -0.059611
vn 0.915767 0.397261 -0.059611
vn 0.915767 0.397261 -0.059611
vn 0.665530 -0.279027 -0.692253
vn 0.665530 -0.279027 -0.692253
vn 0.665530 -0.279027 -0.692253
vn 0.680775 0.438884 -0.586452
vn 0.680775 0.438884 -0.586452
vn 0.680775 0.438884 -0.586452
vn -0.222128 0.974442 0.033503
vn -0.222128 0.974442 0.033503
vn -0.222128 0.974442 0.033503
vn -0.051274 0.988670 0.141078
vn -0.051274 0.988670 0.141078
vn -0.051274 0.988670 0.141078
vn -0.399722 0.279128 0.873103
vn -0.399722 0.279128 0.873103
vn -0.399722 0.279128 0.873103
vn 0.047943 -0.418429 0.906983
vn 0.047943 -0.418429 0.906983
vn 0.047943 -0.418429 0.906983
vn 0.096640 -0.104629 0.989805
vn 0.096640 -0.104628 0.989805
vn 0.096640 -0.104629 0.989805
vn 0.028161 -0.356114 0.934018
vn 0.028161 -0.356114 0.934018
vn 0.028161 -0.356114 0.934018
vn 0.219612 0.595950 0.772408
vn 0.219612 0.595950 0.772408
vn 0.219612 0.595950 0.772408
vn 0.513023 -0.857442 -0.039998
vn 0.513023 -0.857442 -0.039998
vn 0.513023 -0.857442 -0.039998
vn 0.824500 -0.251231 -0.507033
vn 0.824500 -0.251231 -0.507033
vn 0.824500 -0.251231 -0.507033
vn 0.981147 0.015052 -0.192676
vn 0.981147 0.015052 -0.192676
vn 0.981147 0.015052 -0.192676
vn -0.603895 0.621664 -0.498844
vn -0.603895 0.621664 -0.498844
vn -0.603895 0.621664 -0.498844
vn -0.893116 0.196811 -0.404487
vn -0.893116 0.196811 -0.404487
vn -0.893116 0.196811 -0.404487
vn -0.735797 -0.655001 -0.171979
vn -0.735797 -0.655001 -0.171979
vn -0.735797 -0.655001 -0.171979
vn -0.768168 -0.633153 -0.095049
vn -0.768168 -0.633153 -0.095049
vn -0.768168 -0.633153 -0.095049
vn -0.329961 0.301113 0.894682
vn -0.329961 0.301113 0.894682
vn -0.329961 0.301113 0.894682
vn -0.260757 0.363457 0.894374
vn -0.260757 0.363457 0.894374
vn -0.260757 0.363457 0.894374
vn -0.175552 0.151759 0.972703
vn -0.175552 0.151759 0.972703
vn -0.175552 0.151759 0.972703
vn 0.128308 0.286581 0.949425
vn 0.128308 0.286581 0.949425
vn 0.128308 0.286581 0.949425
vn 0.206250 0.524975 0.825749
vn 0.206250 0.524975 0.825749
vn 0.206250 0.524975 0.825749
vn 0.240176 -0.292859 0.925500
vn 0.240176 -0.292859 0.925500
vn 0.240176 -0.292859 0.925500
vn 0.237127 0.423944 0.874095
vn 0.237127 0.423944 0.874095
vn 0.237127 0.423944 0.874095
vn 0.986992 0.157911 -0.030174
vn 0.986992 0.157911 -0.030174
vn 0.986992 0.157911 -0.030174
vn -0.937046 0.342187 0.069662
vn -0.937046 0.342187 0.069662
vn -0.937046 0.342187 0.069662
vn -0.713932 -0.126006 -0.688784
vn -0.713932 -0.126006 -0.688784
vn -0.713932 -0.126006 -0.688784
vn 0.020057 0.921742 -0.387285
vn 0.020057 0.921742 -0.387284
vn 0.020057 0.921742 -0.387284
vn 0.004539 0.884832 0.465889
vn 0.004539 0.884832 0.465888
vn 0.004539 0.884832 0.465888
vn -0.325918 0.383381 0.864174
vn -0.325918 0.383381 0.864174
vn -0.325918 0.383381 0.864174
vn 0.917219 -0.377561 -0.127109
vn 0.917219 -0.377562 -0.127109
vn 0.917219 -0.377561 -0.127109
vn -0.071090 -0.768726 0.635615
vn -0.071090 -0.768726 0.635615
vn -0.071090 -0.768726 0.635615
vn 0.025130 0.647000 0.762076
vn 0.025130 0.647000 0.762076
vn 0.025130 0.647000 0.762076
vn 0.883578 -0.409202 0.227693
vn 0.883578 -0.409202 0.227693
vn 0.883578 -0.409202 0.227693
vn -0.999713 0.013080 0.020064
vn -0.999713 0.013080 0.020064
vn -0.999713 0.013080 0.020064
vn 0.086733 -0.711148 -0.697672
vn 0.086733 -0.711148 -0.697672
vn 0.086733 -0.711147 -0.697672
vn 0.956720 0.290844 0.009861
vn 0.956720 0.290844 0.009861
vn 0.956720 0.290844 0.009861
vn -0.999673 0.009401 0.023768
vn -0.999673 0.009401 0.023768
vn -0.999673 0.009401 0.023768
vn 0.990187 0.132539 0.044302
vn 0.990187 0.132539 0.044302
vn 0.990187 0.132539 0.044302
vn -0.721146 -0.691570 0.040991
vn -0.721146 -0.691570 0.040991
vn -0.721146 -0.691570 0.040991
vn -0.334910 0.872827 0.354978
vn -0.334910 0.872827 0.354978
vn -0.334910 0.872827 0.354978
vn -0.227017 0.952870 -0.201253
vn -0.227017 0.952870 -0.201253
vn -0.227017 0.952870 -0.201253
vn -0.889844 -0.454007 0.045336
vn -0.889844 -0.454007 0.045336
vn -0.889844 -0.454007 0.045336
vn 0.178455 0.958497 -0.222345
vn 0.178455 0.958497 -0.222345
vn 0.178455 0.958497 -0.222345
vn -0.306966 0.337296 0.889946
vn -0.306966 0.337296 0.889946
vn -0.306966 0.337296 0.889946
vn 0.021958 -0.996973 0.074582
vn 0.021958 -0.996973 0.074582
vn 0.021958 -0.996973 0.074582
vn 0.178565 -0.416490 0.891432
vn 0.178565 -0.416490 0.891432
vn 0.178565 -0.416490 0.891432
vn 0.013441 -0.837846 0.545740
vn 0.013441 -0.837846 0.545740
vn 0.013441 -0.837847 0.545740
vn -0.052193 -0.766076 0.640627
vn -0.052193 -0.766076 0.640627
vn -0.052193 -0.766077 0.640627
vn 0.161570 -0.017017 0.986714
vn 0.161570 -0.017017 0.986714
vn 0.161570 -0.017017 0.986714
vn 0.979297 0.129529 -0.155562
vn 0.979297 0.129529 -0.155562
vn 0.979297 0.129529 -0.155562
vn 0.814015 -0.294067 -0.500903
vn 0.814015 -0.294067 -0.500903
vn 0.814015 -0.294067 -0.500903
vn 0.858578 -0.430212 -0.278857
vn 0.858578 -0.430212 -0.278857
vn 0.858578 -0.430212 -0.278857
vn 0.687318 -0.528456 -0.498326
vn 0.687318 -0.528456 -0.498326
vn 0.687318 -0.528456 -0.498326
vn -0.034770 0.996960 0.069728
vn -0.034770 0.996960 0.069728
vn -0.034770 0.996960 0.069728
vn -0.461668 0.178476 0.868912
vn -0.461668 0.178476 0.868912
vn -0.461668 0.178476 0.868912
vn 0.048969 0.108539 0.992885
vn 0.048969 0.108539 0.992885
vn 0.048969 0.108539 0.992885
vn 0.248318 0.707265 0.661902
vn 0.248318 0.707265 0.661902
vn 0.248318 0.707265 0.661902
vn 0.200834 0.352426 0.914036
vn 0.200834 0.352426 0.914036
vn 0.200834 0.352426 0.914036
vn 0.192132 -0.079168 0.978171
vn 0.192132 -0.079168 0.978171
vn 0.192132 -0.079168 0.978171
vn 0.564196 0.378187 0.733933
vn 0.564196 0.378187 0.733933
vn 0.564196 0.378187 0.733933
vn 0.988528 0.107594 -0.106003
vn 0.988528 0.107594 -0.106003
vn 0.988528 0.107594 -0.106003
vn 0.926657 -0.071751 -0.368997
vn 0.926657 -0.071751 -0.368997
vn 0.926657 -0.071751 -0.368997
vn -0.303168 0.947873 0.098106
vn -0.303168 0.947873 0.098106
vn -0.303168 0.947873 0.098106
vn -0.241166 0.967556 -0.075324
vn -0.241166 0.967556 -0.075324
vn -0.241166 0.967556 -0.075324
vn 0.017081 0.908019 0.418580
vn 0.017081 0.908019 0.418580
vn 0.017081 0.908019 0.418580
vn -0.145937 0.964126 -0.221727
vn -0.145937 0.964126 -0.221727
vn -0.145937 0.964126 -0.221727
vn 0.427873 0.900196 -0.081068
vn 0.427873 0.900196 -0.081068
vn 0.427873 0.900196 -0.081068
vn -0.368373 -0.359823 0.857222
vn -0.368373 -0.359823 0.857222
vn -0.368373 -0.359823 0.857222
vn -0.412575 -0.206558 0.887195
vn -0.412575 -0.206558 0.887195
vn -0.412575 -0.206558 0.887195
vn -0.216656 -0.015828 0.976120
vn -0.216656 -0.015828 0.976120
vn -0.216656 -0.015828 0.976120
vn -0.406100 0.288278 0.867167
vn -0.406100 0.288278 0.867167
vn -0.406100 0.288278 0.867167
vn -0.229955 0.148019 0.961879
vn -0.229955 0.148019 0.961879
vn -0.229955 0.148019 0.961879
vn -0.169478 0.280665 0.944724
vn -0.169478 0.280665 0.944724
vn -0.169478 0.280665 0.944724
vn 0.337963 0.420679 0.841909
vn 0.337963 0.420679 0.841909
vn 0.337963 0.420679 0.841909
vn 0.238967 0.520484 0.819751
vn 0.238967 0.520484 0.819751
vn 0.238967 0.520484 0.819751
vn 0.939404 -0.010261 -0.342658
vn 0.939404 -0.010261 -0.342658
vn 0.939404 -0.010261 -0.342658
vn -0.158864 -0.526987 0.834893
vn -0.158864 -0.526987 0.834893
vn -0.158864 -0.526987 0.834894
vn -0.246136 0.620907 0.744239
vn -0.246136 0.620907 0.744239
vn -0.246136 0.620907 0.744239
vn 0.257923 -0.243588 0.934955
vn 0.257923 -0.243588 0.934955
vn 0.257923 -0.243588 0.934955
vn 0.062326 -0.032765 0.997518
vn 0.062326 -0.032765 0.997518
vn 0.062326 -0.032765 0.997518
vn 0.419259 0.432420 0.798270
vn 0.419259 0.432420 0.798270
vn 0.419259 0.432420 0.798270
vn 0.027779 0.910491 0.412595
vn 0.027779 0.910491 0.412595
vn 0.027779 0.910491 0.412595
vn -0.111957 -0.035607 0.993075
vn -0.111957 -0.035607 0.993075
vn -0.111957 -0.035607 0.993075
vn 0.248692 -0.450370 0.857507
vn 0.248692 -0.450370 0.857507
vn 0.248692 -0.450370 0.857507
vn 0.759106 -0.260645 0.596509
vn 0.759106 -0.260645 0.596509
vn 0.759106 -0.260645 0.596509
vn -0.806331 -0.361041 0.468486
vn -0.806331 -0.361041 0.468486
vn -0.806331 -0.361041 0.468486
vn 0.862794 0.468412 0.190201
vn 0.862794 0.468412 0.190201
vn 0.862794 0.468412 0.190201
vn -0.989658 0.032810 -0.139645
vn -0.989658 0.032810 -0.139645
vn -0.989658 0.032810 -0.139645
vn -0.473458 -0.290909 -0.831390
vn -0.473458 -0.290909 -0.831390
vn -0.473458 -0.290909 -0.831390
vn -0.098659 -0.338887 0.935640
vn -0.098659 -0.338887 0.935640
vn -0.098659 -0.338886 0.935640
vn -0.317261 -0.025252 0.948002
vn -0.317261 -0.025252 0.948002
vn -0.317261 -0.025252 0.948002
vn -0.175138 0.279520 0.944031
vn -0.175138 0.279520 0.944031
vn -0.175138 0.279520 0.944032
vn 0.376392 -0.253393 0.891135
vn 0.376392 -0.253393 0.891135
vn 0.376392 -0.253393 0.891135
vn -0.363940 -0.514194 -0.776629
vn -0.363940 -0.514194 -0.776629
vn -0.363940 -0.514193 -0.776629
vn -0.342427 0.205754 0.916738
vn -0.342427 0.205754 0.916738
vn -0.342427 0.205754 0.916738
vn 0.863430 -0.473783 0.173256
vn 0.863430 -0.473783 0.173256
vn 0.863430 -0.473783 0.173256
vn 0.784307 0.505774 0.359241
vn 0.784307 0.505774 0.359241
vn 0.784307 0.505774 0.359241
vn -0.233093 0.263911 0.935959
vn -0.233093 0.263911 0.935959
vn -0.233093 0.263911 0.935959
vn -0.306434 0.354003 0.883618
vn -0.306434 0.354003 0.883618
vn -0.306434 0.354003 0.883618
vn -0.132050 0.347058 0.928501
vn -0.132050 0.347058 0.928501
vn -0.132050 0.347058 0.928501
vn -0.149232 0.435962 0.887506
vn -0.149232 0.435962 0.887506
vn -0.149232 0.435962 0.887506
vn -0.220937 -0.155935 0.962741
vn -0.220937 -0.155935 0.962741
vn -0.220937 -0.155935 0.962741
vn 0.202090 -0.538445 0.818069
vn 0.202090 -0.538445 0.818069
vn 0.202090 -0.538445 0.818069
vn 0.598878 0.196829 -0.776276
vn 0.598878 0.196829 -0.776275
vn 0.598878 0.196829 -0.776276
vn -0.959403 0.022776 0.281120
vn -0.959402 0.022776 0.281120
vn -0.959403 0.022776 0.281120
vn -0.885616 0.464407 0.003359
vn -0.885616 0.464407 0.003359
vn -0.885616 0.464407 0.003359
vn -0.256775 0.856148 0.448416
vn -0.256775 0.856148 0.448416
vn -0.256775 0.856148 0.448416
vn 0.232696 -0.734994 -0.636896
vn 0.232696 -0.734994 -0.636896
vn 0.232696 -0.734994 -0.636896
vn -0.304454 -0.878082 -0.369161
vn -0.304454 -0.878082 -0.369161
vn -0.304454 -0.878082 -0.369161
vn -0.204423 -0.166184 0.964673
vn -0.204423 -0.166184 0.964673
vn -0.204423 -0.166184 0.964673
vn -0.116922 -0.333709 0.935397
vn -0.116922 -0.333709 0.935397
vn -0.116922 -0.333709 0.935397
vn -0.061898 -0.148175 0.987022
vn -0.061898 -0.148175 0.987022
vn -0.061898 -0.148175 0.987022
vn -0.089207 -0.113812 0.989489
vn -0.089207 -0.113812 0.989489
vn -0.089207 -0.113812 0.989489
vn -0.051738 -0.062572 0.996698
vn -0.051738 -0.062572 0.996699
vn -0.051738 -0.062572 0.996698
vn -0.195973 0.320823 0.926643
vn -0.195973 0.320823 0.926643
vn -0.195973 0.320823 0.926643
vn 0.279385 0.720554 0.634623
vn 0.279385 0.720554 0.634623
vn 0.279385 0.720554 0.634623
vn -0.230552 0.656447 0.718278
vn -0.230552 0.656447 0.718277
vn -0.230552 0.656447 0.718278
vn 0.983488 0.048032 -0.174484
vn 0.983488 0.048032 -0.174484
vn 0.983488 0.048032 -0.174484
vn 0.021339 0.512604 0.858360
vn 0.021339 0.512604 0.858360
vn 0.021339 0.512604 0.858360
vn 0.198063 0.355983 0.913262
vn 0.198063 0.355983 0.913262
vn 0.198062 0.355983 0.913262
vn -0.319412 0.866805 0.382918
vn -0.319412 0.866804 0.382918
vn -0.319412 0.866804 0.382918
vn -0.875595 -0.157124 -0.456778
vn -0.875595 -0.157124 -0.456778
vn -0.875595 -0.157124 -0.456778
vn -0.001502 -0.257168 0.966366
vn -0.001502 -0.257168 0.966365
vn -0.001502 -0.257168 0.966365
vn -0.000006 -0.185124 0.982715
vn -0.000006 -0.185124 0.982715
vn -0.000006 -0.185124 0.982715
vn -0.131898 0.269880 0.953817
vn -0.131898 0.269880 0.953817
vn -0.131898 0.269880 0.953817
vn 0.082210 0.270049 0.959331
vn 0.082210 0.270049 0.959331
vn 0.082210 0.270049 0.959331
vn 0.003546 0.423938 0.905684
vn 0.003546 0.423938 0.905684
vn 0.003546 0.423938 0.905684
vn 0.552268 -0.147611 0.820495
vn 0.552268 -0.147611 0.820494
vn 0.552268 -0.147611 0.820495
vn -0.012793 0.155897 0.987690
vn -0.012793 0.155897 0.987690
vn -0.012793 0.155897 0.987690
vn -0.639463 -0.273331 -0.718594
vn -0.639463 -0.273331 -0.718594
vn -0.639463 -0.273331 -0.718594
vn -0.128606 0.297713 0.945953
vn -0.128606 0.297713 0.945953
vn -0.128606 0.297713 0.945953
vn -0.150483 0.591882 0.791853
vn -0.150483 0.591882 0.791853
vn -0.150483 0.591882 0.791853
vn -0.534778 0.315945 -0.783704
vn -0.534778 0.315945 -0.783704
vn -0.534778 0.315945 -0.783704
vn 0.116996 -0.145981 0.982345
vn 0.116996 -0.145981 0.982345
vn 0.116996 -0.145981 0.982345
vn 0.394455 -0.596673 0.698847
vn 0.394455 -0.596673 0.698847
vn 0.394455 -0.596672 0.698847
vn -0.677259 -0.221878 0.701491
vn -0.677259 -0.221878 0.701491
vn -0.677259 -0.221878 0.701491
vn 0.397523 0.883859 0.246512
vn 0.397523 0.883859 0.246512
vn 0.397523 0.883859 0.246512
vn 0.584346 0.725332 0.363913
vn 0.584346 0.725332 0.363913
vn 0.584346 0.725332 0.363914
vn -0.301967 0.436661 -0.847434
vn -0.301967 0.436661 -0.847434
vn -0.301967 0.436661 -0.847434
vn -0.071857 -0.419366 0.904969
vn -0.071857 -0.419366 0.904969
vn -0.071857 -0.419366 0.904969
vn 0.063064 0.328162 0.942514
vn 0.063064 0.328162 0.942514
vn 0.063064 0.328162 0.942514
vn -0.032678 0.382121 0.923535
vn -0.032678 0.382121 0.923535
vn -0.032678 0.382121 0.923535
vn 0.001710 0.520766 0.853698
vn 0.001710 0.520766 0.853698
vn 0.001710 0.520766 0.853698
vn 0.049147 -0.115950 0.992038
vn 0.049147 -0.115950 0.992038
vn 0.049147 -0.115950 0.992038
vn 0.227409 0.147722 0.962530
vn 0.227409 0.147722 0.962530
vn 0.227409 0.147722 0.962530
vn 0.979790 -0.176457 -0.094201
vn 0.979790 -0.176457 -0.094201
vn 0.979790 -0.176457 -0.094201
vn 0.110088 0.690062 0.715328
vn 0.110088 0.690062 0.715328
vn 0.110088 0.690062 0.715328
vn -0.164737 -0.294062 0.941483
vn -0.164737 -0.294062 0.941482
vn -0.164737 -0.294062 0.941482
vn -0.195016 0.855890 0.478980
vn -0.195016 0.855890 0.478980
vn -0.195016 0.855890 0.478980
vn -0.152961 -0.829843 -0.536623
vn -0.152961 -0.829843 -0.536623
vn -0.152961 -0.829843 -0.536623
vn 0.024818 0.057183 -0.998055
vn 0.024818 0.057183 -0.998055
vn 0.024818 0.057183 -0.998055
vn -0.286735 -0.189457 0.939089
vn -0.286735 -0.189457 0.939089
vn -0.286735 -0.189457 0.939089
vn -0.329538 -0.057518 0.942389
vn -0.329538 -0.057518 0.942389
vn -0.329538 -0.057518 0.942389
vn 0.065947 0.331655 0.941093
vn 0.065947 0.331655 0.941093
vn 0.065947 0.331655 0.941093
vn -0.157847 0.459383 0.874101
vn -0.157847 0.459383 0.874101
vn -0.157847 0.459383 0.874101
vn -0.083198 -0.186494 0.978927
vn -0.083198 -0.186494 0.978927
vn -0.083198 -0.186494 0.978927
vn 0.023099 0.163564 0.986262
vn 0.023099 0.163564 0.986262
vn 0.023099 0.163564 0.986262
vn 0.990108 0.022110 0.138556
vn 0.990108 0.022110 0.138556
vn 0.990108 0.022110 0.138557
vn -0.172968 -0.149058 0.973583
vn -0.172968 -0.149058 0.973583
vn -0.172968 -0.149058 0.973583
vn -0.026667 0.562238 0.826545
vn -0.026667 0.562238 0.826545
vn -0.026667 0.562238 0.826545
vn 0.281797 0.764696 0.579509
vn 0.281797 0.764696 0.579509
vn 0.281797 0.764696 0.579509
vn 0.223365 0.071315 -0.972123
vn 0.223365 0.071315 -0.972123
vn 0.223365 0.071315 -0.972123
vn 0.169938 -0.940266 -0.294993
vn 0.169938 -0.940266 -0.294993
vn 0.169938 -0.940266 -0.294993
vn -0.016864 -0.577418 0.816275
vn -0.016864 -0.577418 0.816275
vn -0.016864 -0.577418 0.816275
vn -0.057069 -0.402717 0.913544
vn -0.057069 -0.402717 0.913544
vn -0.057069 -0.402717 0.913544
vn -0.103012 -0.339532 0.934936
vn -0.103012 -0.339532 0.934936
vn -0.103012 -0.339532 0.934936
vn -0.270085 0.030881 0.962341
vn -0.270085 0.030881 0.962341
vn -0.270085 0.030881 0.962341
vn -0.240325 -0.064285 0.968561
vn -0.240325 -0.064285 0.968562
vn -0.240325 -0.064285 0.968561
vn 0.122947 -0.126555 0.984311
vn 0.122947 -0.126555 0.984311
vn 0.122947 -0.126555 0.984311
vn 0.086383 -0.084024 0.992712
vn 0.086383 -0.084024 0.992712
vn 0.086383 -0.084024 0.992712
vn -0.014133 0.216575 0.976164
vn -0.014133 0.216575 0.976164
vn -0.014133 0.216575 0.976164
vn 0.010941 0.338176 0.941019
vn 0.010941 0.338176 0.941019
vn 0.010941 0.338176 0.941019
vn 0.127017 0.452818 0.882509
vn 0.127017 0.452819 0.882509
vn 0.127017 0.452819 0.882509
vn -0.020635 -0.514756 0.857088
vn -0.020635 -0.514756 0.857089
vn -0.020635 -0.514756 0.857088
vn -0.170559 0.298862 0.938931
vn -0.170559 0.298862 0.938931
vn -0.170559 0.298862 0.938931
vn 0.153775 0.220356 0.963222
vn 0.153775 0.220356 0.963222
vn 0.153775 0.220356 0.963222
vn -0.097919 0.510900 0.854045
vn -0.097919 0.510900 0.854045
vn -0.097919 0.510900 0.854045
vn 0.439443 -0.897697 0.032083
vn 0.439443 -0.897697 0.032083
vn 0.439443 -0.897697 0.032083
vn -0.274266 0.857569 0.435147
vn -0.274266 0.857569 0.435147
vn -0.274266 0.857569 0.435147
vn -0.342976 0.268291 -0.900215
vn -0.342976 0.268291 -0.900215
vn -0.342976 0.268291 -0.900215
vn 0.042284 -0.418603 0.907185
vn 0.042284 -0.418603 0.907184
vn 0.042284 -0.418603 0.907184
vn 0.118748 -0.125273 0.984990
vn 0.118748 -0.125273 0.984990
vn 0.118748 -0.125273 0.984990
vn 0.332709 0.371264 0.866872
vn 0.332709 0.371264 0.866872
vn 0.332709 0.371264 0.866872
vn -0.305605 -0.352375 0.884555
vn -0.305605 -0.352375 0.884555
vn -0.305605 -0.352375 0.884555
vn 0.293788 0.276685 0.914950
vn 0.293788 0.276685 0.914950
vn 0.293788 0.276685 0.914950
vn 0.094906 0.560992 0.822363
vn 0.094906 0.560992 0.822363
vn 0.094906 0.560992 0.822363
vn -0.289338 0.569476 0.769403
vn -0.289338 0.569476 0.769402
vn -0.289338 0.569476 0.769403
vn 0.147657 0.248659 0.957270
vn 0.147657 0.248659 0.957270
vn 0.147657 0.248659 0.957270
vn 0.079907 0.339164 0.937327
vn 0.079907 0.339164 0.937328
vn 0.079907 0.339164 0.937327
vn 0.093538 0.736082 0.670399
vn 0.093538 0.736082 0.670399
vn 0.093538 0.736082 0.670399
vn 0.735800 -0.656050 -0.167919
vn 0.735800 -0.656050 -0.167919
vn 0.735800 -0.656050 -0.167919
vn 0.348607 0.534541 0.769895
vn 0.348607 0.534541 0.769895
vn 0.348607 0.534541 0.769895
vn -0.548936 0.740776 -0.387195
vn -0.548936 0.740776 -0.387195
vn -0.548936 0.740776 -0.387195
vn 0.804078 0.469553 0.364663
vn 0.804078 0.469553 0.364663
vn 0.804078 0.469553 0.364663
vn -0.328523 -0.396180 0.857388
vn -0.328523 -0.396180 0.857388
vn -0.328523 -0.396180 0.857388
vn -0.674080 -0.023489 0.738284
vn -0.674081 -0.023489 0.738284
vn -0.674080 -0.023489 0.738284
vn 0.113837 -0.163987 0.979872
vn 0.113837 -0.163987 0.979872
vn 0.113837 -0.163987 0.979872
vn 0.114829 -0.157506 0.980819
vn 0.114829 -0.157506 0.980819
vn 0.114829 -0.157506 0.980819
vn -0.070731 0.144049 0.987040
vn -0.070731 0.144049 0.987040
vn -0.070731 0.144049 0.987040
vn -0.030089 0.144244 0.989085
vn -0.030089 0.144244 0.989085
vn -0.030089 0.144244 0.989085
vn -0.015943 0.217414 0.975949
vn -0.015943 0.217414 0.975949
vn -0.015943 0.217414 0.975949
vn 0.070101 0.276895 0.958340
vn 0.070101 0.276895 0.958340
vn 0.070101 0.276895 0.958340
vn 0.067002 0.341330 0.937553
vn 0.067002 0.341330 0.937553
vn 0.067002 0.341330 0.937553
vn -0.019891 0.624374 0.780872
vn -0.019891 0.624374 0.780872
vn -0.019891 0.624374 0.780872
vn 0.097750 0.592487 0.799627
vn 0.097750 0.592487 0.799627
vn 0.097750 0.592487 0.799627
vn -0.024099 0.539720 0.841499
vn -0.024099 0.539720 0.841499
vn -0.024099 0.539720 0.841499
vn -0.060487 -0.111937 0.991873
vn -0.060487 -0.111937 0.991873
vn -0.060487 -0.111937 0.991873
vn 0.049461 -0.178505 0.982695
vn 0.049461 -0.178505 0.982695
vn 0.049461 -0.178505 0.982695
vn 0.264884 0.484867 0.833511
vn 0.264884 0.484867 0.833511
vn 0.264884 0.484867 0.833511
vn -0.132044 -0.733164 0.667110
vn -0.132044 -0.733164 0.667110
vn -0.132044 -0.733164 0.667110
vn 0.152584 0.219465 0.963615
vn 0.152584 0.219465 0.963615
vn 0.152584 0.219465 0.963615
vn 0.834870 0.513598 0.198014
vn 0.834870 0.513598 0.198014
vn 0.834870 0.513598 0.198014
vn -0.153228 -0.311240 0.937897
vn -0.153228 -0.311240 0.937897
vn -0.153228 -0.311240 0.937897
vn 0.118870 0.445133 0.887540
vn 0.118870 0.445133 0.887540
vn 0.118870 0.445133 0.887540
vn 0.089641 0.414289 0.905720
vn 0.089641 0.414289 0.905720
vn 0.089641 0.414289 0.905720
vn 0.027881 0.541377 0.840318
vn 0.027881 0.541377 0.840318
vn 0.027881 0.541377 0.840318
vn 0.094323 -0.045373 0.994507
vn 0.094323 -0.045373 0.994507
vn 0.094323 -0.045373 0.994507
vn -0.080148 0.768095 0.635301
vn -0.080148 0.768094 0.635301
vn -0.080148 0.768095 0.635301
vn 0.120855 0.374224 0.919429
vn 0.120855 0.374224 0.919429
vn 0.120855 0.374224 0.919429
vn 0.029813 0.780611 0.624306
vn 0.029813 0.780611 0.624306
vn 0.029813 0.780611 0.624306
vn -0.069906 -0.203360 0.976605
vn -0.069906 -0.203360 0.976605
vn -0.069906 -0.203360 0.976605
vn 0.149281 -0.384919 0.910798
vn 0.149281 -0.384919 0.910798
vn 0.149281 -0.384919 0.910798
vn 0.038277 -0.223761 0.973892
vn 0.038277 -0.223761 0.973892
vn 0.038277 -0.223761 0.973892
vn -0.116905 0.148992 0.981904
vn -0.116905 0.148992 0.981903
vn -0.116905 0.148992 0.981903
vn 0.021459 0.132764 0.990915
vn 0.021459 0.132764 0.990915
vn 0.021459 0.132764 0.990915
vn 0.142161 0.395283 0.907492
vn 0.142161 0.395283 0.907492
vn 0.142161 0.395283 0.907492
vn 0.045089 0.491505 0.869707
vn 0.045089 0.491505 0.869707
vn 0.045089 0.491505 0.869707
vn 0.872291 -0.349867 -0.341616
vn 0.872291 -0.349867 -0.341616
vn 0.872291 -0.349867 -0.341616
vn 0.199960 0.213954 0.956159
vn 0.199960 0.213954 0.956159
vn 0.199960 0.213954 0.956159
vn 0.107578 0.272146 0.956223
vn 0.107578 0.272146 0.956223
vn 0.107578 0.272146 0.956223
vn 0.991584 0.052407 0.118382
vn 0.991584 0.052407 0.118382
vn 0.991584 0.052407 0.118382
vn 0.292827 0.639125 0.711176
vn 0.292827 0.639125 0.711176
vn 0.292827 0.639125 0.711176
vn 0.904162 0.135239 0.405217
vn 0.904162 0.135239 0.405217
vn 0.904162 0.135239 0.405217
vn 0.267944 -0.928222 -0.258089
vn 0.267944 -0.928222 -0.258089
vn 0.267944 -0.928222 -0.258089
vn -0.014618 0.054799 0.998390
vn -0.014618 0.054799 0.998390
vn -0.014618 0.054799 0.998390
vn 0.013449 0.301924 0.953237
vn 0.013449 0.301924 0.953237
vn 0.013449 0.301924 0.953237
vn 0.097962 0.412773 0.905551
vn 0.097962 0.412773 0.905551
vn 0.097962 0.412773 0.905551
vn 0.085168 0.375919 0.922730
vn 0.085168 0.375919 0.922730
vn 0.085168 0.375919 0.922730
vn -0.231793 0.162572 0.959084
vn -0.231793 0.162572 0.959084
vn -0.231793 0.162572 0.959084
vn -0.164277 0.072678 0.983733
vn -0.164277 0.072678 0.983733
vn -0.164277 0.072678 0.983733
vn 0.121464 0.040670 0.991762
vn 0.121464 0.040670 0.991762
vn 0.121464 0.040670 0.991762
vn 0.377098 -0.315884 0.870640
vn 0.377098 -0.315884 0.870640
vn 0.377098 -0.315884 0.870640
vn -0.124392 0.375498 0.918438
vn -0.124392 0.375498 0.918438
vn -0.124392 0.375498 0.918438
vn -0.240840 0.869880 0.430470
vn -0.240840 0.869880 0.430470
vn -0.240840 0.869880 0.430471
vn -0.081868 0.994174 -0.070119
vn -0.081868 0.994174 -0.070119
vn -0.081868 0.994173 -0.070119
vn 0.172811 -0.709488 -0.683201
vn 0.172811 -0.709488 -0.683201
vn 0.172811 -0.709488 -0.683201
vn -0.941281 -0.176885 -0.287579
vn -0.941281 -0.176885 -0.287579
vn -0.941281 -0.176885 -0.287579
vn -0.152822 0.269717 0.950736
vn -0.152822 0.269717 0.950736
vn -0.152822 0.269717 0.950736
vn -0.021523 0.392002 0.919712
vn -0.021523 0.392002 0.919712
vn -0.021523 0.392002 0.919712
vn 0.117232 0.518282 0.847137
vn 0.117232 0.518282 0.847137
vn 0.117232 0.518282 0.847137
vn -0.027494 0.412756 0.910426
vn -0.027494 0.412756 0.910426
vn -0.027494 0.412757 0.910426
vn -0.047608 -0.713229 0.699313
vn -0.047608 -0.713229 0.699313
vn -0.047608 -0.713229 0.699313
vn 0.026959 -0.508148 0.860848
vn 0.026959 -0.508148 0.860848
vn 0.026959 -0.508148 0.860848
vn 0.081258 0.488016 0.869044
vn 0.081258 0.488016 0.869044
vn 0.081258 0.488016 0.869044
vn -0.051909 -0.415963 0.907899
vn -0.051909 -0.415963 0.907899
vn -0.051909 -0.415963 0.907899
vn -0.221838 0.657735 0.719842
vn -0.221838 0.657735 0.719842
vn -0.221838 0.657735 0.719842
vn 0.293196 0.381159 0.876786
vn 0.293196 0.381159 0.876786
vn 0.293196 0.381159 0.876786
vn -0.145925 0.760733 0.632449
vn -0.145925 0.760733 0.632449
vn -0.145925 0.760733 0.632449
vn -0.768915 0.434834 0.468711
vn -0.768915 0.434834 0.468711
vn -0.768915 0.434834 0.468711
vn 0.061674 0.980925 -0.184342
vn 0.061674 0.980925 -0.184342
vn 0.061674 0.980925 -0.184342
vn 0.053492 -0.455157 0.888803
vn 0.053492 -0.455157 0.888803
vn 0.053492 -0.455157 0.888803
vn 0.106516 -0.226102 0.968262
vn 0.106516 -0.226102 0.968262
vn 0.106516 -0.226102 0.968262
vn 0.208322 0.169168 0.963319
vn 0.208322 0.169168 0.963319
vn 0.208322 0.169168 0.963319
vn -0.090673 0.053909 0.994421
vn -0.090673 0.053909 0.994421
vn -0.090673 0.053909 0.994421
vn -0.254932 0.302536 0.918413
vn -0.254932 0.302536 0.918413
vn -0.254932 0.302536 0.918413
vn -0.044821 0.615501 0.786861
vn -0.044821 0.615501 0.786861
vn -0.044821 0.615501 0.786861
vn 0.491459 -0.827107 -0.272693
vn 0.491459 -0.827107 -0.272693
vn 0.491459 -0.827107 -0.272693
vn 0.156869 0.586738 0.794438
vn 0.156869 0.586738 0.794438
vn 0.156869 0.586738 0.794438
vn -0.381717 0.528665 0.758159
vn -0.381717 0.528665 0.758159
vn -0.381717 0.528665 0.758159
vn -0.344448 0.112570 0.932032
vn -0.344448 0.112570 0.932032
vn -0.344448 0.112570 0.932032
vn -0.135146 0.990641 0.019111
vn -0.135146 0.990641 0.019111
vn -0.135146 0.990641 0.019111
vn 0.239562 -0.162339 0.957213
vn 0.239562 -0.162339 0.957212
vn 0.239563 -0.162339 0.957213
vn 0.240458 -0.257583 0.935859
vn 0.240458 -0.257583 0.935859
vn 0.240458 -0.257583 0.935859
vn 0.333798 -0.009128 0.942601
vn 0.333798 -0.009128 0.942601
vn 0.333798 -0.009128 0.942601
vn 0.296327 0.038093 0.954326
vn 0.296327 0.038093 0.954326
vn 0.296327 0.038093 0.954327
vn -0.968041 0.244457 -0.056018
vn -0.968041 0.244457 -0.056018
vn -0.968041 0.244457 -0.056018
vn 0.349039 -0.705468 0.616836
vn 0.349039 -0.705468 0.616836
vn 0.349039 -0.705468 0.616836
vn -0.151752 0.638201 0.754765
vn -0.151752 0.638201 0.754765
vn -0.151752 0.638201 0.754765
vn 0.149595 0.679589 0.718179
vn 0.149595 0.679589 0.718179
vn 0.149595 0.679589 0.718179
vn -0.176442 0.875470 0.449912
vn -0.176442 0.875470 0.449912
vn -0.176442 0.875470 0.449912
vn 0.259852 -0.280847 0.923906
vn 0.259852 -0.280847 0.923906
vn 0.259852 -0.280847 0.923906
vn 0.360041 0.069541 0.930341
vn 0.360041 0.069541 0.930341
vn 0.360041 0.069541 0.930341
vn 0.332068 0.158136 0.929905
vn 0.332068 0.158136 0.929905
vn 0.332068 0.158136 0.929905
vn 0.333136 0.159683 0.929259
vn 0.333136 0.159683 0.929259
vn 0.333136 0.159683 0.929259
vn 0.371139 0.284400 0.883953
vn 0.371139 0.284401 0.883953
vn 0.371139 0.284400 0.883953
vn -0.312273 0.352636 0.882119
vn -0.312273 0.352636 0.882119
vn -0.312273 0.352636 0.882119
vn 0.404004 0.537013 0.740539
vn 0.404004 0.537013 0.740539
vn 0.404004 0.537013 0.740539
vn 0.388438 0.489245 -0.780868
vn 0.388438 0.489245 -0.780868
vn 0.388438 0.489245 -0.780868
vn 0.244987 0.161104 0.956047
vn 0.244987 0.161104 0.956047
vn 0.244987 0.161104 0.956047
vn 0.252560 0.418329 0.872476
vn 0.252560 0.418329 0.872476
vn 0.252560 0.418329 0.872476
vn -0.074513 -0.866065 -0.494348
vn -0.074513 -0.866065 -0.494348
vn -0.074513 -0.866065 -0.494348
vn 0.177731 0.509092 0.842162
vn 0.177731 0.509092 0.842162
vn 0.177731 0.509092 0.842162
vn 0.212760 0.436394 0.874239
vn 0.212760 0.436394 0.874239
vn 0.212760 0.436394 0.874239
vn -0.754342 0.215278 -0.620180
vn -0.754342 0.215278 -0.620180
vn -0.754342 0.215278 -0.620180
vn -0.045650 0.588999 0.806843
vn -0.045650 0.588999 0.806843
vn -0.045650 0.588999 0.806843
vn 0.119434 0.646852 0.753205
vn 0.119434 0.646852 0.753205
vn 0.119434 0.646852 0.753205
vn -0.189971 0.295120 0.936384
vn -0.189971 0.295120 0.936384
vn -0.189971 0.295120 0.936384
vn 0.368544 0.852804 0.370001
vn 0.368544 0.852804 0.370001
vn 0.368544 0.852804 0.370001
vn 0.489411 -0.160126 -0.857226
vn 0.489411 -0.160126 -0.857226
vn 0.489411 -0.160126 -0.857226
vn 0.195402 -0.054104 0.979230
vn 0.195402 -0.054104 0.979230
vn 0.195402 -0.054104 0.979230
vn 0.388798 -0.201030 0.899124
vn 0.388798 -0.201030 0.899124
vn 0.388798 -0.201030 0.899124
vn 0.038145 0.123575 0.991602
vn 0.038145 0.123575 0.991602
vn 0.038145 0.123575 0.991602
vn -0.104418 0.365928 0.924766
vn -0.104418 0.365928 0.924767
vn -0.104418 0.365928 0.924766
vn -0.021188 0.473302 0.880645
vn -0.021188 0.473302 0.880645
vn -0.021188 0.473302 0.880645
vn -0.058984 0.489264 0.870139
vn -0.058984 0.489264 0.870139
vn -0.058984 0.489264 0.870139
vn -0.089875 0.734463 0.672672
vn -0.089875 0.734463 0.672672
vn -0.089875 0.734463 0.672672
vn -0.148772 -0.723569 -0.674028
vn -0.148772 -0.723570 -0.674028
vn -0.148772 -0.723569 -0.674028
vn 0.250367 -0.829120 -0.499877
vn 0.250367 -0.829120 -0.499877
vn 0.250367 -0.829120 -0.499877
vn 0.514236 0.082912 0.853632
vn 0.514236 0.082912 0.853632
vn 0.514236 0.082912 0.853632
vn 0.240255 0.475262 0.846406
vn 0.240255 0.475262 0.846406
vn 0.240255 0.475262 0.846406
vn -0.868736 0.297430 -0.396021
vn -0.868736 0.297430 -0.396021
vn -0.868736 0.297430 -0.396021
vn -0.238506 -0.057522 0.969436
vn -0.238506 -0.057522 0.969436
vn -0.238506 -0.057522 0.969436
vn 0.072226 0.211631 0.974677
vn 0.072226 0.211631 0.974677
vn 0.072226 0.211630 0.974677
vn 0.023024 0.651331 0.758444
vn 0.023024 0.651331 0.758444
vn 0.023024 0.651331 0.758444
vn 0.013380 0.606562 0.794923
vn 0.013380 0.606562 0.794923
vn 0.013380 0.606562 0.794923
vn -0.044596 0.704039 0.708759
vn -0.044596 0.704039 0.708759
vn -0.044596 0.704039 0.708759
vn 0.895261 -0.224818 0.384663
vn 0.895261 -0.224818 0.384663
vn 0.895261 -0.224818 0.384663
vn 0.613378 -0.774911 -0.152579
vn 0.613378 -0.774911 -0.152579
vn 0.613378 -0.774911 -0.152578
vn -0.028996 0.368191 0.929298
vn -0.028996 0.368191 0.929298
vn -0.028996 0.368191 0.929298
vn 0.018527 -0.343186 0.939085
vn 0.018527 -0.343186 0.939085
vn 0.018527 -0.343186 0.939085
vn -0.908482 -0.046948 -0.415279
vn -0.908482 -0.046948 -0.415279
vn -0.908482 -0.046948 -0.415279
vn 0.026211 0.998714 -0.043393
vn 0.026211 0.998714 -0.043393
vn 0.026211 0.998714 -0.043393
vn -0.037995 0.991261 0.126327
vn -0.037995 0.991261 0.126327
vn -0.037995 0.991261 0.126327
vn -0.239454 -0.417100 0.876749
vn -0.239454 -0.417100 0.876749
vn -0.239454 -0.417100 0.876749
vn -0.054424 -0.137108 0.989060
vn -0.054424 -0.137108 0.989060
vn -0.054424 -0.137108 0.989060
vn -0.115660 0.105109 0.987712
vn -0.115660 0.105109 0.987712
vn -0.115660 0.105109 0.987712
vn 0.142728 -0.239126 0.960441
vn 0.142728 -0.239126 0.960441
vn 0.142728 -0.239126 0.960441
vn 0.061336 0.495566 0.866402
vn 0.061336 0.495566 0.866402
vn 0.061336 0.495566 0.866402
vn 0.109532 0.576442 0.809763
vn 0.109532 0.576443 0.809763
vn 0.109532 0.576442 0.809763
vn 0.442422 -0.847498 -0.293275
vn 0.442422 -0.847498 -0.293275
vn 0.442422 -0.847498 -0.293275
vn 0.151401 0.054797 0.986952
vn 0.151401 0.054797 0.986952
vn 0.151401 0.054797 0.986952
vn 0.177725 0.342313 0.922624
vn 0.177725 0.342313 0.922624
vn 0.177725 0.342313 0.922624
vn 0.201167 0.435770 0.877289
vn 0.201167 0.435770 0.877289
vn 0.201167 0.435770 0.877289
vn -0.115701 0.625529 0.771574
vn -0.115701 0.625529 0.771574
vn -0.115701 0.625529 0.771574
vn -0.937288 0.095987 0.335078
vn -0.937288 0.095987 0.335078
vn -0.937288 0.095987 0.335078
vn -0.355830 -0.141783 0.923733
vn -0.355830 -0.141783 0.923733
vn -0.355830 -0.141783 0.923733
vn 0.233330 -0.011061 0.972335
vn 0.233330 -0.011061 0.972335
vn 0.233330 -0.011061 0.972335
vn 0.486307 -0.227341 0.843695
vn 0.486307 -0.227341 0.843695
vn 0.486307 -0.227341 0.843695
vn 0.386732 0.054564 0.920576
vn 0.386732 0.054564 0.920576
vn 0.386732 0.054564 0.920576
vn 0.424415 0.183479 0.886683
vn 0.424415 0.183479 0.886683
vn 0.424415 0.183479 0.886683
vn 0.296904 0.213832 0.930658
vn 0.296904 0.213833 0.930658
vn 0.296904 0.213832 0.930658
vn 0.421632 0.269035 0.865937
vn 0.421632 0.269035 0.865937
vn 0.421632 0.269035 0.865937
vn -0.997287 0.039421 -0.062161
vn -0.997287 0.039421 -0.062161
vn -0.997287 0.039421 -0.062161
vn 0.935457 -0.353367 0.007257
vn 0.935456 -0.353367 0.007257
vn 0.935456 -0.353367 0.007257
vn 0.261790 0.078194 0.961952
vn 0.261790 0.078194 0.961952
vn 0.261790 0.078194 0.961952
vn -0.133918 0.820821 0.555264
vn -0.133918 0.820821 0.555264
vn -0.133918 0.820821 0.555264
vn -0.065385 -0.009721 0.997813
vn -0.065385 -0.009721 0.997813
vn -0.065385 -0.009721 0.997813
vn 0.244588 0.519385 0.818789
vn 0.244588 0.519385 0.818789
vn 0.244588 0.519385 0.818789
vn 0.029261 -0.234455 0.971686
vn 0.029261 -0.234455 0.971686
vn 0.029261 -0.234455 0.971686
vn -0.192733 -0.147553 0.970094
vn -0.192733 -0.147553 0.970094
vn -0.192733 -0.147553 0.970094
vn 0.010686 -0.130689 0.991366
vn 0.010686 -0.130689 0.991366
vn 0.010686 -0.130689 0.991366
vn 0.316614 0.044601 0.947505
vn 0.316614 0.044601 0.947505
vn 0.316614 0.044601 0.947505
vn 0.230209 0.017163 0.972990
vn 0.230209 0.017163 0.972990
vn 0.230209 0.017163 0.972990
vn 0.262256 0.093842 0.960425
vn 0.262256 0.093842 0.960425
vn 0.262256 0.093842 0.960425
vn 0.996505 -0.059242 0.058896
vn 0.996505 -0.059242 0.058896
vn 0.996505 -0.059242 0.058896
vn -0.508436 0.853699 0.112652
vn -0.508436 0.853699 0.112652
vn -0.508436 0.853699 0.112652
vn -0.070582 0.112929 0.991093
vn -0.070582 0.112929 0.991093
vn -0.070582 0.112929 0.991093
vn -0.095196 0.455562 0.885099
vn -0.095196 0.455562 0.885099
vn -0.095196 0.455562 0.885099
vn 0.058735 0.442139 0.895021
vn 0.058735 0.442139 0.895021
vn 0.058735 0.442139 0.895021
vn 0.037738 0.320934 0.946349
vn 0.037738 0.320934 0.946349
vn 0.037738 0.320934 0.946349
vn -0.064272 -0.131057 0.989289
vn -0.064272 -0.131057 0.989289
vn -0.064272 -0.131057 0.989289
vn -0.022498 -0.076801 0.996793
vn -0.022498 -0.076801 0.996793
vn -0.022498 -0.076801 0.996793
vn -0.354491 -0.016832 0.934908
vn -0.354491 -0.016832 0.934908
vn -0.354490 -0.016832 0.934908
vn -0.287627 0.048526 0.956512
vn -0.287627 0.048526 0.956512
vn -0.287628 0.048526 0.956512
vn -0.315543 0.076309 0.945838
vn -0.315543 0.076309 0.945838
vn -0.315543 0.076309 0.945838
vn 0.117610 0.263374 0.957498
vn 0.117610 0.263375 0.957498
vn 0.117610 0.263374 0.957498
vn 0.988831 0.136474 -0.059898
vn 0.988831 0.136474 -0.059898
vn 0.988831 0.136474 -0.059898
vn -0.181769 -0.105152 0.977703
vn -0.181769 -0.105152 0.977703
vn -0.181769 -0.105152 0.977703
vn -0.169119 0.587099 0.791653
vn -0.169119 0.587099 0.791653
vn -0.169119 0.587098 0.791653
vn 0.771724 -0.558669 -0.303859
vn 0.771724 -0.558669 -0.303859
vn 0.771724 -0.558669 -0.303859
vn 0.521368 -0.836693 0.167691
vn 0.521368 -0.836693 0.167691
vn 0.521368 -0.836693 0.167691
vn -0.033688 0.249118 0.967887
vn -0.033688 0.249118 0.967887
vn -0.033688 0.249118 0.967887
vn 0.135917 -0.165097 0.976867
vn 0.135917 -0.165097 0.976867
vn 0.135917 -0.165097 0.976867
vn -0.069422 0.097131 0.992848
vn -0.069422 0.097131 0.992847
vn -0.069422 0.097131 0.992848
vn -0.288393 -0.092712 0.953013
vn -0.288393 -0.092712 0.953013
vn -0.288393 -0.092712 0.953013
vn -0.286617 0.084204 0.954338
vn -0.286617 0.084204 0.954338
vn -0.286617 0.084204 0.954338
vn -0.120426 0.365479 0.922997
vn -0.120426 0.365479 0.922997
vn -0.120426 0.365479 0.922997
vn 0.368140 0.365547 0.854897
vn 0.368140 0.365547 0.854897
vn 0.368140 0.365547 0.854897
vn 0.365855 0.275575 0.888937
vn 0.365855 0.275575 0.888937
vn 0.365855 0.275575 0.888937
vn 0.090513 0.579713 0.809778
vn 0.090513 0.579713 0.809778
vn 0.090513 0.579713 0.809778
vn 0.113102 0.586330 0.802138
vn 0.113102 0.586330 0.802138
vn 0.113102 0.586330 0.802138
vn -0.047829 0.722642 0.689566
vn -0.047829 0.722642 0.689566
vn -0.047829 0.722642 0.689566
vn -0.434807 0.900197 0.024241
vn -0.434807 0.900197 0.024241
vn -0.434807 0.900197 0.024241
vn 0.021892 -0.463438 0.885859
vn 0.021892 -0.463438 0.885859
vn 0.021892 -0.463438 0.885859
vn 0.318915 0.210112 0.924200
vn 0.318915 0.210112 0.924200
vn 0.318915 0.210112 0.924200
vn -0.086101 0.642738 0.761233
vn -0.086101 0.642738 0.761233
vn -0.086101 0.642738 0.761233
vn -0.004349 0.667909 0.744230
vn -0.004349 0.667909 0.744230
vn -0.004349 0.667909 0.744230
vn -0.994334 0.085586 -0.063045
vn -0.994334 0.085586 -0.063045
vn -0.994334 0.085586 -0.063045
vn 0.363040 0.230926 0.902704
vn 0.363040 0.230926 0.902704
vn 0.363040 0.230926 0.902704
vn -0.046098 -0.119081 0.991814
vn -0.046098 -0.119081 0.991814
vn -0.046098 -0.119081 0.991814
vn -0.010839 -0.022775 0.999682
vn -0.010839 -0.022775 0.999682
vn -0.010839 -0.022775 0.999682
vn 0.965442 0.000963 -0.260617
vn 0.965442 0.000963 -0.260617
vn 0.965442 0.000963 -0.260617
vn 0.350246 0.191100 0.916956
vn 0.350246 0.191100 0.916956
vn 0.350246 0.191100 0.916956
vn 0.137717 -0.099349 0.985476
vn 0.137717 -0.099349 0.985476
vn 0.137717 -0.099349 0.985476
vn 0.026198 -0.106186 0.994001
vn 0.026198 -0.106186 0.994001
vn 0.026198 -0.106186 0.994001
vn 0.041352 -0.088920 0.995180
vn 0.041352 -0.088920 0.995180
vn 0.041352 -0.088920 0.995180
vn -0.091771 0.052963 0.994371
vn -0.091771 0.052963 0.994371
vn -0.091771 0.052963 0.994371
vn -0.021431 0.106681 0.994062
vn -0.021431 0.106681 0.994062
vn -0.021431 0.106681 0.994062
vn -0.104281 -0.210566 0.972002
vn -0.104281 -0.210566 0.972002
vn -0.104281 -0.210566 0.972002
vn -0.356589 0.121985 0.926263
vn -0.356589 0.121985 0.926263
vn -0.356589 0.121985 0.926263
vn -0.241784 0.300655 0.922576
vn -0.241784 0.300655 0.922576
vn -0.241784 0.300655 0.922576
vn -0.102543 0.485822 0.868022
vn -0.102543 0.485822 0.868022
vn -0.102543 0.485822 0.868022
vn -0.048586 0.451211 0.891094
vn -0.048586 0.451211 0.891093
vn -0.048586 0.451211 0.891093
vn -0.033698 0.509694 0.859695
vn -0.033698 0.509694 0.859695
vn -0.033698 0.509694 0.859695
vn 0.087077 0.605850 0.790799
vn 0.087077 0.605850 0.790799
vn 0.087077 0.605850 0.790799
vn 0.256474 -0.255623 0.932136
vn 0.256474 -0.255623 0.932136
vn 0.256474 -0.255623 0.932136
vn 0.923242 0.373459 0.090289
vn 0.923242 0.373459 0.090289
vn 0.923242 0.373459 0.090289
vn 0.642494 -0.753883 -0.137337
vn 0.642494 -0.753883 -0.137337
vn 0.642494 -0.753883 -0.137337
vn -0.857692 0.442762 -0.261393
vn -0.857692 0.442762 -0.261393
vn -0.857692 0.442762 -0.261393
vn 0.239852 0.423668 0.873485
vn 0.239852 0.423668 0.873485
vn 0.239852 0.423668 0.873485
vn 0.367123 -0.065051 0.927895
vn 0.367123 -0.065051 0.927895
vn 0.367123 -0.065051 0.927895
vn 0.259834 -0.217628 0.940811
vn 0.259834 -0.217628 0.940811
vn 0.259834 -0.217628 0.940811
vn 0.271042 -0.195789 0.942445
vn 0.271042 -0.195789 0.942445
vn 0.271042 -0.195789 0.942445
vn 0.110499 -0.188677 0.975803
vn 0.110499 -0.188677 0.975803
vn 0.110499 -0.188677 0.975803
vn 0.272842 -0.186672 0.943775
vn 0.272842 -0.186672 0.943775
vn 0.272842 -0.186672 0.943775
vn -0.221783 0.514890 0.828071
vn -0.221783 0.514890 0.828071
vn -0.221783 0.514890 0.828071
vn 0.083363 0.552284 0.829477
vn 0.083363 0.552284 0.829477
vn 0.083363 0.552284 0.829477
vn 0.039791 0.043437 0.998263
vn 0.039791 0.043437 0.998263
vn 0.039791 0.043437 0.998263
vn 0.294018 0.168469 0.940836
vn 0.294018 0.168469 0.940836
vn 0.294018 0.168469 0.940836
vn 0.209856 -0.135271 0.968329
vn 0.209856 -0.135271 0.968330
vn 0.209856 -0.135271 0.968330
vn 0.735516 -0.282772 0.615675
vn 0.735516 -0.282772 0.615675
vn 0.735516 -0.282772 0.615675
vn -0.142335 0.265760 0.953474
vn -0.142335 0.265760 0.953474
vn -0.142335 0.265760 0.953474
vn 0.256478 0.066792 0.964239
vn 0.256478 0.066792 0.964239
vn 0.256478 0.066792 0.964239
vn 0.141338 -0.063481 0.987924
vn 0.141338 -0.063481 0.987924
vn 0.141338 -0.063481 0.987924
vn 0.251322 -0.075958 0.964918
vn 0.251322 -0.075958 0.964918
vn 0.251322 -0.075958 0.964918
vn 0.270465 0.102728 0.957233
vn 0.270465 0.102728 0.957233
vn 0.270465 0.102728 0.957233
vn -0.124878 -0.204216 0.970928
vn -0.124878 -0.204216 0.970928
vn -0.124878 -0.204216 0.970928
vn -0.228473 0.471095 0.851980
vn -0.228473 0.471095 0.851980
vn -0.228474 0.471095 0.851980
vn 0.029483 0.572083 0.819666
vn 0.029483 0.572083 0.819666
vn 0.029483 0.572083 0.819666
vn -0.056559 -0.157238 0.985940
vn -0.056559 -0.157238 0.985940
vn -0.056559 -0.157238 0.985940
vn 0.241175 -0.546314 0.802106
vn 0.241175 -0.546315 0.802106
vn 0.241176 -0.546315 0.802107
vn 0.124131 0.493184 0.861023
vn 0.124131 0.493184 0.861023
vn 0.124131 0.493184 0.861023
vn 0.615775 0.419556 0.666929
vn 0.615775 0.419556 0.666929
vn 0.615775 0.419556 0.666929
vn -0.326918 -0.071967 0.942308
vn -0.326918 -0.071967 0.942308
vn -0.326918 -0.071967 0.942308
vn 0.748321 -0.304904 0.589109
vn 0.748321 -0.304904 0.589109
vn 0.748321 -0.304904 0.589109
vn 0.633184 0.769400 0.084270
vn 0.633184 0.769400 0.084270
vn 0.633185 0.769400 0.084270
vn 0.254014 -0.207305 0.944723
vn 0.254014 -0.207305 0.944723
vn 0.254014 -0.207305 0.944723
vn 0.391789 -0.174603 0.903336
vn 0.391789 -0.174603 0.903336
vn 0.391789 -0.174603 0.903336
vn 0.395253 -0.080946 0.914999
vn 0.395253 -0.080946 0.914999
vn 0.395253 -0.080946 0.914999
vn 0.432232 -0.244425 0.868005
vn 0.432232 -0.244425 0.868005
vn 0.432232 -0.244425 0.868005
vn 0.275598 -0.061644 0.959294
vn 0.275598 -0.061644 0.959294
vn 0.275598 -0.061644 0.959294
vn -0.136580 -0.434153 0.890425
vn -0.136580 -0.434153 0.890425
vn -0.136580 -0.434153 0.890425
vn -0.008110 0.664698 0.747068
vn -0.008110 0.664699 0.747068
vn -0.008110 0.664699 0.747068
vn 0.005667 0.306081 0.951989
vn 0.005667 0.306080 0.951989
vn 0.005667 0.306080 0.951989
vn 0.456997 -0.179111 0.871248
vn 0.456997 -0.179111 0.871248
vn 0.456997 -0.179111 0.871248
vn -0.069113 -0.172640 0.982557
vn -0.069113 -0.172640 0.982557
vn -0.069113 -0.172640 0.982557
vn -0.204441 0.491792 0.846372
vn -0.204441 0.491792 0.846372
vn -0.204441 0.491792 0.846372
vn -0.039386 0.565580 0.823752
vn -0.039386 0.565580 0.823752
vn -0.039386 0.565580 0.823752
vn 0.083779 0.627148 0.774381
vn 0.083779 0.627148 0.774381
vn 0.083779 0.627148 0.774381
vn 0.198558 0.782514 0.590124
vn 0.198558 0.782514 0.590124
vn 0.198558 0.782514 0.590124
vn 0.141743 0.062022 0.987959
vn 0.141743 0.062022 0.987959
vn 0.141743 0.062022 0.987958
vn -0.028857 0.475954 0.878997
vn -0.028857 0.475954 0.878997
vn -0.028857 0.475954 0.878997
vn 0.306392 -0.906683 -0.289915
vn 0.306392 -0.906683 -0.289915
vn 0.306392 -0.906683 -0.289915
vn 0.193833 0.665178 0.721087
vn 0.193833 0.665178 0.721087
vn 0.193833 0.665178 0.721087
vn -0.867480 -0.494619 -0.053206
vn -0.867480 -0.494619 -0.053206
vn -0.867480 -0.494619 -0.053206
vn -0.042511 0.971513 0.233141
vn -0.042511 0.971513 0.233141
vn -0.042511 0.971513 0.233141
vn -0.059581 0.962591 0.264326
vn -0.059581 0.962591 0.264326
vn -0.059581 0.962591 0.264326
vn 0.334836 0.067068 0.939887
vn 0.334836 0.067068 0.939886
vn 0.334836 0.067068 0.939887
vn 0.411636 -0.193786 0.890507
vn 0.411636 -0.193786 0.890507
vn 0.411636 -0.193786 0.890507
vn 0.416652 -0.099315 0.903625
vn 0.416652 -0.099315 0.903625
vn 0.416652 -0.099315 0.903625
vn 0.217573 -0.045423 0.974986
vn 0.217573 -0.045423 0.974987
vn 0.217573 -0.045423 0.974987
vn -0.053191 -0.140831 0.988604
vn -0.053191 -0.140831 0.988604
vn -0.053191 -0.140831 0.988604
vn -0.135605 0.179417 0.974382
vn -0.135605 0.179417 0.974382
vn -0.135605 0.179417 0.974382
vn -0.249050 0.300709 0.920624
vn -0.249050 0.300709 0.920624
vn -0.249050 0.300709 0.920624
vn -0.859546 -0.405606 -0.310910
vn -0.859546 -0.405606 -0.310910
vn -0.859546 -0.405606 -0.310910
vn -0.954869 0.232648 -0.184660
vn -0.954869 0.232648 -0.184660
vn -0.954869 0.232648 -0.184660
vn 0.407185 -0.177877 0.895857
vn 0.407185 -0.177877 0.895857
vn 0.407185 -0.177877 0.895857
vn -0.071414 -0.103813 0.992030
vn -0.071414 -0.103813 0.992030
vn -0.071414 -0.103813 0.992030
vn -0.131502 -0.170237 0.976589
vn -0.131502 -0.170237 0.976589
vn -0.131502 -0.170237 0.976589
vn -0.182525 -0.049558 0.981952
vn -0.182525 -0.049558 0.981951
vn -0.182525 -0.049558 0.981952
vn -0.171523 0.414721 0.893636
vn -0.171523 0.414721 0.893636
vn -0.171523 0.414721 0.893636
vn -0.182714 0.452652 0.872767
vn -0.182714 0.452652 0.872767
vn -0.182714 0.452652 0.872767
vn 0.131087 0.498536 0.856900
vn 0.131087 0.498536 0.856900
vn 0.131087 0.498536 0.856900
vn 0.088419 0.246889 0.965001
vn 0.088419 0.246889 0.965001
vn 0.088419 0.246889 0.965001
vn 0.732488 -0.580015 -0.356430
vn 0.732489 -0.580015 -0.356431
vn 0.732489 -0.580015 -0.356430
vn -0.962966 -0.240659 -0.121574
vn -0.962966 -0.240659 -0.121574
vn -0.962966 -0.240659 -0.121574
vn 0.348089 -0.162283 0.923308
vn 0.348089 -0.162283 0.923309
vn 0.348089 -0.162283 0.923309
vn 0.321580 -0.226821 0.919314
vn 0.321580 -0.226821 0.919314
vn 0.321580 -0.226821 0.919314
vn 0.269187 -0.112334 0.956514
vn 0.269187 -0.112334 0.956514
vn 0.269187 -0.112334 0.956514
vn -0.096830 -0.306522 0.946925
vn -0.096830 -0.306522 0.946926
vn -0.096830 -0.306522 0.946925
vn -0.027883 -0.132491 0.990792
vn -0.027883 -0.132491 0.990792
vn -0.027883 -0.132491 0.990792
vn -0.403748 -0.258387 0.877624
vn -0.403748 -0.258387 0.877624
vn -0.403748 -0.258387 0.877624
vn -0.095063 -0.082610 0.992038
vn -0.095063 -0.082610 0.992038
vn -0.095063 -0.082610 0.992038
vn -0.417098 -0.416116 0.808008
vn -0.417098 -0.416116 0.808008
vn -0.417098 -0.416116 0.808008
vn -0.043539 -0.189001 0.981011
vn -0.043539 -0.189001 0.981011
vn -0.043539 -0.189001 0.981011
vn 0.226377 0.293709 0.928703
vn 0.226377 0.293709 0.928703
vn 0.226377 0.293709 0.928703
vn -0.162411 0.486383 0.858519
vn -0.162411 0.486383 0.858519
vn -0.162411 0.486383 0.858519
vn -0.087437 0.607887 0.789194
vn -0.087437 0.607887 0.789195
vn -0.087437 0.607887 0.789195
vn 0.987993 0.141156 0.062808
vn 0.987993 0.141156 0.062808
vn 0.987993 0.141156 0.062808
vn 0.382131 -0.411797 0.827284
vn 0.382131 -0.411797 0.827284
vn 0.382131 -0.411797 0.827284
vn 0.520399 -0.104312 0.847528
vn 0.520399 -0.104312 0.847528
vn 0.520399 -0.104312 0.847528
vn -0.015318 0.048921 0.998685
vn -0.015318 0.048921 0.998685
vn -0.015318 0.048921 0.998685
vn 0.634929 0.116869 0.763679
vn 0.634929 0.116869 0.763679
vn 0.634929 0.116869 0.763679
vn -0.893728 -0.080916 0.441251
vn -0.893728 -0.080916 0.441252
vn -0.893728 -0.080916 0.441251
vn -0.039696 -0.150489 0.987814
vn -0.039696 -0.150489 0.987814
vn -0.039696 -0.150489 0.987814
vn 0.885721 0.192321 -0.422506
vn 0.885721 0.192321 -0.422506
vn 0.885721 0.192321 -0.422506
vn 0.267549 0.270093 0.924915
vn 0.267549 0.270093 0.924915
vn 0.267549 0.270093 0.924915
vn -0.085748 0.774788 0.626380
vn -0.085748 0.774788 0.626380
vn -0.085748 0.774788 0.626380
vn 0.073903 0.355967 0.931572
vn 0.073903 0.355967 0.931572
vn 0.073903 0.355967 0.931572
vn 0.016909 0.400424 0.916174
vn 0.016909 0.400424 0.916174
vn 0.016909 0.400424 0.916174
vn -0.886860 0.203878 -0.414624
vn -0.886860 0.203878 -0.414624
vn -0.886860 0.203878 -0.414624
vn -0.688603 -0.713419 -0.129841
vn -0.688603 -0.713419 -0.129841
vn -0.688603 -0.713419 -0.129841
vn 0.160593 0.984557 0.069701
vn 0.160593 0.984557 0.069701
vn 0.160593 0.984557 0.069701
vn 0.120821 -0.161599 0.979433
vn 0.120821 -0.161599 0.979433
vn 0.120821 -0.161599 0.979433
vn -0.030323 -0.104029 0.994112
vn -0.030323 -0.104029 0.994112
vn -0.030323 -0.104029 0.994112
vn 0.093264 -0.204483 0.974417
vn 0.093264 -0.204483 0.974417
vn 0.093264 -0.204483 0.974417
vn 0.397054 0.896195 -0.197947
vn 0.397054 0.896195 -0.197947
vn 0.397054 0.896195 -0.197947
vn -0.300436 0.941790 0.150900
vn -0.300436 0.941790 0.150900
vn -0.300436 0.941790 0.150900
vn 0.256269 0.219678 0.941312
vn 0.256269 0.219678 0.941312
vn 0.256269 0.219678 0.941312
vn 0.813711 0.485704 -0.319322
vn 0.813711 0.485704 -0.319322
vn 0.813711 0.485704 -0.319322
vn 0.162993 0.739865 0.652712
vn 0.162993 0.739865 0.652712
vn 0.162993 0.739865 0.652712
vn 0.143431 -0.093957 0.985190
vn 0.143431 -0.093957 0.985190
vn 0.143431 -0.093957 0.985190
vn -0.049175 0.282307 0.958063
vn -0.049175 0.282307 0.958063
vn -0.049175 0.282307 0.958063
vn -0.353556 -0.482953 -0.801095
vn -0.353556 -0.482953 -0.801096
vn -0.353556 -0.482953 -0.801096
vn -0.369326 0.873848 0.316209
vn -0.369326 0.873848 0.316209
vn -0.369326 0.873848 0.316209
vn 0.994072 0.075562 0.078174
vn 0.994072 0.075562 0.078174
vn 0.994072 0.075562 0.078174
vn 0.723174 -0.654798 -0.219678
vn 0.723174 -0.654798 -0.219678
vn 0.723174 -0.654798 -0.219678
vn -0.445269 0.778364 0.442588
vn -0.445269 0.778364 0.442588
vn -0.445269 0.778364 0.442588
vn -0.416069 -0.256401 0.872436
vn -0.416069 -0.256401 0.872436
vn -0.416069 -0.256401 0.872436
vn -0.437939 -0.277439 0.855124
vn -0.437939 -0.277439 0.855124
vn -0.437939 -0.277439 0.855124
vn -0.229447 0.211463 0.950073
vn -0.229447 0.211463 0.950072
vn -0.229447 0.211463 0.950073
vn -0.149019 0.491749 0.857891
vn -0.149019 0.491749 0.857891
vn -0.149019 0.491749 0.857891
vn -0.254508 0.515970 0.817924
vn -0.254508 0.515970 0.817924
vn -0.254508 0.515970 0.817924
vn -0.208301 0.612139 0.762821
vn -0.208301 0.612139 0.762821
vn -0.208301 0.612139 0.762821
vn -0.237349 0.700377 -0.673155
vn -0.237349 0.700377 -0.673155
vn -0.237349 0.700377 -0.673155
vn 0.127588 -0.111308 0.985562
vn 0.127588 -0.111308 0.985562
vn 0.127588 -0.111308 0.985562
vn 0.013701 0.069609 -0.997480
vn 0.013701 0.069609 -0.997480
vn 0.013701 0.069609 -0.997480
vn 0.250500 0.584211 0.771976
vn 0.250500 0.584211 0.771976
vn 0.250500 0.584211 0.771976
vn 0.062522 -0.442137 0.894766
vn 0.062522 -0.442137 0.894766
vn 0.062522 -0.442137 0.894766
vn 0.912067 -0.381482 -0.150352
vn 0.912067 -0.381482 -0.150352
vn 0.912067 -0.381482 -0.150352
vn -0.705667 -0.068255 0.705248
vn -0.705667 -0.068255 0.705249
vn -0.705667 -0.068255 0.705248
vn -0.844810 -0.214738 0.490085
vn -0.844810 -0.214738 0.490085
vn -0.844810 -0.214738 0.490085
vn -0.969315 -0.177289 0.170282
vn -0.969315 -0.177289 0.170282
vn -0.969315 -0.177289 0.170282
vn -0.013895 0.780481 0.625025
vn -0.013895 0.780481 0.625025
vn -0.013895 0.780481 0.625025
vn 0.710954 -0.086951 0.697842
vn 0.710954 -0.086951 0.697842
vn 0.710954 -0.086951 0.697842
vn -0.112420 -0.149649 0.982327
vn -0.112420 -0.149649 0.982327
vn -0.112420 -0.149649 0.982327
vn 0.048824 0.278536 0.959184
vn 0.048824 0.278536 0.959184
vn 0.048824 0.278536 0.959184
vn -0.294110 0.513756 0.805949
vn -0.294110 0.513757 0.805949
vn -0.294110 0.513757 0.805949
vn -0.149852 0.664060 0.732509
vn -0.149852 0.664060 0.732509
vn -0.149852 0.664060 0.732509
vn -0.133726 0.740075 0.659095
vn -0.133726 0.740075 0.659095
vn -0.133726 0.740075 0.659095
vn 0.243423 0.311679 0.918478
vn 0.243423 0.311679 0.918478
vn 0.243423 0.311679 0.918478
vn 0.225751 0.173643 0.958585
vn 0.225751 0.173643 0.958585
vn 0.225751 0.173643 0.958585
vn -0.143499 0.058763 0.987904
vn -0.143499 0.058763 0.987904
vn -0.143499 0.058763 0.987904
vn -0.003954 0.306991 0.951704
vn -0.003954 0.306991 0.951704
vn -0.003954 0.306991 0.951704
vn 0.144087 0.133754 0.980484
vn 0.144087 0.133754 0.980484
vn 0.144087 0.133754 0.980484
vn -0.174748 0.884065 0.433465
vn -0.174748 0.884065 0.433466
vn -0.174748 0.884065 0.433466
vn -0.184073 -0.478079 -0.858811
vn -0.184073 -0.478079 -0.858811
vn -0.184073 -0.478079 -0.858811
vn -0.207832 -0.476821 -0.854077
vn -0.207832 -0.476820 -0.854077
vn -0.207832 -0.476821 -0.854077
vn -0.162720 0.715074 0.679846
vn -0.162720 0.715074 0.679846
vn -0.162720 0.715074 0.679846
vn 0.031542 0.889679 0.455495
vn 0.031542 0.889679 0.455495
vn 0.031542 0.889679 0.455495
vn 0.330927 0.943569 -0.012847
vn 0.330927 0.943569 -0.012847
vn 0.330927 0.943569 -0.012847
vn -0.047022 0.243166 0.968844
vn -0.047022 0.243166 0.968844
vn -0.047022 0.243166 0.968844
vn -0.164939 0.005483 0.986288
vn -0.164939 0.005483 0.986288
vn -0.164939 0.005483 0.986288
vn -0.111180 0.332847 0.936404
vn -0.111180 0.332847 0.936404
vn -0.111180 0.332847 0.936404
vn -0.340224 0.592058 0.730557
vn -0.340224 0.592058 0.730558
vn -0.340224 0.592058 0.730558
vn 0.303684 0.309515 0.901097
vn 0.303684 0.309515 0.901097
vn 0.303684 0.309515 0.901097
vn 0.196016 0.050758 0.979286
vn 0.196016 0.050758 0.979286
vn 0.196016 0.050758 0.979286
vn 0.082887 0.624552 0.776572
vn 0.082887 0.624552 0.776572
vn 0.082887 0.624552 0.776572
vn 0.169216 0.014562 0.985471
vn 0.169216 0.014562 0.985471
vn 0.169216 0.014562 0.985471
vn -0.062969 -0.064340 0.995939
vn -0.062969 -0.064340 0.995939
vn -0.062969 -0.064340 0.995939
vn 0.211105 0.152365 0.965515
vn 0.211105 0.152365 0.965515
vn 0.211105 0.152365 0.965515
vn -0.328374 0.532367 0.780228
vn -0.328374 0.532367 0.780228
vn -0.328374 0.532367 0.780228
vn -0.147116 0.906543 0.395647
vn -0.147116 0.906543 0.395647
vn -0.147116 0.906543 0.395647
vn -0.155307 0.838072 0.522987
vn -0.155307 0.838072 0.522987
vn -0.155307 0.838072 0.522987
vn 0.445782 0.844244 0.297540
vn 0.445782 0.844244 0.297540
vn 0.445782 0.844244 0.297540
vn 0.496048 0.415057 0.762669
vn 0.496048 0.415057 0.762669
vn 0.496048 0.415057 0.762669
vn -0.256516 0.317867 0.912776
vn -0.256516 0.317867 0.912776
vn -0.256516 0.317867 0.912776
vn 0.968234 0.096733 -0.230578
vn 0.968234 0.096733 -0.230578
vn 0.968234 0.096733 -0.230578
vn 0.155289 -0.860298 -0.485565
vn 0.155289 -0.860298 -0.485565
vn 0.155289 -0.860298 -0.485565
vn 0.771338 -0.270011 0.576309
vn 0.771338 -0.270011 0.576309
vn 0.771338 -0.270011 0.576309
vn 0.601414 0.371983 0.707057
vn 0.601414 0.371983 0.707057
vn 0.601414 0.371983 0.707057
vn -0.121673 0.757926 0.640893
vn -0.121673 0.757926 0.640893
vn -0.121673 0.757926 0.640893
vn -0.338490 0.575811 0.744222
vn -0.338490 0.575811 0.744222
vn -0.338490 0.575811 0.744222
vn -0.143050 0.446005 0.883525
vn -0.143050 0.446005 0.883525
vn -0.143050 0.446005 0.883525
vn -0.173247 0.742943 0.646545
vn -0.173247 0.742943 0.646545
vn -0.173247 0.742943 0.646545
vn -0.145823 0.873291 0.464865
vn -0.145823 0.873291 0.464865
vn -0.145823 0.873291 0.464865
vn -0.026266 0.333815 0.942273
vn -0.026266 0.333815 0.942273
vn -0.026266 0.333815 0.942273
vn 0.236975 0.968891 -0.071365
vn 0.236975 0.968891 -0.071365
vn 0.236975 0.968891 -0.071365
vn -0.979916 0.016070 -0.198763
vn -0.979916 0.016070 -0.198763
vn -0.979916 0.016070 -0.198763
vn -0.959282 0.261261 -0.107332
vn -0.959282 0.261261 -0.107332
vn -0.959282 0.261261 -0.107332
vn 0.256629 0.840047 0.477978
vn 0.256629 0.840047 0.477978
vn 0.256630 0.840047 0.477978
vn 0.824511 0.293401 0.483836
vn 0.824511 0.293401 0.483836
vn 0.824511 0.293401 0.483836
vn -0.126715 0.239479 0.962597
vn -0.126715 0.239479 0.962597
vn -0.126715 0.239479 0.962597
vn 0.221910 -0.207453 0.952743
vn 0.221910 -0.207453 0.952743
vn 0.221910 -0.207453 0.952743
vn 0.061552 0.265187 0.962230
vn 0.061552 0.265187 0.962231
vn 0.061552 0.265187 0.962230
vn 0.319053 0.010640 0.947677
vn 0.319053 0.010640 0.947677
vn 0.319053 0.010640 0.947677
vn 0.477893 0.746833 0.462449
vn 0.477893 0.746833 0.462449
vn 0.477893 0.746833 0.462449
vn 0.988696 -0.149028 -0.016469
vn 0.988696 -0.149028 -0.016469
vn 0.988696 -0.149028 -0.016469
vn 0.019069 0.815485 0.578464
vn 0.019069 0.815485 0.578464
vn 0.019069 0.815485 0.578464
vn -0.968834 0.123748 -0.214587
vn -0.968834 0.123748 -0.214587
vn -0.968834 0.123748 -0.214587
vn -0.186743 0.435131 0.880788
vn -0.186743 0.435131 0.880788
vn -0.186743 0.435131 0.880788
vn -0.308958 0.498326 0.810072
vn -0.308958 0.498326 0.810072
vn -0.308958 0.498326 0.810072
vn 0.787744 0.156950 -0.595673
vn 0.787744 0.156950 -0.595673
vn 0.787744 0.156950 -0.595673
vn -0.081683 0.458908 0.884721
vn -0.081683 0.458908 0.884721
vn -0.081683 0.458908 0.884721
vn 0.635342 0.271067 0.723093
vn 0.635342 0.271067 0.723093
vn 0.635342 0.271067 0.723093
vn 0.197220 0.481098 0.854195
vn 0.197220 0.481098 0.854195
vn 0.197220 0.481098 0.854195
vn 0.773591 0.245144 -0.584347
vn 0.773591 0.245144 -0.584347
vn 0.773591 0.245144 -0.584347
vn -0.551854 0.561156 0.616896
vn -0.551854 0.561156 0.616896
vn -0.551854 0.561156 0.616896
vn -0.739052 -0.157578 0.654958
vn -0.739052 -0.157578 0.654958
vn -0.739052 -0.157578 0.654958
vn 0.245703 0.954699 -0.167867
vn 0.245703 0.954699 -0.167867
vn 0.245703 0.954699 -0.167867
vn 0.256878 0.965388 -0.045154
vn 0.256878 0.965388 -0.045154
vn 0.256878 0.965388 -0.045154
vn -0.383581 -0.470685 -0.794558
vn -0.383581 -0.470685 -0.794558
vn -0.383581 -0.470685 -0.794558
vn 0.593134 0.755098 0.279319
vn 0.593134 0.755098 0.279319
vn 0.593134 0.755098 0.279319
vn 0.454683 0.649034 0.609933
vn 0.454683 0.649034 0.609933
vn 0.454683 0.649034 0.609933
vn 0.010796 0.255620 0.966717
vn 0.010796 0.255620 0.966717
vn 0.010796 0.255620 0.966717
vn -0.009814 -0.082095 0.996576
vn -0.009814 -0.082095 0.996576
vn -0.009814 -0.082095 0.996576
vn 0.947474 -0.313734 0.062167
vn 0.947474 -0.313734 0.062167
vn 0.947474 -0.313734 0.062167
vn 0.193257 0.727094 0.658776
vn 0.193257 0.727094 0.658776
vn 0.193257 0.727094 0.658776
vn 0.138397 0.886836 0.440873
vn 0.138397 0.886836 0.440873
vn 0.138397 0.886836 0.440873
vn -0.430114 0.819056 0.379670
vn -0.430114 0.819056 0.379670
vn -0.430114 0.819056 0.379670
vn -0.873512 0.486520 0.016569
vn -0.873512 0.486520 0.016569
vn -0.873512 0.486520 0.016569
vn 0.020489 0.785201 0.618902
vn 0.020489 0.785201 0.618902
vn 0.020489 0.785201 0.618902
vn 0.391478 0.901139 -0.186260
vn 0.391478 0.901139 -0.186260
vn 0.391478 0.901139 -0.186260
vn -0.284083 0.948957 -0.137033
vn -0.284083 0.948957 -0.137033
vn -0.284083 0.948957 -0.137033
vn 0.387581 -0.894031 -0.224697
vn 0.387581 -0.894031 -0.224697
vn 0.387581 -0.894031 -0.224697
vn 0.018670 0.283559 0.958773
vn 0.018670 0.283559 0.958773
vn 0.018670 0.283559 0.958773
vn -0.046545 0.410452 0.910694
vn -0.046545 0.410452 0.910694
vn -0.046545 0.410452 0.910694
vn -0.376713 0.621206 0.687161
vn -0.376713 0.621206 0.687161
vn -0.376713 0.621206 0.687161
vn -0.359544 0.618374 0.698815
vn -0.359544 0.618374 0.698815
vn -0.359544 0.618374 0.698815
vn -0.402423 0.317361 -0.858684
vn -0.402423 0.317361 -0.858684
vn -0.402423 0.317361 -0.858684
vn 0.082383 0.626222 0.775280
vn 0.082383 0.626222 0.775280
vn 0.082383 0.626222 0.775280
vn 0.211080 -0.133448 0.968316
vn 0.211080 -0.133448 0.968316
vn 0.211080 -0.133448 0.968316
vn 0.227432 0.075663 0.970850
vn 0.227432 0.075663 0.970850
vn 0.227432 0.075663 0.970850
vn 0.259839 0.682488 0.683150
vn 0.259839 0.682488 0.683150
vn 0.259839 0.682488 0.683150
vn 0.241899 0.663836 0.707677
vn 0.241899 0.663836 0.707677
vn 0.241899 0.663836 0.707677
vn -0.057272 0.685422 0.725890
vn -0.057272 0.685422 0.725890
vn -0.057272 0.685422 0.725890
vn -0.069576 0.365550 0.928188
vn -0.069576 0.365550 0.928188
vn -0.069576 0.365550 0.928188
vn -0.608095 -0.097523 0.787851
vn -0.608095 -0.097523 0.787851
vn -0.608095 -0.097523 0.787851
vn -0.258449 0.960934 0.099045
vn -0.258449 0.960934 0.099045
vn -0.258449 0.960934 0.099045
vn 0.171232 0.980978 0.091445
vn 0.171232 0.980978 0.091445
vn 0.171232 0.980978 0.091445
vn 0.108311 -0.914869 -0.388951
vn 0.108311 -0.914869 -0.388951
vn 0.108311 -0.914869 -0.388951
vn -0.436266 -0.113711 0.892604
vn -0.436266 -0.113711 0.892604
vn -0.436266 -0.113711 0.892604
vn -0.120385 0.593055 0.796111
vn -0.120385 0.593055 0.796111
vn -0.120385 0.593055 0.796111
vn -0.044714 0.463960 0.884727
vn -0.044714 0.463960 0.884727
vn -0.044714 0.463960 0.884727
vn -0.145626 -0.078349 0.986233
vn -0.145626 -0.078349 0.986233
vn -0.145626 -0.078349 0.986233
vn 0.251946 0.464978 0.848716
vn 0.251946 0.464978 0.848716
vn 0.251946 0.464978 0.848716
vn 0.397783 0.915903 0.053769
vn 0.397783 0.915903 0.053769
vn 0.397783 0.915903 0.053769
vn -0.254798 0.280959 0.925278
vn -0.254798 0.280959 0.925278
vn -0.254798 0.280959 0.925278
vn 0.090902 0.838893 0.536652
vn 0.090902 0.838893 0.536653
vn 0.090902 0.838893 0.536653
vn 0.050803 0.261193 0.963949
vn 0.050803 0.261193 0.963949
vn 0.050803 0.261193 0.963949
vn -0.189478 0.509593 0.839293
vn -0.189478 0.509593 0.839293
vn -0.189478 0.509593 0.839293
vn -0.239070 0.638884 0.731213
vn -0.239070 0.638884 0.731213
vn -0.239070 0.638884 0.731213
vn 0.629061 -0.074246 -0.773803
vn 0.629061 -0.074246 -0.773803
vn 0.629061 -0.074246 -0.773803
vn 0.008784 0.564849 0.825148
vn 0.008784 0.564849 0.825148
vn 0.008784 0.564849 0.825148
vn 0.284335 -0.169528 0.943618
vn 0.284335 -0.169528 0.943618
vn 0.284335 -0.169528 0.943618
vn -0.492068 0.868957 0.052756
vn -0.492068 0.868957 0.052756
vn -0.492068 0.868957 0.052756
vn -0.578422 -0.275059 0.767965
vn -0.578422 -0.275059 0.767965
vn -0.578422 -0.275059 0.767965
vn 0.072282 0.980492 0.182786
vn 0.072282 0.980492 0.182786
vn 0.072282 0.980492 0.182786
vn 0.081280 0.959909 0.268269
vn 0.081280 0.959909 0.268269
vn 0.081280 0.959909 0.268269
vn -0.234063 -0.230606 0.944476
vn -0.234063 -0.230606 0.944476
vn -0.234063 -0.230606 0.944476
vn -0.192513 -0.223392 0.955528
vn -0.192513 -0.223392 0.955528
vn -0.192513 -0.223392 0.955528
vn -0.068665 0.167908 0.983408
vn -0.068665 0.167908 0.983408
vn -0.068665 0.167908 0.983408
vn 0.401841 0.914848 -0.039717
vn 0.401841 0.914848 -0.039717
vn 0.401841 0.914848 -0.039717
vn 0.931297 0.011187 -0.364088
vn 0.931297 0.011187 -0.364088
vn 0.931297 0.011187 -0.364088
vn 0.204251 0.652897 0.729388
vn 0.204251 0.652897 0.729389
vn 0.204251 0.652897 0.729389
vn 0.219579 0.003339 0.975589
vn 0.219579 0.003339 0.975589
vn 0.219579 0.003339 0.975589
vn 0.214873 0.083683 0.973050
vn 0.214873 0.083683 0.973050
vn 0.214873 0.083683 0.973050
vn -0.669185 -0.323764 0.668856
vn -0.669185 -0.323764 0.668856
vn -0.669185 -0.323764 0.668856
vn -0.249125 -0.250706 0.935459
vn -0.249125 -0.250706 0.935459
vn -0.249125 -0.250706 0.935459
vn -0.258146 0.269902 0.927639
vn -0.258146 0.269902 0.927639
vn -0.258146 0.269902 0.927639
vn -0.373273 0.421224 0.826582
vn -0.373273 0.421224 0.826582
vn -0.373273 0.421224 0.826582
vn 0.241484 0.926790 0.287657
vn 0.241484 0.926790 0.287657
vn 0.241484 0.926790 0.287657
vn -0.016164 -0.977570 0.209991
vn -0.016164 -0.977570 0.209991
vn -0.016164 -0.977570 0.209991
vn -0.004860 0.151769 0.988404
vn -0.004860 0.151769 0.988404
vn -0.004860 0.151769 0.988404
vn -0.189031 0.317417 0.929254
vn -0.189031 0.317417 0.929254
vn -0.189031 0.317418 0.929254
vn -0.358894 0.551968 0.752679
vn -0.358894 0.551968 0.752679
vn -0.358894 0.551968 0.752679
vn -0.265587 0.773090 0.576017
vn -0.265587 0.773090 0.576017
vn -0.265587 0.773090 0.576017
vn 0.016828 -0.579804 0.814582
vn 0.016828 -0.579804 0.814582
vn 0.016828 -0.579804 0.814582
vn -0.133916 0.054808 0.989476
vn -0.133916 0.054808 0.989476
vn -0.133916 0.054808 0.989476
vn 0.159428 0.112176 0.980816
vn 0.159428 0.112176 0.980816
vn 0.159428 0.112176 0.980816
vn 0.140230 -0.050486 0.988831
vn 0.140230 -0.050486 0.988831
vn 0.140230 -0.050486 0.988831
vn -0.359441 -0.441583 0.822075
vn -0.359441 -0.441583 0.822075
vn -0.359441 -0.441583 0.822075
vn 0.168889 0.704471 0.689346
vn 0.168889 0.704471 0.689346
vn 0.168889 0.704471 0.689346
vn -0.538088 -0.213107 0.815504
vn -0.538088 -0.213107 0.815504
vn -0.538088 -0.213107 0.815504
vn -0.180336 -0.282267 0.942234
vn -0.180336 -0.282267 0.942234
vn -0.180336 -0.282267 0.942234
vn -0.251262 -0.247245 0.935808
vn -0.251262 -0.247245 0.935808
vn -0.251262 -0.247245 0.935808
vn -0.183744 -0.228695 0.956001
vn -0.183744 -0.228695 0.956001
vn -0.183744 -0.228695 0.956001
vn -0.147122 -0.084319 0.985518
vn -0.147122 -0.084319 0.985518
vn -0.147122 -0.084319 0.985518
vn 0.364096 -0.306813 0.879375
vn 0.364096 -0.306813 0.879375
vn 0.364096 -0.306813 0.879375
vn 0.288941 0.138382 0.947293
vn 0.288942 0.138382 0.947293
vn 0.288942 0.138382 0.947293
vn -0.186902 0.251792 0.949562
vn -0.186902 0.251792 0.949562
vn -0.186902 0.251792 0.949562
vn -0.320015 0.587880 0.742959
vn -0.320015 0.587880 0.742959
vn -0.320015 0.587880 0.742959
vn -0.874538 0.102761 -0.473944
vn -0.874538 0.102761 -0.473944
vn -0.874538 0.102761 -0.473944
vn 0.343645 0.937503 0.054744
vn 0.343645 0.937503 0.054744
vn 0.343645 0.937503 0.054744
vn -0.263891 0.542633 0.797440
vn -0.263891 0.542633 0.797440
vn -0.263891 0.542633 0.797440
vn -0.386672 0.716285 0.580879
vn -0.386672 0.716285 0.580880
vn -0.386672 0.716285 0.580879
vn 0.595141 -0.772772 -0.220522
vn 0.595141 -0.772772 -0.220522
vn 0.595141 -0.772772 -0.220522
vn 0.925390 -0.125637 -0.357588
vn 0.925390 -0.125637 -0.357588
vn 0.925390 -0.125637 -0.357588
vn -0.118018 0.522807 0.844242
vn -0.118018 0.522807 0.844242
vn -0.118018 0.522807 0.844242
vn -0.130799 -0.574374 0.808075
vn -0.130799 -0.574374 0.808075
vn -0.130799 -0.574374 0.808075
vn 0.194604 -0.270863 0.942742
vn 0.194604 -0.270863 0.942742
vn 0.194604 -0.270863 0.942742
vn -0.120088 0.004472 0.992753
vn -0.120088 0.004472 0.992753
vn -0.120088 0.004472 0.992753
vn 0.047366 0.339362 0.939463
vn 0.047366 0.339362 0.939463
vn 0.047366 0.339362 0.939463
vn -0.266999 0.514301 0.814988
vn -0.266999 0.514301 0.814988
vn -0.266999 0.514301 0.814988
vn 0.275156 -0.254861 0.927003
vn 0.275156 -0.254861 0.927003
vn 0.275156 -0.254861 0.927003
vn 0.222898 0.294063 0.929432
vn 0.222898 0.294063 0.929432
vn 0.222898 0.294063 0.929432
vn -0.068108 0.124202 0.989917
vn -0.068108 0.124202 0.989917
vn -0.068108 0.124202 0.989917
vn 0.180400 0.642584 0.744675
vn 0.180400 0.642584 0.744675
vn 0.180400 0.642584 0.744675
vn -0.410023 -0.480080 0.775502
vn -0.410023 -0.480080 0.775502
vn -0.410023 -0.480080 0.775502
vn -0.372092 -0.372410 0.850211
vn -0.372092 -0.372410 0.850211
vn -0.372092 -0.372410 0.850211
vn 0.553074 -0.771695 -0.313999
vn 0.553074 -0.771695 -0.313999
vn 0.553074 -0.771695 -0.313999
vn 0.198551 -0.210466 0.957226
vn 0.198551 -0.210466 0.957226
vn 0.198551 -0.210466 0.957226
vn -0.330465 -0.325146 0.886043
vn -0.330465 -0.325146 0.886043
vn -0.330465 -0.325146 0.886043
vn -0.265130 -0.095275 0.959494
vn -0.265130 -0.095275 0.959494
vn -0.265130 -0.095275 0.959494
vn -0.155654 0.049649 0.986563
vn -0.155654 0.049649 0.986563
vn -0.155654 0.049649 0.986563
vn -0.069327 0.110342 0.991473
vn -0.069327 0.110342 0.991473
vn -0.069327 0.110342 0.991473
vn 0.084042 0.825694 0.557823
vn 0.084042 0.825694 0.557823
vn 0.084042 0.825694 0.557823
vn -0.208409 0.166265 0.963806
vn -0.208409 0.166265 0.963806
vn -0.208409 0.166265 0.963806
vn -0.139177 0.213849 0.966901
vn -0.139177 0.213849 0.966901
vn -0.139177 0.213849 0.966901
vn -0.153994 0.431611 0.888818
vn -0.153994 0.431611 0.888818
vn -0.153994 0.431611 0.888818
vn -0.249773 0.445948 0.859502
vn -0.249773 0.445948 0.859502
vn -0.249773 0.445948 0.859502
vn -0.279634 0.814958 0.507591
vn -0.279634 0.814958 0.507591
vn -0.279634 0.814958 0.507591
vn 0.279619 0.483900 0.829249
vn 0.279619 0.483900 0.829249
vn 0.279619 0.483900 0.829249
vn -0.014848 0.539163 0.842071
vn -0.014848 0.539163 0.842071
vn -0.014848 0.539163 0.842071
vn -0.118365 0.284386 0.951375
vn -0.118365 0.284386 0.951375
vn -0.118365 0.284386 0.951375
vn -0.345431 -0.364398 0.864807
vn -0.345431 -0.364398 0.864807
vn -0.345431 -0.364398 0.864807
vn -0.343053 -0.322782 0.882115
vn -0.343053 -0.322782 0.882115
vn -0.343053 -0.322782 0.882115
vn -0.237600 -0.131554 0.962414
vn -0.237600 -0.131554 0.962414
vn -0.237600 -0.131554 0.962414
vn -0.332397 -0.323467 0.885935
vn -0.332397 -0.323467 0.885935
vn -0.332397 -0.323467 0.885935
vn -0.196831 -0.224204 0.954458
vn -0.196831 -0.224204 0.954458
vn -0.196831 -0.224204 0.954458
vn -0.196108 -0.164495 0.966687
vn -0.196108 -0.164495 0.966687
vn -0.196108 -0.164495 0.966687
vn -0.109566 0.310896 0.944108
vn -0.109566 0.310896 0.944108
vn -0.109566 0.310896 0.944108
vn -0.135382 0.573967 0.807610
vn -0.135382 0.573967 0.807610
vn -0.135382 0.573967 0.807610
vn 0.991990 0.087938 -0.090675
vn 0.991990 0.087938 -0.090675
vn 0.991990 0.087938 -0.090675
vn 0.047864 0.115740 0.992126
vn 0.047864 0.115740 0.992126
vn 0.047864 0.115740 0.992126
vn -0.228925 0.820228 0.524232
vn -0.228925 0.820228 0.524232
vn -0.228925 0.820228 0.524232
vn 0.348053 -0.333051 0.876320
vn 0.348053 -0.333051 0.876320
vn 0.348053 -0.333051 0.876320
vn -0.090692 -0.149415 0.984607
vn -0.090692 -0.149415 0.984607
vn -0.090692 -0.149415 0.984607
vn -0.034228 0.077423 0.996411
vn -0.034228 0.077423 0.996411
vn -0.034228 0.077423 0.996411
vn 0.073117 0.532737 0.843116
vn 0.073117 0.532737 0.843116
vn 0.073117 0.532737 0.843116
vn 0.708501 -0.651238 -0.271874
vn 0.708501 -0.651238 -0.271874
vn 0.708501 -0.651238 -0.271874
vn -0.234169 -0.418071 0.877714
vn -0.234169 -0.418071 0.877714
vn -0.234169 -0.418071 0.877714
vn 0.077862 0.959280 0.271512
vn 0.077862 0.959280 0.271512
vn 0.077862 0.959280 0.271512
vn 0.246165 0.963489 0.105315
vn 0.246165 0.963489 0.105315
vn 0.246165 0.963489 0.105315
vn 0.052967 0.142624 0.988359
vn 0.052967 0.142624 0.988359
vn 0.052967 0.142624 0.988359
vn 0.059611 0.161655 0.985045
vn 0.059611 0.161655 0.985045
vn 0.059611 0.161655 0.985045
vn 0.946567 0.274374 -0.169497
vn 0.946567 0.274374 -0.169497
vn 0.946567 0.274374 -0.169497
vn 0.015155 0.208541 0.977896
vn 0.015155 0.208541 0.977896
vn 0.015155 0.208541 0.977896
vn -0.034008 0.044667 0.998423
vn -0.034008 0.044667 0.998423
vn -0.034008 0.044667 0.998423
vn -0.182025 0.222017 0.957901
vn -0.182025 0.222017 0.957901
vn -0.182025 0.222017 0.957901
vn -0.174542 0.701372 0.691095
vn -0.174542 0.701372 0.691095
vn -0.174542 0.701372 0.691095
vn -0.985425 -0.137828 -0.099706
vn -0.985425 -0.137828 -0.099706
vn -0.985425 -0.137828 -0.099706
vn 0.283684 0.578956 0.764417
vn 0.283684 0.578956 0.764417
vn 0.283684 0.578956 0.764417
vn -0.290473 -0.265062 -0.919439
vn -0.290473 -0.265062 -0.919439
vn -0.290473 -0.265062 -0.919439
vn -0.149173 0.560721 0.814457
vn -0.149173 0.560721 0.814457
vn -0.149173 0.560721 0.814457
vn -0.141119 0.475159 0.868510
vn -0.141119 0.475159 0.868510
vn -0.141119 0.475159 0.868510
vn -0.153887 0.550256 0.820693
vn -0.153887 0.550256 0.820693
vn -0.153887 0.550256 0.820693
vn -0.130386 0.584810 0.800623
vn -0.130386 0.584810 0.800623
vn -0.130386 0.584810 0.800623
vn -0.048702 -0.416938 0.907629
vn -0.048702 -0.416938 0.907629
vn -0.048702 -0.416938 0.907629
vn -0.040887 -0.716401 0.696490
vn -0.040887 -0.716401 0.696490
vn -0.040887 -0.716401 0.696490
vn -0.016228 0.171887 0.984983
vn -0.016228 0.171887 0.984983
vn -0.016228 0.171887 0.984983
vn 0.051778 0.651439 0.756932
vn 0.051778 0.651439 0.756932
vn 0.051778 0.651439 0.756932
vn 0.070945 0.037322 0.996782
vn 0.070945 0.037322 0.996782
vn 0.070945 0.037322 0.996782
vn -0.108368 -0.666856 0.737265
vn -0.108368 -0.666856 0.737265
vn -0.108368 -0.666856 0.737265
vn -0.153118 0.983485 0.096497
vn -0.153118 0.983485 0.096497
vn -0.153118 0.983485 0.096497
vn -0.232467 -0.062122 0.970618
vn -0.232467 -0.062122 0.970618
vn -0.232467 -0.062122 0.970618
vn -0.213418 -0.030368 0.976489
vn -0.213418 -0.030368 0.976489
vn -0.213418 -0.030368 0.976489
vn -0.331496 -0.134830 0.933773
vn -0.331496 -0.134830 0.933772
vn -0.331496 -0.134830 0.933772
vn -0.067009 -0.114237 0.991191
vn -0.067009 -0.114237 0.991191
vn -0.067009 -0.114237 0.991191
vn -0.064564 0.067886 0.995602
vn -0.064564 0.067886 0.995602
vn -0.064564 0.067886 0.995602
vn -0.029202 0.176822 0.983810
vn -0.029202 0.176822 0.983810
vn -0.029202 0.176822 0.983810
vn -0.330276 -0.077767 0.940675
vn -0.330276 -0.077767 0.940675
vn -0.330276 -0.077767 0.940675
vn -0.143114 0.473122 0.869295
vn -0.143114 0.473122 0.869295
vn -0.143114 0.473121 0.869295
vn 0.862756 -0.221569 -0.454489
vn 0.862756 -0.221569 -0.454488
vn 0.862756 -0.221569 -0.454488
vn 0.195131 -0.019681 0.980580
vn 0.195131 -0.019681 0.980580
vn 0.195131 -0.019681 0.980580
vn 0.188177 -0.091184 0.977893
vn 0.188177 -0.091184 0.977893
vn 0.188177 -0.091184 0.977893
vn -0.133232 -0.691365 0.710116
vn -0.133232 -0.691365 0.710116
vn -0.133232 -0.691365 0.710116
vn -0.380408 -0.333802 0.862477
vn -0.380408 -0.333802 0.862477
vn -0.380408 -0.333802 0.862477
vn -0.336360 -0.324516 0.884054
vn -0.336360 -0.324516 0.884054
vn -0.336360 -0.324516 0.884054
vn -0.323533 -0.174995 0.929894
vn -0.323533 -0.174995 0.929894
vn -0.323533 -0.174995 0.929894
vn -0.041702 0.051927 0.997780
vn -0.041702 0.051927 0.997780
vn -0.041702 0.051927 0.997780
vn -0.102337 0.141087 0.984694
vn -0.102337 0.141087 0.984694
vn -0.102337 0.141087 0.984694
vn -0.104018 0.145693 0.983846
vn -0.104018 0.145693 0.983846
vn -0.104018 0.145693 0.983846
vn -0.046101 0.506519 0.860996
vn -0.046101 0.506519 0.860996
vn -0.046101 0.506519 0.860996
vn -0.186994 0.868794 0.458508
vn -0.186994 0.868794 0.458508
vn -0.186994 0.868794 0.458508
vn -0.060409 0.327724 0.942840
vn -0.060409 0.327724 0.942840
vn -0.060409 0.327724 0.942840
vn -0.149375 0.755875 0.637448
vn -0.149375 0.755875 0.637448
vn -0.149375 0.755875 0.637448
vn -0.154831 0.779659 0.606761
vn -0.154831 0.779659 0.606761
vn -0.154831 0.779659 0.606761
vn 0.286007 0.307400 0.907582
vn 0.286007 0.307400 0.907582
vn 0.286007 0.307400 0.907582
vn 0.321845 0.310640 0.894382
vn 0.321845 0.310640 0.894382
vn 0.321845 0.310640 0.894382
vn -0.211000 -0.048256 0.976294
vn -0.211000 -0.048256 0.976294
vn -0.211000 -0.048256 0.976294
vn 0.253858 0.034984 0.966609
vn 0.253858 0.034984 0.966608
vn 0.253858 0.034984 0.966609
vn -0.016427 0.335251 0.941986
vn -0.016427 0.335251 0.941986
vn -0.016427 0.335250 0.941986
vn 0.592973 0.012726 -0.805121
vn 0.592973 0.012726 -0.805121
vn 0.592973 0.012726 -0.805121
vn -0.031838 0.956432 0.290214
vn -0.031838 0.956432 0.290214
vn -0.031838 0.956432 0.290214
vn -0.125144 0.584502 0.801684
vn -0.125144 0.584502 0.801684
vn -0.125144 0.584502 0.801684
vn 0.911136 0.201193 -0.359655
vn 0.911136 0.201193 -0.359655
vn 0.911136 0.201193 -0.359655
vn 0.300866 0.130831 0.944650
vn 0.300866 0.130831 0.944650
vn 0.300866 0.130831 0.944650
vn -0.101570 -0.690362 0.716299
vn -0.101570 -0.690362 0.716299
vn -0.101570 -0.690362 0.716299
vn -0.227300 -0.413948 0.881466
vn -0.227300 -0.413948 0.881466
vn -0.227300 -0.413948 0.881466
vn 0.014636 -0.463005 0.886235
vn 0.014636 -0.463005 0.886235
vn 0.014636 -0.463005 0.886235
vn -0.048664 -0.135128 0.989632
vn -0.048664 -0.135128 0.989632
vn -0.048664 -0.135128 0.989632
vn -0.195523 -0.472965 0.859113
vn -0.195523 -0.472964 0.859113
vn -0.195523 -0.472965 0.859113
vn 0.212056 0.180229 0.960494
vn 0.212056 0.180229 0.960494
vn 0.212056 0.180229 0.960494
vn 0.010721 -0.960175 -0.279194
vn 0.010721 -0.960175 -0.279194
vn 0.010721 -0.960175 -0.279194
vn 0.084448 0.097736 0.991623
vn 0.084448 0.097735 0.991623
vn 0.084448 0.097736 0.991623
vn -0.296285 -0.052290 0.953667
vn -0.296286 -0.052290 0.953667
vn -0.296286 -0.052290 0.953667
vn 0.045021 -0.423683 0.904691
vn 0.045021 -0.423683 0.904691
vn 0.045021 -0.423683 0.904691
vn -0.273867 -0.115673 0.954786
vn -0.273867 -0.115673 0.954786
vn -0.273867 -0.115673 0.954786
vn -0.191618 0.028245 0.981063
vn -0.191618 0.028245 0.981063
vn -0.191618 0.028245 0.981063
vn -0.187689 0.067455 0.979910
vn -0.187689 0.067455 0.979910
vn -0.187689 0.067455 0.979910
vn -0.026090 0.142340 0.989474
vn -0.026090 0.142340 0.989474
vn -0.026090 0.142340 0.989474
vn -0.958039 0.286414 0.011318
vn -0.958039 0.286414 0.011318
vn -0.958039 0.286414 0.011318
vn 0.149919 0.212645 0.965560
vn 0.149919 0.212645 0.965560
vn 0.149919 0.212645 0.965560
vn 0.065579 0.208091 0.975909
vn 0.065579 0.208091 0.975909
vn 0.065579 0.208091 0.975909
vn 0.380380 -0.086431 0.920783
vn 0.380380 -0.086431 0.920783
vn 0.380380 -0.086431 0.920783
vn 0.778124 -0.266492 0.568776
vn 0.778124 -0.266492 0.568776
vn 0.778124 -0.266492 0.568776
vn 0.377860 -0.080807 0.922330
vn 0.377860 -0.080807 0.922330
vn 0.377860 -0.080807 0.922330
vn -0.340968 0.805040 0.485440
vn -0.340968 0.805040 0.485440
vn -0.340968 0.805040 0.485440
vn 0.484197 0.410414 0.772731
vn 0.484197 0.410414 0.772731
vn 0.484197 0.410414 0.772731
vn 0.483714 -0.285027 0.827514
vn 0.483714 -0.285027 0.827514
vn 0.483714 -0.285027 0.827514
vn 0.406640 -0.318269 0.856358
vn 0.406640 -0.318269 0.856358
vn 0.406640 -0.318269 0.856358
vn 0.169865 -0.788691 0.590857
vn 0.169865 -0.788691 0.590857
vn 0.169865 -0.788691 0.590857
vn 0.438402 0.383745 0.812738
vn 0.438402 0.383745 0.812738
vn 0.438402 0.383745 0.812738
vn 0.357756 -0.186746 -0.914951
vn 0.357756 -0.186746 -0.914951
vn 0.357756 -0.186746 -0.914951
vn 0.436699 0.236563 0.867947
vn 0.436699 0.236563 0.867947
vn 0.436699 0.236563 0.867947
vn 0.315574 -0.322892 0.892274
vn 0.315574 -0.322892 0.892274
vn 0.315574 -0.322892 0.892275
vn 0.554480 -0.075028 0.828808
vn 0.554480 -0.075028 0.828808
vn 0.554480 -0.075028 0.828808
vn 0.822154 -0.148827 0.549467
vn 0.822154 -0.148827 0.549467
vn 0.822154 -0.148827 0.549467
vn 0.974558 0.032678 -0.221742
vn 0.974558 0.032678 -0.221742
vn 0.974558 0.032678 -0.221742
vn 0.226078 0.198769 0.953614
vn 0.226078 0.198769 0.953614
vn 0.226078 0.198769 0.953614
vn 0.726456 -0.017765 0.686983
vn 0.726456 -0.017765 0.686983
vn 0.726456 -0.017765 0.686983
vn 0.573273 -0.255248 0.778592
vn 0.573273 -0.255248 0.778592
vn 0.573273 -0.255248 0.778592
vn -0.093807 -0.521319 -0.848190
vn -0.093807 -0.521319 -0.848190
vn -0.093807 -0.521319 -0.848190
vn 0.402149 -0.539644 0.739635
vn 0.402149 -0.539644 0.739635
vn 0.402149 -0.539644 0.739635
vn 0.522754 0.078817 0.848832
vn 0.522754 0.078817 0.848832
vn 0.522754 0.078817 0.848832
vn 0.314617 0.310807 0.896892
vn 0.314617 0.310807 0.896892
vn 0.314617 0.310807 0.896892
vn 0.524874 -0.796508 -0.300138
vn 0.524874 -0.796508 -0.300138
vn 0.524874 -0.796508 -0.300138
vn 0.629687 -0.391086 -0.671228
vn 0.629686 -0.391086 -0.671228
vn 0.629686 -0.391086 -0.671228
vn 0.920591 0.118414 -0.372144
vn 0.920591 0.118414 -0.372144
vn 0.920591 0.118414 -0.372144
vn 0.157242 0.792180 0.589682
vn 0.157242 0.792181 0.589682
vn 0.157242 0.792180 0.589682
vn 0.487280 -0.289878 0.823729
vn 0.487280 -0.289878 0.823729
vn 0.487280 -0.289878 0.823729
vn 0.925578 0.327089 0.190573
vn 0.925578 0.327089 0.190573
vn 0.925578 0.327089 0.190573
vn -0.241827 0.719869 -0.650621
vn -0.241827 0.719869 -0.650621
vn -0.241828 0.719869 -0.650621
vn 0.424504 0.318147 0.847690
vn 0.424504 0.318147 0.847690
vn 0.424504 0.318147 0.847690
vn 0.256669 0.411024 0.874746
vn 0.256669 0.411024 0.874746
vn 0.256669 0.411024 0.874746
vn 0.552983 -0.310472 0.773186
vn 0.552983 -0.310472 0.773186
vn 0.552983 -0.310472 0.773186
vn 0.910921 -0.101698 0.399849
vn 0.910921 -0.101698 0.399849
vn 0.910921 -0.101698 0.399849
vn -0.003112 -0.674278 0.738472
vn -0.003112 -0.674277 0.738471
vn -0.003112 -0.674278 0.738472
vn 0.464178 0.330970 0.821582
vn 0.464178 0.330970 0.821582
vn 0.464178 0.330970 0.821582
vn 0.522211 0.279945 0.805560
vn 0.522211 0.279945 0.805560
vn 0.522211 0.279945 0.805560
vn 0.808177 0.486280 -0.332237
vn 0.808177 0.486280 -0.332237
vn 0.808177 0.486280 -0.332237
vn 0.575033 0.342191 0.743130
vn 0.575033 0.342191 0.743130
vn 0.575033 0.342191 0.743130
vn -0.934324 0.266622 0.236539
vn -0.934324 0.266622 0.236539
vn -0.934324 0.266622 0.236539
vn 0.236346 0.442594 0.865015
vn 0.236346 0.442594 0.865015
vn 0.236346 0.442594 0.865015
vn 0.463692 0.325933 0.823867
vn 0.463692 0.325933 0.823867
vn 0.463692 0.325933 0.823867
vn 0.335169 -0.187105 0.923392
vn 0.335169 -0.187105 0.923392
vn 0.335169 -0.187105 0.923392
vn 0.163689 0.740690 0.651601
vn 0.163689 0.740690 0.651601
vn 0.163689 0.740690 0.651601
vn 0.208969 -0.710618 0.671829
vn 0.208969 -0.710618 0.671829
vn 0.208969 -0.710618 0.671829
vn -0.068478 -0.621964 -0.780046
vn -0.068478 -0.621964 -0.780046
vn -0.068478 -0.621964 -0.780046
vn 0.641325 -0.508628 0.574456
vn 0.641325 -0.508628 0.574456
vn 0.641325 -0.508628 0.574456
vn -0.656261 -0.737668 -0.158643
vn -0.656261 -0.737668 -0.158643
vn -0.656261 -0.737668 -0.158643
vn 0.647206 0.084860 0.757577
vn 0.647206 0.084860 0.757577
vn 0.647206 0.084860 0.757577
vn 0.760061 0.328961 0.560439
vn 0.760061 0.328961 0.560439
vn 0.760061 0.328961 0.560439
vn 0.356392 0.327073 0.875219
vn 0.356392 0.327073 0.875219
vn 0.356392 0.327073 0.875219
vn 0.592565 -0.109962 0.797982
vn 0.592565 -0.109962 0.797982
vn 0.592565 -0.109962 0.797982
vn 0.459707 0.451188 0.764917
vn 0.459708 0.451188 0.764917
vn 0.459707 0.451188 0.764917
vn 0.669169 -0.538987 0.511572
vn 0.669169 -0.538987 0.511572
vn 0.669169 -0.538987 0.511572
vn 0.696904 -0.360359 0.620053
vn 0.696904 -0.360359 0.620053
vn 0.696905 -0.360359 0.620053
vn 0.584332 0.297198 0.755135
vn 0.584332 0.297198 0.755135
vn 0.584332 0.297198 0.755135
vn 0.021931 0.906292 0.422083
vn 0.021931 0.906292 0.422083
vn 0.021931 0.906292 0.422083
vn 0.785208 0.034739 0.618257
vn 0.785208 0.034739 0.618257
vn 0.785208 0.034739 0.618257
vn 0.735434 0.187965 0.651004
vn 0.735434 0.187965 0.651004
vn 0.735434 0.187965 0.651004
vn 0.958326 0.042725 0.282464
vn 0.958326 0.042725 0.282464
vn 0.958326 0.042725 0.282464
vn 0.548700 -0.707292 0.445720
vn 0.548700 -0.707292 0.445720
vn 0.548700 -0.707292 0.445720
vn 0.851984 -0.102850 0.513366
vn 0.851984 -0.102850 0.513366
vn 0.851984 -0.102850 0.513366
vn 0.848067 -0.153855 0.507061
vn 0.848067 -0.153855 0.507061
vn 0.848067 -0.153855 0.507061
vn 0.797307 0.227370 0.559111
vn 0.797306 0.227370 0.559111
vn 0.797306 0.227370 0.559111
vn 0.689292 0.379165 0.617341
vn 0.689292 0.379165 0.617341
vn 0.689292 0.379165 0.617341
vn 0.686622 0.399422 0.607464
vn 0.686622 0.399422 0.607464
vn 0.686622 0.399422 0.607464
vn 0.789642 -0.167906 0.590146
vn 0.789642 -0.167906 0.590146
vn 0.789642 -0.167906 0.590146
vn 0.745367 -0.035549 0.665706
vn 0.745367 -0.035549 0.665706
vn 0.745367 -0.035549 0.665706
vn 0.752060 -0.116600 0.648699
vn 0.752060 -0.116600 0.648699
vn 0.752060 -0.116600 0.648699
vn 0.789854 0.339289 0.510895
vn 0.789854 0.339289 0.510895
vn 0.789854 0.339289 0.510895
vn 0.227517 0.439869 0.868764
vn 0.227517 0.439869 0.868764
vn 0.227517 0.439869 0.868764
vn -0.121530 0.221240 -0.967617
vn -0.121530 0.221240 -0.967617
vn -0.121530 0.221240 -0.967617
vn 0.545171 -0.778734 0.310423
vn 0.545171 -0.778734 0.310423
vn 0.545171 -0.778734 0.310423
vn 0.739985 -0.556068 0.378433
vn 0.739985 -0.556068 0.378433
vn 0.739985 -0.556068 0.378433
vn 0.785225 0.182926 0.591574
vn 0.785225 0.182926 0.591574
vn 0.785225 0.182926 0.591574
vn 0.950672 -0.239382 -0.197278
vn 0.950672 -0.239382 -0.197278
vn 0.950672 -0.239382 -0.197278
vn 0.680306 0.292830 0.671889
vn 0.680306 0.292830 0.671889
vn 0.680306 0.292830 0.671889
vn 0.773540 -0.051731 0.631633
vn 0.773540 -0.051731 0.631633
vn 0.773540 -0.051731 0.631633
vn 0.694136 0.083682 0.714963
vn 0.694136 0.083682 0.714963
vn 0.694136 0.083682 0.714963
vn 0.421483 0.228139 0.877670
vn 0.421483 0.228139 0.877670
vn 0.421483 0.228139 0.877670
vn 0.495469 0.462890 0.735013
vn 0.495469 0.462890 0.735013
vn 0.495469 0.462890 0.735013
vn 0.707995 -0.619873 0.338378
vn 0.707995 -0.619873 0.338378
vn 0.707995 -0.619873 0.338378
vn 0.869299 -0.344746 0.354217
vn 0.869299 -0.344746 0.354217
vn 0.869299 -0.344746 0.354217
vn 0.770727 0.409467 0.488177
vn 0.770727 0.409467 0.488177
vn 0.770727 0.409467 0.488177
vn 0.657622 -0.095362 0.747288
vn 0.657622 -0.095362 0.747288
vn 0.657622 -0.095362 0.747288
vn 0.803816 -0.064787 0.591339
vn 0.803816 -0.064787 0.591339
vn 0.803816 -0.064787 0.591339
vn 0.834031 0.211260 0.509668
vn 0.834031 0.211260 0.509668
vn 0.834031 0.211260 0.509668
vn 0.772115 0.093648 0.628545
vn 0.772115 0.093648 0.628545
vn 0.772115 0.093648 0.628545
vn 0.057044 0.294847 -0.953840
vn 0.057044 0.294847 -0.953840
vn 0.057044 0.294847 -0.953840
vn 0.577519 -0.252939 0.776205
vn 0.577519 -0.252939 0.776205
vn 0.577519 -0.252939 0.776205
vn 0.386190 -0.045265 0.921308
vn 0.386190 -0.045265 0.921308
vn 0.386190 -0.045265 0.921308
vn 0.808740 0.269801 0.522634
vn 0.808740 0.269801 0.522634
vn 0.808740 0.269801 0.522634
vn 0.490042 -0.007238 0.871669
vn 0.490042 -0.007238 0.871669
vn 0.490042 -0.007238 0.871669
vn 0.884114 -0.082482 0.459933
vn 0.884114 -0.082482 0.459933
vn 0.884114 -0.082482 0.459933
vn 0.775653 0.373210 0.508997
vn 0.775653 0.373210 0.508997
vn 0.775653 0.373210 0.508997
vn 0.899713 0.079989 0.429090
vn 0.899713 0.079989 0.429090
vn 0.899713 0.079989 0.429090
vn 0.307313 0.301312 0.902646
vn 0.307313 0.301312 0.902646
vn 0.307313 0.301312 0.902646
vn 0.503901 -0.295575 0.811615
vn 0.503901 -0.295575 0.811615
vn 0.503901 -0.295575 0.811615
vn 0.628817 -0.515123 0.582440
vn 0.628817 -0.515123 0.582440
vn 0.628817 -0.515123 0.582441
vn 0.490631 0.373396 0.787309
vn 0.490631 0.373396 0.787309
vn 0.490631 0.373396 0.787310
vn 0.464789 -0.829492 0.309700
vn 0.464789 -0.829492 0.309700
vn 0.464789 -0.829492 0.309700
vn 0.269945 -0.178396 0.946205
vn 0.269945 -0.178396 0.946205
vn 0.269945 -0.178396 0.946205
vn 0.840275 0.325908 0.433269
vn 0.840275 0.325908 0.433269
vn 0.840275 0.325908 0.433269
vn 0.842490 -0.003833 0.538698
vn 0.842490 -0.003833 0.538698
vn 0.842490 -0.003833 0.538698
vn 0.692814 -0.611874 0.381599
vn 0.692814 -0.611874 0.381599
vn 0.692814 -0.611874 0.381599
vn 0.878939 0.064866 0.472502
vn 0.878939 0.064866 0.472502
vn 0.878939 0.064866 0.472502
vn -0.130692 0.300485 -0.944790
vn -0.130692 0.300485 -0.944790
vn -0.130692 0.300485 -0.944790
vn 0.869301 -0.083769 0.487133
vn 0.869301 -0.083769 0.487133
vn 0.869301 -0.083769 0.487133
vn 0.484044 -0.452042 0.749239
vn 0.484044 -0.452042 0.749239
vn 0.484044 -0.452042 0.749239
vn 0.590902 -0.172715 0.788039
vn 0.590901 -0.172715 0.788039
vn 0.590901 -0.172715 0.788039
vn 0.510425 0.207395 0.834538
vn 0.510425 0.207395 0.834538
vn 0.510425 0.207395 0.834538
vn 0.535642 0.125062 0.835133
vn 0.535642 0.125062 0.835133
vn 0.535642 0.125062 0.835133
vn 0.605144 -0.357456 0.711355
vn 0.605144 -0.357456 0.711355
vn 0.605144 -0.357456 0.711355
vn 0.516159 -0.699417 -0.494364
vn 0.516159 -0.699417 -0.494364
vn 0.516159 -0.699417 -0.494364
vn 0.774146 -0.410543 0.481822
vn 0.774146 -0.410543 0.481822
vn 0.774146 -0.410544 0.481822
vn 0.665236 -0.541065 0.514500
vn 0.665236 -0.541065 0.514500
vn 0.665236 -0.541065 0.514500
vn 0.791208 0.041500 0.610138
vn 0.791208 0.041500 0.610138
vn 0.791208 0.041500 0.610138
vn 0.492928 0.308592 0.813506
vn 0.492928 0.308592 0.813506
vn 0.492928 0.308592 0.813506
vn 0.576147 0.435653 0.691564
vn 0.576147 0.435653 0.691564
vn 0.576147 0.435653 0.691564
vn 0.594635 0.408339 0.692581
vn 0.594635 0.408339 0.692581
vn 0.594635 0.408339 0.692580
vn 0.629519 0.475016 0.614870
vn 0.629520 0.475016 0.614870
vn 0.629519 0.475016 0.614870
vn 0.748927 0.267092 0.606441
vn 0.748927 0.267092 0.606441
vn 0.748927 0.267092 0.606441
vn 0.827207 -0.137620 0.544784
vn 0.827207 -0.137620 0.544784
vn 0.827207 -0.137620 0.544784
vn 0.818034 0.060395 0.571991
vn 0.818034 0.060395 0.571991
vn 0.818034 0.060395 0.571991
vn 0.527958 -0.458262 0.715022
vn 0.527958 -0.458262 0.715022
vn 0.527958 -0.458262 0.715022
vn 0.837763 -0.190904 0.511575
vn 0.837763 -0.190905 0.511575
vn 0.837763 -0.190905 0.511575
vn 0.636210 -0.676090 -0.371672
vn 0.636210 -0.676090 -0.371672
vn 0.636209 -0.676090 -0.371672
vn 0.443319 -0.187737 0.876484
vn 0.443319 -0.187737 0.876484
vn 0.443318 -0.187737 0.876484
vn 0.725899 -0.584299 0.362857
vn 0.725899 -0.584299 0.362857
vn 0.725899 -0.584299 0.362857
vn 0.375561 -0.135146 0.916891
vn 0.375561 -0.135146 0.916891
vn 0.375561 -0.135146 0.916891
vn -0.075487 0.172457 -0.982120
vn -0.075487 0.172457 -0.982120
vn -0.075487 0.172457 -0.982120
vn 0.506915 0.605211 0.613806
vn 0.506915 0.605211 0.613806
vn 0.506915 0.605211 0.613806
vn 0.287135 0.233737 0.928935
vn 0.287135 0.233737 0.928935
vn 0.287135 0.233737 0.928935
vn 0.531185 -0.241731 0.812040
vn 0.531185 -0.241731 0.812040
vn 0.531185 -0.241731 0.812040
vn 0.555647 0.264219 0.788318
vn 0.555647 0.264219 0.788318
vn 0.555647 0.264219 0.788317
vn -0.203252 0.761069 0.616005
vn -0.203252 0.761069 0.616005
vn -0.203252 0.761069 0.616005
vn 0.014867 0.161357 0.986784
vn 0.014867 0.161357 0.986784
vn 0.014867 0.161357 0.986784
vn 0.085856 0.090824 0.992159
vn 0.085856 0.090824 0.992159
vn 0.085856 0.090824 0.992159
vn 0.527432 -0.652838 -0.543709
vn 0.527432 -0.652838 -0.543708
vn 0.527432 -0.652838 -0.543708
vn -0.756886 -0.322732 -0.568303
vn -0.756886 -0.322732 -0.568303
vn -0.756886 -0.322732 -0.568303
vn 0.464752 0.486102 0.740074
vn 0.464752 0.486102 0.740074
vn 0.464752 0.486102 0.740074
vn -0.007731 0.169337 0.985528
vn -0.007731 0.169337 0.985528
vn -0.007731 0.169337 0.985528
vn 0.428007 -0.027286 0.903364
vn 0.428007 -0.027286 0.903364
vn 0.428007 -0.027286 0.903363
vn 0.559245 -0.757108 0.337687
vn 0.559245 -0.757108 0.337687
vn 0.559245 -0.757108 0.337687
vn 0.566720 0.505097 0.650927
vn 0.566720 0.505097 0.650927
vn 0.566720 0.505097 0.650927
vn -0.093438 -0.727261 -0.679972
vn -0.093438 -0.727261 -0.679972
vn -0.093438 -0.727261 -0.679972
vn 0.434038 -0.472252 0.767196
vn 0.434038 -0.472252 0.767196
vn 0.434038 -0.472252 0.767196
vn 0.358067 -0.518507 0.776491
vn 0.358067 -0.518507 0.776491
vn 0.358067 -0.518507 0.776491
vn 0.429657 -0.479889 0.764919
vn 0.429657 -0.479889 0.764919
vn 0.429657 -0.479889 0.764919
vn 0.717754 -0.040055 0.695144
vn 0.717754 -0.040055 0.695144
vn 0.717754 -0.040055 0.695144
vn 0.361795 -0.610093 0.704905
vn 0.361795 -0.610093 0.704905
vn 0.361795 -0.610093 0.704905
vn 0.278827 0.612799 0.739414
vn 0.278827 0.612799 0.739414
vn 0.278827 0.612799 0.739414
vn 0.191565 0.456224 0.869001
vn 0.191565 0.456224 0.869001
vn 0.191565 0.456224 0.869001
vn 0.580806 0.228758 0.781239
vn 0.580806 0.228758 0.781239
vn 0.580806 0.228758 0.781239
vn 0.415184 0.402075 0.816062
vn 0.415184 0.402075 0.816062
vn 0.415184 0.402075 0.816062
vn 0.450787 0.181585 0.873967
vn 0.450787 0.181585 0.873967
vn 0.450787 0.181585 0.873967
vn 0.729485 -0.139090 0.669706
vn 0.729485 -0.139090 0.669706
vn 0.729485 -0.139090 0.669706
vn 0.689638 -0.364817 0.625546
vn 0.689638 -0.364817 0.625546
vn 0.689638 -0.364817 0.625546
vn 0.629467 -0.195499 0.752032
vn 0.629467 -0.195499 0.752032
vn 0.629467 -0.195499 0.752032
vn 0.540901 0.191858 0.818912
vn 0.540901 0.191858 0.818912
vn 0.540901 0.191858 0.818912
vn 0.471490 -0.861413 -0.188853
vn 0.471490 -0.861413 -0.188853
vn 0.471490 -0.861413 -0.188853
vn 0.463178 -0.756920 0.461020
vn 0.463178 -0.756920 0.461020
vn 0.463178 -0.756920 0.461020
vn 0.284743 0.656603 0.698423
vn 0.284743 0.656603 0.698423
vn 0.284743 0.656603 0.698423
vn 0.403381 -0.497079 0.768243
vn 0.403381 -0.497079 0.768243
vn 0.403381 -0.497079 0.768243
vn 0.562906 -0.267136 0.782160
vn 0.562906 -0.267136 0.782160
vn 0.562906 -0.267136 0.782160
vn 0.563077 -0.263427 0.783295
vn 0.563077 -0.263427 0.783294
vn 0.563077 -0.263427 0.783295
vn 0.485693 0.438609 0.756125
vn 0.485693 0.438609 0.756125
vn 0.485693 0.438609 0.756125
vn 0.408805 0.436615 0.801403
vn 0.408805 0.436615 0.801403
vn 0.408805 0.436615 0.801402
vn 0.527399 0.372226 0.763740
vn 0.527399 0.372226 0.763740
vn 0.527399 0.372226 0.763740
vn 0.288271 0.634892 0.716807
vn 0.288271 0.634892 0.716807
vn 0.288271 0.634892 0.716807
vn 0.461573 0.497392 0.734542
vn 0.461573 0.497392 0.734542
vn 0.461573 0.497392 0.734542
vn 0.595990 0.216200 0.773339
vn 0.595990 0.216200 0.773339
vn 0.595990 0.216200 0.773339
vn 0.541457 0.303634 0.783984
vn 0.541457 0.303634 0.783984
vn 0.541457 0.303634 0.783984
vn 0.608866 0.168817 0.775102
vn 0.608866 0.168817 0.775102
vn 0.608866 0.168817 0.775102
vn 0.780988 -0.021176 0.624187
vn 0.780988 -0.021176 0.624187
vn 0.780988 -0.021176 0.624187
vn 0.778283 -0.004410 0.627898
vn 0.778283 -0.004410 0.627898
vn 0.778283 -0.004410 0.627898
vn 0.773827 0.312204 -0.551108
vn 0.773827 0.312204 -0.551108
vn 0.773827 0.312204 -0.551108
vn 0.092772 -0.725508 -0.681932
vn 0.092772 -0.725508 -0.681932
vn 0.092772 -0.725508 -0.681932
vn 0.633265 -0.166816 0.755744
vn 0.633265 -0.166816 0.755744
vn 0.633265 -0.166816 0.755744
vn 0.638682 0.121408 0.759832
vn 0.638682 0.121408 0.759832
vn 0.638682 0.121408 0.759832
vn 0.838120 -0.083562 0.539048
vn 0.838120 -0.083562 0.539048
vn 0.838120 -0.083562 0.539048
vn -0.106521 -0.639824 0.761104
vn -0.106521 -0.639824 0.761104
vn -0.106522 -0.639824 0.761104
vn 0.371358 0.261328 0.890955
vn 0.371358 0.261328 0.890955
vn 0.371358 0.261328 0.890955
vn 0.194849 0.498483 0.844718
vn 0.194849 0.498483 0.844718
vn 0.194849 0.498483 0.844718
vn 0.263822 0.302883 0.915784
vn 0.263822 0.302883 0.915784
vn 0.263822 0.302883 0.915784
vn 0.502112 -0.784740 0.363410
vn 0.502112 -0.784740 0.363410
vn 0.502112 -0.784740 0.363410
vn 0.230283 0.752631 0.616861
vn 0.230283 0.752631 0.616860
vn 0.230283 0.752631 0.616860
vn 0.878044 0.457558 0.140280
vn 0.878044 0.457559 0.140280
vn 0.878044 0.457559 0.140280
vn 0.710225 0.258077 0.654963
vn 0.710225 0.258077 0.654963
vn 0.710225 0.258077 0.654963
vn 0.596329 0.440445 0.671119
vn 0.596329 0.440445 0.671119
vn 0.596329 0.440445 0.671119
vn 0.577649 -0.798419 -0.169848
vn 0.577649 -0.798419 -0.169848
vn 0.577649 -0.798419 -0.169848
vn 0.331639 0.607635 0.721661
vn 0.331639 0.607635 0.721661
vn 0.331639 0.607635 0.721661
vn 0.648538 0.095962 0.755109
vn 0.648538 0.095962 0.755109
vn 0.648538 0.095962 0.755109
vn 0.910136 -0.406482 -0.080150
vn 0.910136 -0.406482 -0.080151
vn 0.910136 -0.406482 -0.080150
vn 0.429296 0.198803 0.881012
vn 0.429296 0.198803 0.881012
vn 0.429296 0.198803 0.881012
vn 0.302983 -0.052732 0.951536
vn 0.302983 -0.052732 0.951536
vn 0.302983 -0.052732 0.951536
vn 0.672801 -0.531036 0.515111
vn 0.672801 -0.531036 0.515111
vn 0.672801 -0.531036 0.515111
vn 0.566425 0.449976 0.690423
vn 0.566425 0.449976 0.690423
vn 0.566425 0.449976 0.690423
vn 0.707802 -0.131344 0.694093
vn 0.707802 -0.131344 0.694093
vn 0.707802 -0.131344 0.694093
vn 0.059269 -0.970158 0.235116
vn 0.059269 -0.970158 0.235116
vn 0.059269 -0.970159 0.235116
vn 0.747111 -0.602627 -0.280474
vn 0.747111 -0.602627 -0.280474
vn 0.747111 -0.602627 -0.280474
vn 0.449000 0.290402 0.845024
vn 0.449000 0.290402 0.845024
vn 0.449000 0.290402 0.845024
vn 0.316260 0.620699 0.717435
vn 0.316260 0.620698 0.717435
vn 0.316260 0.620699 0.717435
vn 0.505393 0.316666 0.802683
vn 0.505393 0.316666 0.802683
vn 0.505393 0.316666 0.802683
vn 0.914926 0.398571 -0.063654
vn 0.914926 0.398571 -0.063654
vn 0.914926 0.398571 -0.063654
vn 0.598737 -0.286060 0.748120
vn 0.598737 -0.286060 0.748120
vn 0.598737 -0.286060 0.748120
vn -0.336053 0.321286 -0.885349
vn -0.336053 0.321286 -0.885350
vn -0.336053 0.321286 -0.885350
vn 0.454967 0.081549 0.886767
vn 0.454967 0.081549 0.886767
vn 0.454967 0.081549 0.886767
vn 0.670772 0.256002 0.696080
vn 0.670772 0.256002 0.696080
vn 0.670772 0.256002 0.696080
vn 0.782439 0.117724 0.611498
vn 0.782439 0.117724 0.611498
vn 0.782439 0.117724 0.611498
vn 0.292229 0.040059 0.955509
vn 0.292229 0.040059 0.955509
vn 0.292229 0.040059 0.955509
vn 0.289334 0.099663 0.952026
vn 0.289334 0.099663 0.952026
vn 0.289334 0.099663 0.952026
vn 0.669658 0.238476 0.703340
vn 0.669658 0.238476 0.703340
vn 0.669658 0.238476 0.703340
vn 0.744663 -0.503535 0.438099
vn 0.744663 -0.503535 0.438099
vn 0.744663 -0.503535 0.438099
vn 0.697539 0.449343 0.558149
vn 0.697539 0.449343 0.558149
vn 0.697539 0.449343 0.558149
vn 0.758764 -0.133586 0.637520
vn 0.758764 -0.133586 0.637520
vn 0.758764 -0.133586 0.637520
vn 0.538803 -0.200631 0.818192
vn 0.538803 -0.200631 0.818192
vn 0.538803 -0.200631 0.818192
vn 0.663455 -0.244402 0.707174
vn 0.663455 -0.244402 0.707174
vn 0.663455 -0.244402 0.707174
vn 0.587533 -0.539654 0.602974
vn 0.587533 -0.539654 0.602974
vn 0.587533 -0.539654 0.602974
vn 0.500819 -0.010387 0.865490
vn 0.500819 -0.010387 0.865490
vn 0.500819 -0.010387 0.865490
vn 0.665450 -0.299733 0.683620
vn 0.665450 -0.299733 0.683620
vn 0.665450 -0.299733 0.683620
vn 0.491284 0.188442 0.850371
vn 0.491284 0.188442 0.850371
vn 0.491283 0.188442 0.850371
vn 0.726651 -0.141639 0.672247
vn 0.726651 -0.141639 0.672247
vn 0.726651 -0.141639 0.672247
vn 0.290999 0.042161 0.955794
vn 0.290999 0.042161 0.955794
vn 0.290999 0.042161 0.955794
vn 0.452582 -0.283329 0.845514
vn 0.452582 -0.283329 0.845514
vn 0.452582 -0.283329 0.845514
vn 0.858186 0.021000 0.512909
vn 0.858186 0.021000 0.512909
vn 0.858186 0.021000 0.512909
vn -0.368212 -0.903811 -0.218049
vn -0.368212 -0.903811 -0.218049
vn -0.368212 -0.903811 -0.218049
vn 0.528721 -0.216409 0.820744
vn 0.528721 -0.216409 0.820744
vn 0.528721 -0.216409 0.820744
vn 0.541431 -0.182108 0.820786
vn 0.541431 -0.182108 0.820786
vn 0.541431 -0.182108 0.820786
vn 0.430609 0.201969 0.879650
vn 0.430609 0.201969 0.879650
vn 0.430609 0.201969 0.879650
vn 0.709566 -0.179166 0.681481
vn 0.709566 -0.179166 0.681481
vn 0.709566 -0.179166 0.681480
vn 0.780453 0.052914 0.622971
vn 0.780453 0.052914 0.622971
vn 0.780453 0.052914 0.622971
vn 0.840111 0.110886 0.530959
vn 0.840111 0.110886 0.530959
vn 0.840111 0.110886 0.530960
vn 0.851153 0.072101 0.519942
vn 0.851153 0.072101 0.519942
vn 0.851153 0.072101 0.519942
vn 0.484019 -0.589843 0.646383
vn 0.484019 -0.589843 0.646383
vn 0.484019 -0.589843 0.646383
vn 0.543571 -0.057190 0.837412
vn 0.543571 -0.057190 0.837412
vn 0.543571 -0.057190 0.837412
vn 0.616036 0.102569 0.781011
vn 0.616036 0.102569 0.781011
vn 0.616036 0.102569 0.781011
vn -0.019272 0.713821 0.700063
vn -0.019272 0.713821 0.700063
vn -0.019272 0.713821 0.700063
vn 0.434480 0.549535 0.713609
vn 0.434480 0.549535 0.713609
vn 0.434481 0.549535 0.713609
vn 0.765139 -0.304618 0.567248
vn 0.765139 -0.304618 0.567248
vn 0.765139 -0.304618 0.567248
vn 0.488449 -0.273011 0.828784
vn 0.488449 -0.273011 0.828784
vn 0.488449 -0.273011 0.828784
vn 0.391425 0.199741 0.898270
vn 0.391425 0.199741 0.898270
vn 0.391425 0.199741 0.898270
vn 0.238206 0.421157 0.875148
vn 0.238206 0.421157 0.875148
vn 0.238206 0.421157 0.875148
vn 0.422905 0.423824 0.800953
vn 0.422905 0.423824 0.800953
vn 0.422905 0.423824 0.800953
vn 0.819757 -0.071464 0.568235
vn 0.819757 -0.071464 0.568235
vn 0.819757 -0.071464 0.568235
vn -0.895811 0.426314 -0.125617
vn -0.895811 0.426314 -0.125617
vn -0.895811 0.426314 -0.125617
vn 0.696408 -0.257179 0.669982
vn 0.696407 -0.257179 0.669981
vn 0.696408 -0.257179 0.669982
vn 0.692777 0.296003 0.657603
vn 0.692777 0.296003 0.657603
vn 0.692777 0.296003 0.657603
vn 0.605487 0.270472 0.748486
vn 0.605487 0.270472 0.748486
vn 0.605487 0.270472 0.748486
vn 0.309213 -0.570740 -0.760686
vn 0.309213 -0.570740 -0.760686
vn 0.309213 -0.570740 -0.760686
vn 0.585757 -0.101212 0.804142
vn 0.585757 -0.101212 0.804142
vn 0.585757 -0.101212 0.804142
vn 0.402073 -0.083052 0.911833
vn 0.402073 -0.083052 0.911833
vn 0.402073 -0.083052 0.911833
vn 0.529277 0.081254 0.844549
vn 0.529278 0.081254 0.844549
vn 0.529277 0.081254 0.844549
vn 0.454109 -0.726321 -0.515987
vn 0.454109 -0.726321 -0.515987
vn 0.454109 -0.726321 -0.515987
vn -0.443548 0.521707 0.728757
vn -0.443548 0.521707 0.728757
vn -0.443548 0.521707 0.728757
vn 0.670855 0.240559 0.701487
vn 0.670855 0.240559 0.701487
vn 0.670855 0.240559 0.701487
vn 0.389238 0.162270 0.906731
vn 0.389238 0.162270 0.906731
vn 0.389238 0.162270 0.906731
vn 0.556312 -0.055497 0.829118
vn 0.556312 -0.055497 0.829118
vn 0.556312 -0.055497 0.829118
vn 0.669637 0.482206 0.564857
vn 0.669637 0.482206 0.564857
vn 0.669637 0.482206 0.564857
vn 0.939113 -0.127403 0.319116
vn 0.939113 -0.127403 0.319116
vn 0.939113 -0.127403 0.319116
vn 0.573317 0.353173 0.739308
vn 0.573317 0.353173 0.739308
vn 0.573317 0.353173 0.739308
vn 0.491335 -0.147145 0.858451
vn 0.491335 -0.147145 0.858451
vn 0.491335 -0.147145 0.858451
vn 0.901583 0.426645 0.071564
vn 0.901583 0.426645 0.071564
vn 0.901583 0.426645 0.071564
vn 0.993987 0.084138 0.070072
vn 0.993987 0.084138 0.070072
vn 0.993987 0.084138 0.070072
vn 0.685372 -0.034836 0.727359
vn 0.685372 -0.034836 0.727359
vn 0.685372 -0.034836 0.727359
vn 0.334127 -0.327184 0.883917
vn 0.334127 -0.327184 0.883917
vn 0.334127 -0.327184 0.883917
vn 0.535840 -0.244243 0.808221
vn 0.535840 -0.244243 0.808221
vn 0.535840 -0.244243 0.808221
vn 0.403110 0.189150 0.895391
vn 0.403110 0.189150 0.895391
vn 0.403110 0.189150 0.895391
vn 0.780811 -0.180824 0.598028
vn 0.780811 -0.180824 0.598028
vn 0.780811 -0.180824 0.598028
vn 0.179256 -0.791715 -0.583999
vn 0.179256 -0.791715 -0.583999
vn 0.179256 -0.791715 -0.583999
vn 0.590178 0.121502 0.798077
vn 0.590178 0.121502 0.798077
vn 0.590178 0.121502 0.798077
vn -0.804000 -0.004799 -0.594609
vn -0.804000 -0.004799 -0.594609
vn -0.804000 -0.004799 -0.594609
vn 0.763796 0.034971 0.644510
vn 0.763796 0.034971 0.644510
vn 0.763796 0.034971 0.644510
vn 0.770067 0.196381 0.606986
vn 0.770067 0.196381 0.606986
vn 0.770067 0.196381 0.606986
vn 0.696545 0.295780 0.653712
vn 0.696545 0.295780 0.653712
vn 0.696545 0.295780 0.653712
vn 0.731937 0.440651 0.519707
vn 0.731937 0.440651 0.519707
vn 0.731937 0.440651 0.519707
vn 0.766595 0.160669 0.621706
vn 0.766595 0.160669 0.621706
vn 0.766595 0.160669 0.621706
vn 0.501553 -0.487979 0.714367
vn 0.501553 -0.487979 0.714367
vn 0.501553 -0.487979 0.714367
vn 0.607747 0.025432 0.793723
vn 0.607747 0.025432 0.793723
vn 0.607747 0.025432 0.793723
vn 0.541402 -0.291501 0.788613
vn 0.541402 -0.291501 0.788613
vn 0.541402 -0.291501 0.788613
vn 0.539517 0.288601 0.790969
vn 0.539517 0.288601 0.790969
vn 0.539517 0.288601 0.790969
vn 0.558167 0.131016 0.819320
vn 0.558167 0.131016 0.819320
vn 0.558167 0.131016 0.819320
vn 0.623928 -0.250110 0.740377
vn 0.623928 -0.250110 0.740377
vn 0.623928 -0.250110 0.740377
vn 0.556778 -0.042108 0.829594
vn 0.556778 -0.042108 0.829594
vn 0.556778 -0.042108 0.829594
vn 0.719330 0.457499 0.522741
vn 0.719330 0.457499 0.522741
vn 0.719330 0.457499 0.522741
vn 0.542498 -0.050676 0.838527
vn 0.542498 -0.050676 0.838527
vn 0.542498 -0.050676 0.838527
vn 0.663817 -0.214622 0.716439
vn 0.663817 -0.214622 0.716439
vn 0.663817 -0.214622 0.716439
vn 0.552854 0.260065 0.791656
vn 0.552854 0.260065 0.791656
vn 0.552854 0.260065 0.791656
vn 0.603546 0.081964 0.793104
vn 0.603546 0.081964 0.793104
vn 0.603546 0.081964 0.793104
vn 0.479197 0.491415 0.727243
vn 0.479197 0.491415 0.727243
vn 0.479197 0.491415 0.727243
vn 0.301491 -0.287618 0.909054
vn 0.301491 -0.287618 0.909054
vn 0.301491 -0.287618 0.909054
vn 0.900248 0.133474 0.414414
vn 0.900248 0.133474 0.414414
vn 0.900248 0.133474 0.414414
vn -0.798032 -0.569709 0.196409
vn -0.798032 -0.569709 0.196409
vn -0.798032 -0.569709 0.196409
vn 0.370977 -0.054566 0.927038
vn 0.370977 -0.054566 0.927038
vn 0.370977 -0.054566 0.927038
vn 0.856603 0.157493 0.491353
vn 0.856603 0.157493 0.491353
vn 0.856603 0.157493 0.491353
vn -0.346554 0.794252 0.499063
vn -0.346554 0.794252 0.499063
vn -0.346554 0.794252 0.499063
vn 0.413147 0.344359 0.843046
vn 0.413147 0.344359 0.843046
vn 0.413147 0.344359 0.843046
vn 0.811540 -0.555925 -0.179863
vn 0.811540 -0.555924 -0.179863
vn 0.811540 -0.555925 -0.179863
vn 0.401717 0.393095 0.827103
vn 0.401717 0.393095 0.827103
vn 0.401717 0.393095 0.827103
vn 0.545098 -0.050297 0.836862
vn 0.545098 -0.050297 0.836862
vn 0.545098 -0.050297 0.836862
vn -0.975402 -0.190082 0.111625
vn -0.975402 -0.190082 0.111625
vn -0.975402 -0.190082 0.111624
vn 0.521290 0.199748 0.829673
vn 0.521290 0.199748 0.829673
vn 0.521290 0.199748 0.829673
vn 0.628159 0.126218 0.767780
vn 0.628159 0.126218 0.767780
vn 0.628159 0.126218 0.767780
vn 0.575814 -0.101380 0.811271
vn 0.575814 -0.101380 0.811271
vn 0.575814 -0.101380 0.811271
vn 0.475589 0.090847 0.874964
vn 0.475589 0.090847 0.874964
vn 0.475589 0.090847 0.874964
vn 0.856495 0.087913 0.508613
vn 0.856495 0.087913 0.508613
vn 0.856495 0.087913 0.508613
vn 0.873769 0.017391 0.486031
vn 0.873768 0.017391 0.486031
vn 0.873768 0.017391 0.486031
vn 0.795001 0.430673 0.427194
vn 0.795001 0.430673 0.427194
vn 0.795001 0.430673 0.427194
vn 0.212332 0.035228 0.976562
vn 0.212332 0.035228 0.976563
vn 0.212332 0.035228 0.976562
vn 0.511052 -0.394167 0.763845
vn 0.511052 -0.394167 0.763844
vn 0.511052 -0.394167 0.763844
vn 0.735689 0.421566 0.530135
vn 0.735689 0.421566 0.530135
vn 0.735689 0.421566 0.530135
vn 0.476033 -0.503810 0.720811
vn 0.476032 -0.503810 0.720811
vn 0.476033 -0.503810 0.720811
vn 0.563769 0.018126 0.825734
vn 0.563769 0.018126 0.825734
vn 0.563769 0.018126 0.825734
vn 0.531352 0.012506 0.847059
vn 0.531352 0.012506 0.847059
vn 0.531352 0.012506 0.847059
vn 0.628607 0.360503 0.689123
vn 0.628607 0.360503 0.689123
vn 0.628607 0.360503 0.689123
vn 0.760005 -0.318496 0.566527
vn 0.760005 -0.318496 0.566527
vn 0.760005 -0.318496 0.566527
vn 0.836943 -0.038934 0.545904
vn 0.836943 -0.038934 0.545904
vn 0.836943 -0.038934 0.545904
vn 0.635991 0.035098 0.770898
vn 0.635991 0.035098 0.770898
vn 0.635991 0.035098 0.770898
vn 0.716394 -0.029243 -0.697083
vn 0.716394 -0.029243 -0.697083
vn 0.716394 -0.029243 -0.697083
vn 0.785516 -0.565416 -0.251535
vn 0.785516 -0.565416 -0.251535
vn 0.785516 -0.565416 -0.251535
vn 0.879402 0.032643 0.474960
vn 0.879402 0.032643 0.474960
vn 0.879402 0.032643 0.474960
vn -0.455661 0.807207 -0.375220
vn -0.455662 0.807207 -0.375220
vn -0.455662 0.807207 -0.375220
vn -0.203114 -0.419270 -0.884849
vn -0.203114 -0.419270 -0.884849
vn -0.203114 -0.419270 -0.884849
vn 0.475099 -0.438213 0.763053
vn 0.475099 -0.438213 0.763053
vn 0.475099 -0.438213 0.763053
vn 0.600593 0.113245 0.791494
vn 0.600593 0.113245 0.791494
vn 0.600593 0.113245 0.791494
vn 0.228181 0.408502 0.883776
vn 0.228181 0.408502 0.883776
vn 0.228181 0.408502 0.883776
vn 0.703467 -0.393994 0.591526
vn 0.703467 -0.393994 0.591526
vn 0.703467 -0.393994 0.591526
vn 0.528451 -0.256549 0.809273
vn 0.528451 -0.256549 0.809273
vn 0.528451 -0.256549 0.809273
vn 0.852704 0.137486 0.503978
vn 0.852704 0.137486 0.503978
vn 0.852704 0.137486 0.503978
vn 0.579517 -0.311908 0.752910
vn 0.579517 -0.311908 0.752910
vn 0.579517 -0.311908 0.752910
vn 0.558001 -0.283331 0.779973
vn 0.558001 -0.283332 0.779973
vn 0.558001 -0.283331 0.779973
vn -0.556695 0.196002 -0.807263
vn -0.556695 0.196002 -0.807263
vn -0.556695 0.196002 -0.807263
vn 0.877420 0.248696 0.410224
vn 0.877420 0.248696 0.410224
vn 0.877420 0.248696 0.410224
vn 0.163461 -0.912906 -0.374010
vn 0.163461 -0.912906 -0.374010
vn 0.163461 -0.912906 -0.374010
vn 0.116920 0.073599 0.990411
vn 0.116920 0.073599 0.990411
vn 0.116920 0.073599 0.990411
vn 0.315233 0.432819 0.844569
vn 0.315233 0.432819 0.844569
vn 0.315233 0.432819 0.844569
vn 0.125982 -0.046659 0.990935
vn 0.125982 -0.046659 0.990935
vn 0.125982 -0.046659 0.990935
vn 0.821090 -0.004260 0.570783
vn 0.821090 -0.004260 0.570783
vn 0.821090 -0.004260 0.570783
vn 0.787569 -0.099199 0.608190
vn 0.787569 -0.099199 0.608190
vn 0.787569 -0.099199 0.608190
vn 0.582317 -0.710381 -0.395305
vn 0.582317 -0.710381 -0.395305
vn 0.582317 -0.710380 -0.395305
vn 0.460446 -0.254383 0.850458
vn 0.460446 -0.254383 0.850458
vn 0.460446 -0.254383 0.850458
vn 0.423705 0.428207 0.798193
vn 0.423705 0.428207 0.798193
vn 0.423705 0.428207 0.798193
vn 0.778680 0.284295 0.559315
vn 0.778680 0.284295 0.559315
vn 0.778680 0.284295 0.559315
vn 0.381117 0.455700 0.804417
vn 0.381117 0.455700 0.804417
vn 0.381117 0.455700 0.804417
vn 0.910868 -0.404594 -0.081388
vn 0.910868 -0.404594 -0.081388
vn 0.910868 -0.404594 -0.081388
vn 0.228006 0.056590 0.972014
vn 0.228006 0.056589 0.972014
vn 0.228006 0.056589 0.972014
vn 0.532534 -0.704319 0.469406
vn 0.532534 -0.704319 0.469406
vn 0.532533 -0.704319 0.469406
vn 0.499586 0.091471 0.861421
vn 0.499586 0.091471 0.861421
vn 0.499586 0.091471 0.861421
vn 0.561004 -0.075727 0.824342
vn 0.561004 -0.075727 0.824342
vn 0.561004 -0.075727 0.824342
vn -0.254237 -0.222832 -0.941121
vn -0.254237 -0.222832 -0.941121
vn -0.254237 -0.222832 -0.941121
vn -0.767244 -0.175776 0.616798
vn -0.767244 -0.175776 0.616798
vn -0.767244 -0.175776 0.616798
vn 0.459643 -0.667797 0.585470
vn 0.459643 -0.667797 0.585470
vn 0.459643 -0.667797 0.585470
vn 0.627316 0.282995 0.725526
vn 0.627316 0.282995 0.725526
vn 0.627316 0.282995 0.725526
vn -0.989112 -0.139033 -0.048246
vn -0.989112 -0.139033 -0.048246
vn -0.989112 -0.139033 -0.048246
vn 0.886199 -0.048997 0.460706
vn 0.886199 -0.048997 0.460706
vn 0.886199 -0.048997 0.460706
vn 0.213601 0.031757 0.976405
vn 0.213601 0.031757 0.976405
vn 0.213601 0.031757 0.976405
vn 0.466979 -0.006719 0.884243
vn 0.466979 -0.006719 0.884243
vn 0.466979 -0.006719 0.884243
vn 0.246953 0.105503 0.963267
vn 0.246953 0.105503 0.963267
vn 0.246953 0.105503 0.963267
vn 0.742088 0.278550 0.609684
vn 0.742088 0.278550 0.609684
vn 0.742088 0.278550 0.609684
vn 0.669750 0.381592 0.637043
vn 0.669749 0.381592 0.637042
vn 0.669750 0.381592 0.637043
vn 0.640987 -0.255109 0.723916
vn 0.640987 -0.255109 0.723916
vn 0.640987 -0.255109 0.723916
vn 0.023545 -0.617729 -0.786038
vn 0.023545 -0.617729 -0.786038
vn 0.023545 -0.617729 -0.786038
vn 0.580262 -0.309446 0.753352
vn 0.580262 -0.309446 0.753352
vn 0.580262 -0.309446 0.753352
vn 0.430156 -0.185315 0.883530
vn 0.430156 -0.185315 0.883530
vn 0.430156 -0.185315 0.883530
vn 0.797049 -0.318756 0.512940
vn 0.797049 -0.318756 0.512940
vn 0.797049 -0.318756 0.512940
vn 0.999185 -0.018359 0.035939
vn 0.999185 -0.018359 0.035939
vn 0.999185 -0.018359 0.035939
vn 0.982473 0.126956 -0.136488
vn 0.982473 0.126956 -0.136488
vn 0.982473 0.126956 -0.136488
vn 0.994743 0.048490 -0.090199
vn 0.994743 0.048490 -0.090199
vn 0.994743 0.048490 -0.090199
vn 0.435083 -0.542016 0.718973
vn 0.435083 -0.542016 0.718973
vn 0.435083 -0.542016 0.718973
vn 0.745563 0.386132 0.543174
vn 0.745563 0.386132 0.543174
vn 0.745563 0.386132 0.543174
vn 0.333631 -0.922183 -0.195624
vn 0.333631 -0.922183 -0.195624
vn 0.333631 -0.922183 -0.195624
vn 0.626266 -0.376621 0.682604
vn 0.626266 -0.376621 0.682604
vn 0.626266 -0.376621 0.682604
vn 0.694610 0.294003 0.656567
vn 0.694610 0.294003 0.656567
vn 0.694609 0.294003 0.656567
vn -0.242022 0.331822 -0.911767
vn -0.242022 0.331822 -0.911767
vn -0.242022 0.331822 -0.911767
vn 0.249114 0.741220 0.623326
vn 0.249114 0.741220 0.623326
vn 0.249114 0.741220 0.623326
vn 0.558740 -0.053108 0.827641
vn 0.558740 -0.053108 0.827641
vn 0.558740 -0.053108 0.827641
vn -0.058281 -0.904031 -0.423475
vn -0.058281 -0.904031 -0.423475
vn -0.058281 -0.904031 -0.423475
vn 0.688136 0.533349 0.491943
vn 0.688136 0.533349 0.491943
vn 0.688136 0.533349 0.491943
vn 0.569165 0.166479 0.805193
vn 0.569165 0.166479 0.805193
vn 0.569165 0.166479 0.805193
vn 0.999303 0.036072 -0.009661
vn 0.999302 0.036072 -0.009661
vn 0.999302 0.036072 -0.009661
vn 0.756043 0.647810 -0.093493
vn 0.756043 0.647810 -0.093493
vn 0.756043 0.647810 -0.093493
vn 0.627338 0.008356 0.778702
vn 0.627338 0.008356 0.778702
vn 0.627338 0.008356 0.778703
vn -0.006454 -0.489544 0.871955
vn -0.006454 -0.489544 0.871955
vn -0.006454 -0.489544 0.871955
vn 0.037472 0.033484 0.998737
vn 0.037472 0.033484 0.998737
vn 0.037472 0.033484 0.998737
vn -0.067464 0.216681 0.973909
vn -0.067464 0.216681 0.973909
vn -0.067464 0.216681 0.973909
vn -0.063216 0.224371 0.972451
vn -0.063216 0.224371 0.972451
vn -0.063216 0.224371 0.972451
vn 0.530908 -0.625532 0.571705
vn 0.530908 -0.625532 0.571705
vn 0.530908 -0.625532 0.571705
vn 0.836498 -0.510857 -0.198235
vn 0.836498 -0.510857 -0.198235
vn 0.836498 -0.510857 -0.198235
vn 0.204090 0.820694 0.533675
vn 0.204090 0.820694 0.533675
vn 0.204090 0.820694 0.533675
vn 0.341260 0.127955 0.931219
vn 0.341260 0.127955 0.931219
vn 0.341260 0.127955 0.931219
vn -0.957625 -0.252135 0.139222
vn -0.957625 -0.252135 0.139222
vn -0.957625 -0.252135 0.139222
vn 0.635738 0.746005 -0.198278
vn 0.635737 0.746005 -0.198278
vn 0.635737 0.746005 -0.198278
vn 0.389975 -0.049428 0.919498
vn 0.389975 -0.049428 0.919498
vn 0.389975 -0.049428 0.919498
vn 0.640872 0.100559 0.761033
vn 0.640872 0.100559 0.761033
vn 0.640872 0.100559 0.761033
vn 0.543913 -0.445981 0.710816
vn 0.543913 -0.445981 0.710816
vn 0.543913 -0.445981 0.710816
vn 0.248107 0.688678 0.681298
vn 0.248107 0.688678 0.681298
vn 0.248107 0.688678 0.681298
vn 0.850489 -0.285369 0.441852
vn 0.850489 -0.285369 0.441852
vn 0.850489 -0.285369 0.441852
vn 0.226003 0.475894 0.849969
vn 0.226003 0.475894 0.849969
vn 0.226003 0.475894 0.849969
vn 0.617320 -0.230210 0.752277
vn 0.617320 -0.230210 0.752277
vn 0.617320 -0.230210 0.752277
vn 0.297561 0.625379 0.721359
vn 0.297561 0.625379 0.721359
vn 0.297561 0.625379 0.721359
vn 0.853529 0.075719 0.515515
vn 0.853529 0.075719 0.515515
vn 0.853529 0.075719 0.515515
vn 0.327153 0.323241 0.887968
vn 0.327153 0.323241 0.887968
vn 0.327153 0.323240 0.887968
vn 0.863166 -0.352139 0.361860
vn 0.863166 -0.352139 0.361860
vn 0.863166 -0.352139 0.361860
vn 0.772347 -0.216584 0.597135
vn 0.772347 -0.216584 0.597135
vn 0.772347 -0.216584 0.597135
vn 0.366548 0.841017 -0.397910
vn 0.366548 0.841017 -0.397910
vn 0.366548 0.841017 -0.397910
vn 0.852163 -0.523243 -0.005835
vn 0.852163 -0.523243 -0.005835
vn 0.852163 -0.523243 -0.005835
vn 0.872497 0.488602 -0.004233
vn 0.872497 0.488602 -0.004233
vn 0.872497 0.488602 -0.004233
vn 0.468091 -0.437457 -0.767804
vn 0.468091 -0.437457 -0.767804
vn 0.468091 -0.437457 -0.767804
vn 0.250897 0.547973 0.797983
vn 0.250897 0.547973 0.797983
vn 0.250897 0.547973 0.797983
vn 0.889430 0.281635 0.359995
vn 0.889430 0.281635 0.359995
vn 0.889430 0.281635 0.359995
vn 0.902076 -0.079096 0.424268
vn 0.902076 -0.079096 0.424268
vn 0.902076 -0.079096 0.424268
vn 0.456617 0.755550 0.469728
vn 0.456617 0.755550 0.469728
vn 0.456617 0.755550 0.469728
vn 0.711823 0.410875 -0.569640
vn 0.711823 0.410875 -0.569640
vn 0.711823 0.410875 -0.569640
vn 0.315666 0.031406 0.948350
vn 0.315666 0.031406 0.948350
vn 0.315666 0.031406 0.948350
vn 0.010274 -0.997868 0.064456
vn 0.010274 -0.997868 0.064456
vn 0.010274 -0.997868 0.064456
vn -0.639504 0.739245 0.211075
vn -0.639504 0.739245 0.211075
vn -0.639504 0.739245 0.211075
vn 0.318696 0.396219 0.861071
vn 0.318696 0.396219 0.861071
vn 0.318696 0.396219 0.861071
vn 0.889258 0.346921 -0.298104
vn 0.889258 0.346921 -0.298104
vn 0.889258 0.346921 -0.298104
vn 0.295456 -0.238078 0.925216
vn 0.295456 -0.238078 0.925216
vn 0.295456 -0.238078 0.925216
vn 0.623517 0.460816 0.631565
vn 0.623517 0.460816 0.631565
vn 0.623517 0.460816 0.631565
vn 0.774432 -0.254111 0.579381
vn 0.774432 -0.254111 0.579381
vn 0.774432 -0.254111 0.579381
vn 0.715978 -0.066570 0.694942
vn 0.715978 -0.066570 0.694942
vn 0.715978 -0.066570 0.694942
vn 0.319568 0.642872 0.696126
vn 0.319568 0.642872 0.696126
vn 0.319568 0.642872 0.696126
vn 0.641264 -0.119840 0.757904
vn 0.641264 -0.119840 0.757904
vn 0.641264 -0.119840 0.757904
vn 0.147747 0.519602 0.841537
vn 0.147747 0.519602 0.841537
vn 0.147747 0.519602 0.841537
vn 0.292509 -0.041997 0.955340
vn 0.292509 -0.041997 0.955340
vn 0.292509 -0.041997 0.955340
vn 0.160340 0.209270 0.964623
vn 0.160340 0.209270 0.964623
vn 0.160340 0.209270 0.964623
vn 0.904283 -0.045660 0.424486
vn 0.904282 -0.045660 0.424486
vn 0.904282 -0.045660 0.424486
vn 0.524431 -0.348253 0.776976
vn 0.524431 -0.348253 0.776976
vn 0.524431 -0.348253 0.776976
vn 0.776441 -0.036439 0.629136
vn 0.776441 -0.036439 0.629136
vn 0.776441 -0.036439 0.629136
vn 0.907003 -0.311466 -0.283435
vn 0.907003 -0.311466 -0.283435
vn 0.907003 -0.311466 -0.283435
vn 0.818165 -0.045544 0.573177
vn 0.818165 -0.045544 0.573177
vn 0.818165 -0.045544 0.573177
vn 0.516528 0.067146 0.853633
vn 0.516528 0.067146 0.853633
vn 0.516528 0.067146 0.853633
vn 0.305713 0.309196 0.900520
vn 0.305713 0.309196 0.900520
vn 0.305713 0.309196 0.900520
vn 0.248240 0.742056 0.622679
vn 0.248240 0.742056 0.622679
vn 0.248240 0.742056 0.622679
vn 0.799689 0.039854 0.599090
vn 0.799689 0.039854 0.599090
vn 0.799689 0.039854 0.599090
vn 0.501636 -0.158288 0.850474
vn 0.501636 -0.158288 0.850474
vn 0.501636 -0.158288 0.850474
vn 0.716323 -0.092323 0.691634
vn 0.716323 -0.092323 0.691634
vn 0.716324 -0.092323 0.691634
vn 0.669923 0.243441 0.701384
vn 0.669923 0.243441 0.701384
vn 0.669923 0.243441 0.701384
vn 0.678829 -0.570712 0.462038
vn 0.678829 -0.570712 0.462038
vn 0.678829 -0.570712 0.462038
vn 0.942964 0.116036 -0.312016
vn 0.942964 0.116036 -0.312016
vn 0.942964 0.116036 -0.312016
vn 0.906991 -0.311508 -0.283426
vn 0.906991 -0.311508 -0.283426
vn 0.906991 -0.311508 -0.283426
vn 0.556386 -0.270684 0.785599
vn 0.556386 -0.270684 0.785599
vn 0.556386 -0.270684 0.785599
vn -0.015002 0.068110 -0.997565
vn -0.015002 0.068110 -0.997565
vn -0.015002 0.068110 -0.997565
vn -0.511613 0.171933 -0.841838
vn -0.511613 0.171933 -0.841838
vn -0.511613 0.171933 -0.841838
vn 0.861303 -0.186637 0.472572
vn 0.861303 -0.186637 0.472572
vn 0.861303 -0.186637 0.472572
vn 0.901077 -0.109631 0.419572
vn 0.901077 -0.109631 0.419572
vn 0.901077 -0.109631 0.419572
vn 0.852992 0.112870 0.509573
vn 0.852992 0.112870 0.509573
vn 0.852992 0.112870 0.509573
vn -0.030944 0.295861 0.954730
vn -0.030944 0.295861 0.954730
vn -0.030944 0.295861 0.954730
vn 0.725556 0.380641 0.573307
vn 0.725556 0.380641 0.573307
vn 0.725556 0.380641 0.573307
vn -0.891825 -0.444640 0.083321
vn -0.891825 -0.444640 0.083321
vn -0.891825 -0.444640 0.083321
vn 0.782698 0.020449 0.622065
vn 0.782698 0.020449 0.622065
vn 0.782698 0.020449 0.622065
vn 0.763624 -0.071992 0.641635
vn 0.763624 -0.071992 0.641635
vn 0.763624 -0.071992 0.641635
vn 0.651936 -0.377839 0.657432
vn 0.651936 -0.377839 0.657432
vn 0.651936 -0.377839 0.657432
vn 0.501812 0.207557 0.839705
vn 0.501812 0.207557 0.839705
vn 0.501812 0.207557 0.839705
vn 0.776779 0.495441 -0.388783
vn 0.776779 0.495441 -0.388783
vn 0.776779 0.495441 -0.388783
vn 0.489088 -0.684264 -0.540902
vn 0.489088 -0.684264 -0.540902
vn 0.489088 -0.684264 -0.540902
vn 0.958276 0.285409 0.015789
vn 0.958276 0.285409 0.015789
vn 0.958276 0.285409 0.015789
vn 0.358658 0.131597 0.924147
vn 0.358658 0.131597 0.924147
vn 0.358658 0.131597 0.924147
vn 0.511143 -0.282600 0.811708
vn 0.511143 -0.282600 0.811708
vn 0.511143 -0.282600 0.811708
vn 0.946937 0.238347 0.215643
vn 0.946937 0.238347 0.215643
vn 0.946937 0.238347 0.215643
vn 0.243039 -0.090687 0.965768
vn 0.243039 -0.090687 0.965768
vn 0.243039 -0.090687 0.965768
vn 0.405779 -0.594958 -0.693808
vn 0.405779 -0.594958 -0.693808
vn 0.405779 -0.594958 -0.693808
vn -0.093321 -0.606677 -0.789452
vn -0.093321 -0.606677 -0.789452
vn -0.093321 -0.606677 -0.789452
vn 0.645953 -0.100144 0.756780
vn 0.645953 -0.100144 0.756780
vn 0.645953 -0.100144 0.756780
vn 0.652792 0.200045 0.730646
vn 0.652792 0.200045 0.730646
vn 0.652792 0.200045 0.730646
vn 0.685000 -0.664289 -0.299159
vn 0.685000 -0.664289 -0.299159
vn 0.685000 -0.664289 -0.299159
vn 0.893632 0.280745 -0.350150
vn 0.893632 0.280745 -0.350150
vn 0.893632 0.280745 -0.350150
vn 0.652691 -0.731396 0.197621
vn 0.652691 -0.731396 0.197621
vn 0.652691 -0.731396 0.197621
vn 0.359883 0.257645 0.896718
vn 0.359883 0.257645 0.896718
vn 0.359883 0.257645 0.896718
vn 0.524310 -0.208518 0.825603
vn 0.524310 -0.208518 0.825603
vn 0.524310 -0.208518 0.825603
vn 0.781844 -0.325021 -0.532054
vn 0.781844 -0.325021 -0.532054
vn 0.781844 -0.325021 -0.532054
vn -0.141242 0.185723 -0.972398
vn -0.141242 0.185723 -0.972398
vn -0.141242 0.185723 -0.972398
vn 0.842874 -0.005409 0.538084
vn 0.842874 -0.005409 0.538084
vn 0.842874 -0.005409 0.538084
vn 0.540215 -0.401527 0.739556
vn 0.540215 -0.401527 0.739556
vn 0.540215 -0.401527 0.739556
vn 0.776409 0.037142 0.629134
vn 0.776409 0.037142 0.629134
vn 0.776409 0.037142 0.629134
vn 0.527569 -0.161491 0.834021
vn 0.527569 -0.161491 0.834021
vn 0.527569 -0.161491 0.834021
vn 0.339784 0.652949 0.676908
vn 0.339784 0.652949 0.676908
vn 0.339784 0.652949 0.676908
vn 0.285385 0.513381 0.809318
vn 0.285385 0.513380 0.809318
vn 0.285385 0.513380 0.809318
vn 0.462929 -0.223273 0.857815
vn 0.462929 -0.223273 0.857815
vn 0.462929 -0.223273 0.857815
vn 0.592108 0.094427 0.800307
vn 0.592108 0.094427 0.800307
vn 0.592108 0.094427 0.800307
vn 0.324828 -0.583618 0.744229
vn 0.324828 -0.583618 0.744229
vn 0.324828 -0.583618 0.744229
vn 0.375152 -0.175008 0.910293
vn 0.375152 -0.175008 0.910293
vn 0.375152 -0.175008 0.910293
vn 0.278178 0.927123 0.251117
vn 0.278178 0.927123 0.251117
vn 0.278178 0.927123 0.251117
vn 0.471510 -0.534087 0.701734
vn 0.471510 -0.534087 0.701734
vn 0.471510 -0.534087 0.701734
vn 0.424740 0.021226 0.905066
vn 0.424741 0.021226 0.905066
vn 0.424741 0.021226 0.905066
vn 0.946987 0.264025 0.183049
vn 0.946987 0.264025 0.183049
vn 0.946987 0.264025 0.183049
vn 0.585562 -0.807193 -0.074537
vn 0.585562 -0.807193 -0.074537
vn 0.585562 -0.807193 -0.074537
vn 0.409516 -0.041975 0.911337
vn 0.409516 -0.041975 0.911337
vn 0.409516 -0.041975 0.911337
vn 0.769954 -0.124826 0.625771
vn 0.769954 -0.124826 0.625771
vn 0.769954 -0.124826 0.625771
vn 0.772873 -0.353107 -0.527241
vn 0.772873 -0.353107 -0.527241
vn 0.772873 -0.353107 -0.527241
vn 0.461610 -0.520243 0.718514
vn 0.461610 -0.520243 0.718514
vn 0.461610 -0.520243 0.718514
vn -0.976201 0.013966 0.216420
vn -0.976201 0.013966 0.216420
vn -0.976200 0.013966 0.216420
vn -0.219434 0.638577 -0.737610
vn -0.219434 0.638577 -0.737610
vn -0.219434 0.638577 -0.737610
vn 0.318231 -0.157464 0.934845
vn 0.318231 -0.157464 0.934844
vn 0.318231 -0.157464 0.934845
vn 0.907742 -0.031794 0.418322
vn 0.907742 -0.031794 0.418322
vn 0.907742 -0.031794 0.418322
vn 0.838187 0.294521 0.459020
vn 0.838187 0.294521 0.459020
vn 0.838187 0.294521 0.459020
vn 0.373024 0.203294 0.905276
vn 0.373024 0.203294 0.905276
vn 0.373024 0.203294 0.905276
vn -0.245946 0.441974 0.862653
vn -0.245946 0.441974 0.862653
vn -0.245946 0.441973 0.862653
vn 0.141493 0.866877 0.478020
vn 0.141493 0.866877 0.478020
vn 0.141493 0.866877 0.478020
vn 0.371312 -0.105876 0.922452
vn 0.371312 -0.105876 0.922452
vn 0.371312 -0.105876 0.922452
vn 0.747532 0.072925 0.660211
vn 0.747531 0.072925 0.660211
vn 0.747532 0.072925 0.660211
vn 0.809957 -0.049334 0.584411
vn 0.809957 -0.049334 0.584411
vn 0.809957 -0.049334 0.584411
vn 0.256297 -0.218762 0.941517
vn 0.256297 -0.218762 0.941517
vn 0.256297 -0.218762 0.941517
vn 0.868078 0.166566 0.467649
vn 0.868078 0.166566 0.467649
vn 0.868078 0.166566 0.467649
vn 0.608750 0.228959 0.759606
vn 0.608750 0.228959 0.759606
vn 0.608750 0.228959 0.759606
vn 0.574147 0.141154 0.806493
vn 0.574147 0.141154 0.806493
vn 0.574147 0.141154 0.806493
vn 0.211813 -0.710651 0.670903
vn 0.211813 -0.710651 0.670903
vn 0.211813 -0.710651 0.670903
vn 0.797755 -0.195606 0.570373
vn 0.797755 -0.195606 0.570373
vn 0.797755 -0.195606 0.570373
vn 0.957242 0.021478 0.288491
vn 0.957242 0.021478 0.288491
vn 0.957242 0.021478 0.288491
vn 0.577456 -0.450605 0.680808
vn 0.577456 -0.450605 0.680808
vn 0.577456 -0.450605 0.680808
vn 0.301130 0.342169 0.890079
vn 0.301130 0.342169 0.890079
vn 0.301130 0.342169 0.890079
vn 0.360374 0.734034 0.575608
vn 0.360374 0.734035 0.575608
vn 0.360374 0.734035 0.575608
vn -0.104435 -0.123085 -0.986886
vn -0.104435 -0.123085 -0.986886
vn -0.104435 -0.123085 -0.986886
vn 0.884347 0.311334 -0.347851
vn 0.884347 0.311334 -0.347851
vn 0.884347 0.311334 -0.347851
vn 0.329327 0.020379 0.943996
vn 0.329327 0.020379 0.943996
vn 0.329327 0.020379 0.943996
vn 0.765020 -0.217888 0.606028
vn 0.765020 -0.217888 0.606028
vn 0.765020 -0.217888 0.606028
vn 0.452780 0.448255 0.770751
vn 0.452780 0.448255 0.770751
vn 0.452780 0.448255 0.770751
vn 0.619866 -0.054873 0.782787
vn 0.619866 -0.054873 0.782787
vn 0.619866 -0.054873 0.782787
vn 0.734245 -0.270488 0.622672
vn 0.734245 -0.270488 0.622672
vn 0.734245 -0.270488 0.622672
vn 0.563716 0.323954 0.759788
vn 0.563717 0.323954 0.759788
vn 0.563716 0.323954 0.759788
vn 0.719692 -0.205377 0.663222
vn 0.719692 -0.205377 0.663222
vn 0.719692 -0.205377 0.663222
vn 0.018689 -0.999585 -0.021926
vn 0.018689 -0.999585 -0.021926
vn 0.018689 -0.999585 -0.021926
vn 0.928369 0.242692 -0.281481
vn 0.928369 0.242692 -0.281481
vn 0.928369 0.242692 -0.281481
vn -0.240270 -0.466544 -0.851239
vn -0.240270 -0.466544 -0.851239
vn -0.240270 -0.466544 -0.851239
vn 0.502901 -0.135037 0.853731
vn 0.502901 -0.135037 0.853731
vn 0.502901 -0.135037 0.853731
vn 0.308735 0.311400 0.898728
vn 0.308735 0.311400 0.898728
vn 0.308735 0.311400 0.898728
vn 0.531509 -0.402831 0.745135
vn 0.531509 -0.402831 0.745134
vn 0.531509 -0.402831 0.745134
vn 0.266717 0.195805 0.943675
vn 0.266717 0.195805 0.943675
vn 0.266717 0.195805 0.943675
vn 0.968309 0.050501 0.244594
vn 0.968309 0.050501 0.244594
vn 0.968309 0.050501 0.244594
vn -0.196116 0.765282 -0.613092
vn -0.196116 0.765282 -0.613092
vn -0.196116 0.765282 -0.613092
vn 0.753786 0.031084 0.656384
vn 0.753786 0.031084 0.656384
vn 0.753786 0.031084 0.656384
vn 0.780417 0.357028 0.513304
vn 0.780417 0.357028 0.513304
vn 0.780417 0.357028 0.513304
vn 0.359323 0.228634 0.904773
vn 0.359323 0.228634 0.904773
vn 0.359323 0.228634 0.904773
vn 0.688668 -0.616831 -0.381123
vn 0.688669 -0.616831 -0.381123
vn 0.688668 -0.616831 -0.381123
vn 0.627496 -0.757158 0.181550
vn 0.627496 -0.757158 0.181550
vn 0.627496 -0.757158 0.181550
vn 0.469537 -0.849328 -0.241199
vn 0.469537 -0.849328 -0.241199
vn 0.469537 -0.849328 -0.241199
vn 0.312466 0.006919 0.949904
vn 0.312466 0.006919 0.949904
vn 0.312466 0.006919 0.949904
vn 0.615429 -0.145740 0.774602
vn 0.615429 -0.145740 0.774602
vn 0.615428 -0.145740 0.774602
vn 0.406525 -0.146753 0.901777
vn 0.406525 -0.146753 0.901776
vn 0.406525 -0.146753 0.901776
vn 0.679157 -0.454803 0.576108
vn 0.679157 -0.454803 0.576108
vn 0.679157 -0.454803 0.576108
vn 0.378166 -0.135786 0.915725
vn 0.378166 -0.135786 0.915725
vn 0.378166 -0.135786 0.915725
vn 0.583709 0.080460 0.807966
vn 0.583709 0.080460 0.807966
vn 0.583709 0.080460 0.807967
vn 0.675447 -0.046447 0.735944
vn 0.675447 -0.046447 0.735944
vn 0.675447 -0.046447 0.735944
vn 0.832498 0.149074 0.533596
vn 0.832498 0.149074 0.533596
vn 0.832498 0.149074 0.533596
vn 0.898572 0.436000 0.049715
vn 0.898572 0.436000 0.049715
vn 0.898572 0.436000 0.049715
vn 0.579401 -0.157158 0.799747
vn 0.579401 -0.157158 0.799747
vn 0.579401 -0.157158 0.799747
vn 0.753926 -0.160386 0.637080
vn 0.753926 -0.160386 0.637080
vn 0.753927 -0.160386 0.637080
vn 0.580880 0.245873 0.775967
vn 0.580880 0.245873 0.775967
vn 0.580880 0.245873 0.775967
vn 0.359199 0.112376 0.926471
vn 0.359199 0.112376 0.926470
vn 0.359199 0.112376 0.926471
vn 0.830137 -0.099088 -0.548684
vn 0.830137 -0.099088 -0.548684
vn 0.830137 -0.099088 -0.548684
vn 0.863310 0.108303 0.492916
vn 0.863310 0.108303 0.492916
vn 0.863310 0.108303 0.492916
vn 0.424949 -0.181034 0.886930
vn 0.424949 -0.181034 0.886930
vn 0.424949 -0.181034 0.886930
vn 0.506037 -0.022524 0.862218
vn 0.506037 -0.022524 0.862218
vn 0.506037 -0.022524 0.862218
vn 0.468056 -0.247478 0.848338
vn 0.468056 -0.247478 0.848338
vn 0.468056 -0.247478 0.848339
vn 0.356857 0.503692 0.786732
vn 0.356857 0.503692 0.786732
vn 0.356857 0.503692 0.786732
vn 0.745723 0.312383 0.588485
vn 0.745723 0.312383 0.588485
vn 0.745723 0.312383 0.588485
vn 0.552808 -0.442096 0.706367
vn 0.552808 -0.442096 0.706367
vn 0.552808 -0.442096 0.706367
vn 0.454913 -0.064838 0.888173
vn 0.454913 -0.064838 0.888173
vn 0.454913 -0.064838 0.888173
vn 0.359506 -0.629713 0.688634
vn 0.359506 -0.629713 0.688634
vn 0.359506 -0.629713 0.688634
vn 0.871593 -0.004646 -0.490207
vn 0.871593 -0.004646 -0.490207
vn 0.871593 -0.004646 -0.490207
vn -0.495847 0.745648 -0.445134
vn -0.495847 0.745648 -0.445134
vn -0.495847 0.745648 -0.445134
vn 0.420230 0.226050 0.878811
vn 0.420230 0.226050 0.878811
vn 0.420230 0.226050 0.878811
vn 0.509758 -0.147492 0.847581
vn 0.509758 -0.147492 0.847581
vn 0.509758 -0.147492 0.847581
vn 0.471360 -0.720422 -0.508736
vn 0.471360 -0.720422 -0.508736
vn 0.471360 -0.720422 -0.508736
vn 0.667187 -0.721355 0.185764
vn 0.667187 -0.721355 0.185764
vn 0.667187 -0.721355 0.185764
vn 0.928343 -0.080180 -0.362975
vn 0.928343 -0.080180 -0.362975
vn 0.928343 -0.080180 -0.362975
vn 0.599615 -0.398213 0.694182
vn 0.599615 -0.398213 0.694182
vn 0.599615 -0.398213 0.694182
vn 0.931320 -0.037417 -0.362274
vn 0.931320 -0.037417 -0.362274
vn 0.931320 -0.037417 -0.362274
vn -0.031120 0.090815 -0.995381
vn -0.031120 0.090815 -0.995381
vn -0.031120 0.090815 -0.995381
vn 0.466427 -0.371106 0.802948
vn 0.466427 -0.371106 0.802948
vn 0.466427 -0.371106 0.802948
vn 0.500634 -0.675512 0.541340
vn 0.500634 -0.675512 0.541340
vn 0.500634 -0.675512 0.541340
vn -0.049242 -0.057980 0.997103
vn -0.049242 -0.057980 0.997103
vn -0.049242 -0.057980 0.997102
vn 0.547696 -0.552257 0.628523
vn 0.547696 -0.552257 0.628523
vn 0.547696 -0.552257 0.628523
vn 0.042544 0.668227 0.742740
vn 0.042544 0.668227 0.742740
vn 0.042544 0.668227 0.742740
vn 0.353313 0.398319 0.846470
vn 0.353313 0.398319 0.846470
vn 0.353313 0.398319 0.846470
vn -0.002592 0.813198 0.581982
vn -0.002592 0.813198 0.581982
vn -0.002592 0.813198 0.581982
vn 0.481238 -0.368201 0.795511
vn 0.481238 -0.368201 0.795511
vn 0.481238 -0.368201 0.795511
vn 0.317770 0.098106 0.943079
vn 0.317770 0.098106 0.943079
vn 0.317770 0.098106 0.943079
vn 0.286966 -0.051777 0.956540
vn 0.286966 -0.051777 0.956540
vn 0.286966 -0.051777 0.956540
vn 0.398915 0.159973 0.902926
vn 0.398915 0.159973 0.902926
vn 0.398915 0.159973 0.902926
vn 0.228852 0.750875 0.619527
vn 0.228852 0.750875 0.619527
vn 0.228852 0.750875 0.619527
vn 0.523314 -0.032310 0.851527
vn 0.523314 -0.032310 0.851527
vn 0.523314 -0.032310 0.851527
vn 0.685645 -0.296387 0.664866
vn 0.685644 -0.296387 0.664866
vn 0.685644 -0.296387 0.664866
vn 0.546758 -0.586664 0.597395
vn 0.546758 -0.586664 0.597396
vn 0.546758 -0.586664 0.597395
vn 0.666348 -0.229737 0.709367
vn 0.666348 -0.229737 0.709367
vn 0.666348 -0.229737 0.709367
vn 0.608516 0.364752 0.704744
vn 0.608516 0.364752 0.704744
vn 0.608516 0.364752 0.704744
vn 0.878973 0.010808 -0.476749
vn 0.878973 0.010808 -0.476749
vn 0.878973 0.010808 -0.476749
vn 0.534848 -0.084163 0.840746
vn 0.534848 -0.084163 0.840746
vn 0.534848 -0.084163 0.840746
vn 0.547802 -0.047836 0.835239
vn 0.547802 -0.047836 0.835239
vn 0.547802 -0.047836 0.835239
vn 0.881700 -0.077562 0.465392
vn 0.881700 -0.077562 0.465392
vn 0.881700 -0.077562 0.465392
vn 0.336834 -0.086794 0.937555
vn 0.336834 -0.086794 0.937555
vn 0.336834 -0.086794 0.937555
vn 0.027164 -0.841069 -0.540246
vn 0.027164 -0.841069 -0.540246
vn 0.027164 -0.841069 -0.540246
vn 0.531350 -0.348062 0.772347
vn 0.531350 -0.348062 0.772347
vn 0.531350 -0.348062 0.772347
vn 0.449402 -0.119025 0.885365
vn 0.449402 -0.119025 0.885365
vn 0.449402 -0.119025 0.885365
vn 0.882796 -0.079547 0.462973
vn 0.882796 -0.079547 0.462973
vn 0.882796 -0.079547 0.462973
vn 0.747053 -0.056801 -0.662333
vn 0.747053 -0.056801 -0.662333
vn 0.747053 -0.056801 -0.662333
vn 0.797947 -0.236394 0.554436
vn 0.797947 -0.236394 0.554436
vn 0.797947 -0.236394 0.554436
vn 0.302358 -0.078289 0.949974
vn 0.302358 -0.078289 0.949974
vn 0.302358 -0.078289 0.949974
vn 0.426496 0.510449 0.746688
vn 0.426496 0.510449 0.746688
vn 0.426496 0.510449 0.746688
vn 0.987173 0.021166 -0.158244
vn 0.987173 0.021166 -0.158244
vn 0.987173 0.021166 -0.158244
vn 0.731384 -0.293304 0.615671
vn 0.731384 -0.293304 0.615671
vn 0.731384 -0.293304 0.615671
vn 0.359994 -0.921931 -0.142993
vn 0.359994 -0.921931 -0.142993
vn 0.359994 -0.921931 -0.142993
vn 0.297621 -0.206839 0.932008
vn 0.297621 -0.206839 0.932008
vn 0.297621 -0.206839 0.932008
vn 0.658330 0.406123 0.633771
vn 0.658330 0.406123 0.633771
vn 0.658330 0.406123 0.633771
vn 0.240958 0.405229 0.881889
vn 0.240958 0.405229 0.881889
vn 0.240958 0.405229 0.881889
vn 0.563757 -0.766193 0.308425
vn 0.563757 -0.766193 0.308425
vn 0.563757 -0.766193 0.308425
vn 0.306579 0.592167 0.745217
vn 0.306579 0.592167 0.745217
vn 0.306579 0.592167 0.745217
vn 0.705027 -0.154347 0.692181
vn 0.705027 -0.154347 0.692181
vn 0.705027 -0.154347 0.692181
vn 0.720766 -0.120715 0.682586
vn 0.720766 -0.120715 0.682586
vn 0.720766 -0.120715 0.682586
vn 0.990480 0.046753 0.129476
vn 0.990480 0.046753 0.129476
vn 0.990480 0.046753 0.129476
vn -0.540109 -0.070017 0.838677
vn -0.540109 -0.070017 0.838677
vn -0.540109 -0.070017 0.838677
vn 0.356721 0.492301 0.793971
vn 0.356721 0.492301 0.793971
vn 0.356721 0.492301 0.793971
vn 0.032871 0.437527 0.898604
vn 0.032871 0.437527 0.898604
vn 0.032871 0.437527 0.898604
vn 0.235900 0.510271 0.827028
vn 0.235900 0.510271 0.827028
vn 0.235900 0.510271 0.827028
vn 0.513037 0.009398 0.858315
vn 0.513037 0.009398 0.858315
vn 0.513037 0.009398 0.858315
vn 0.512032 0.123465 0.850047
vn 0.512032 0.123465 0.850047
vn 0.512032 0.123465 0.850047
vn 0.303116 0.815328 0.493316
vn 0.303116 0.815328 0.493316
vn 0.303116 0.815328 0.493316
vn 0.663228 -0.231265 0.711790
vn 0.663228 -0.231265 0.711790
vn 0.663228 -0.231265 0.711790
vn 0.659300 0.134658 0.739723
vn 0.659300 0.134658 0.739723
vn 0.659300 0.134658 0.739723
vn 0.769037 -0.309976 0.559014
vn 0.769037 -0.309976 0.559014
vn 0.769037 -0.309976 0.559014
vn 0.589422 -0.565005 0.577365
vn 0.589422 -0.565005 0.577365
vn 0.589422 -0.565005 0.577365
vn -0.395956 -0.887936 -0.234067
vn -0.395956 -0.887936 -0.234067
vn -0.395956 -0.887936 -0.234067
vn 0.273144 0.176897 -0.945568
vn 0.273144 0.176897 -0.945569
vn 0.273144 0.176897 -0.945569
vn 0.710823 -0.313071 0.629855
vn 0.710823 -0.313071 0.629854
vn 0.710823 -0.313071 0.629854
vn 0.582841 -0.418837 0.696328
vn 0.582841 -0.418837 0.696328
vn 0.582841 -0.418837 0.696328
vn 0.666663 -0.090835 0.739803
vn 0.666663 -0.090835 0.739803
vn 0.666663 -0.090835 0.739803
vn 0.600197 0.117406 0.791189
vn 0.600197 0.117406 0.791189
vn 0.600197 0.117406 0.791189
vn -0.168292 0.829950 0.531847
vn -0.168292 0.829950 0.531847
vn -0.168292 0.829950 0.531847
vn -0.846490 0.461657 0.265193
vn -0.846490 0.461657 0.265193
vn -0.846490 0.461657 0.265193
vn 0.687251 -0.011961 0.726322
vn 0.687251 -0.011961 0.726322
vn 0.687251 -0.011961 0.726322
vn 0.703516 -0.393890 0.591537
vn 0.703516 -0.393890 0.591537
vn 0.703516 -0.393890 0.591537
vn 0.693862 0.194094 0.693457
vn 0.693862 0.194094 0.693457
vn 0.693862 0.194094 0.693457
vn 0.633316 0.390525 0.668133
vn 0.633316 0.390525 0.668133
vn 0.633316 0.390525 0.668133
vn -0.116783 0.125930 -0.985141
vn -0.116783 0.125930 -0.985141
vn -0.116783 0.125930 -0.985141
vn 0.476607 -0.117270 0.871260
vn 0.476607 -0.117270 0.871260
vn 0.476607 -0.117270 0.871260
vn 0.715806 -0.338251 0.610908
vn 0.715806 -0.338251 0.610908
vn 0.715806 -0.338251 0.610908
vn 0.511349 0.405066 0.757921
vn 0.511349 0.405066 0.757921
vn 0.511349 0.405066 0.757921
vn 0.456953 0.285827 0.842316
vn 0.456953 0.285827 0.842316
vn 0.456953 0.285827 0.842316
vn 0.305951 0.321650 0.896067
vn 0.305951 0.321650 0.896067
vn 0.305951 0.321650 0.896067
vn 0.589856 0.744639 0.312381
vn 0.589856 0.744639 0.312381
vn 0.589856 0.744639 0.312381
vn 0.734133 -0.039908 0.677832
vn 0.734133 -0.039908 0.677832
vn 0.734133 -0.039908 0.677832
vn 0.059341 0.799173 0.598165
vn 0.059341 0.799173 0.598165
vn 0.059341 0.799173 0.598165
vn 0.709747 -0.426014 0.561045
vn 0.709747 -0.426014 0.561045
vn 0.709747 -0.426014 0.561045
vn -0.008296 0.812823 0.582451
vn -0.008296 0.812823 0.582451
vn -0.008296 0.812823 0.582451
vn 0.801322 -0.155972 0.577543
vn 0.801322 -0.155972 0.577543
vn 0.801322 -0.155972 0.577543
vn -0.708631 -0.703061 0.059564
vn -0.708631 -0.703060 0.059564
vn -0.708631 -0.703060 0.059564
vn 0.891592 0.438988 -0.111149
vn 0.891592 0.438988 -0.111149
vn 0.891592 0.438988 -0.111149
vn 0.666660 -0.226379 0.710152
vn 0.666660 -0.226379 0.710152
vn 0.666660 -0.226379 0.710152
vn 0.752768 -0.225474 0.618467
vn 0.752768 -0.225474 0.618467
vn 0.752768 -0.225474 0.618467
vn 0.603794 0.073481 0.793747
vn 0.603794 0.073481 0.793747
vn 0.603794 0.073481 0.793747
vn 0.761690 0.034038 0.647047
vn 0.761690 0.034038 0.647047
vn 0.761690 0.034038 0.647047
vn 0.694876 0.208601 0.688210
vn 0.694876 0.208601 0.688210
vn 0.694876 0.208601 0.688210
vn 0.330095 0.183148 0.926010
vn 0.330095 0.183148 0.926010
vn 0.330095 0.183148 0.926010
vn 0.364027 -0.378261 0.851119
vn 0.364027 -0.378261 0.851119
vn 0.364027 -0.378261 0.851119
vn 0.592844 -0.185253 0.783720
vn 0.592844 -0.185253 0.783720
vn 0.592844 -0.185253 0.783720
vn 0.377164 0.208189 0.902444
vn 0.377164 0.208189 0.902444
vn 0.377164 0.208189 0.902444
vn 0.058315 -0.058280 -0.996596
vn 0.058315 -0.058280 -0.996596
vn 0.058315 -0.058280 -0.996596
vn -0.090906 0.256471 0.962268
vn -0.090906 0.256471 0.962268
vn -0.090906 0.256471 0.962268
vn 0.461856 0.526641 0.713680
vn 0.461856 0.526641 0.713679
vn 0.461856 0.526641 0.713679
vn 0.469653 0.519392 0.713904
vn 0.469653 0.519392 0.713904
vn 0.469653 0.519392 0.713904
vn 0.493102 -0.013069 0.869873
vn 0.493102 -0.013069 0.869873
vn 0.493102 -0.013069 0.869873
vn 0.743445 0.188103 0.641800
vn 0.743445 0.188103 0.641800
vn 0.743445 0.188103 0.641800
vn 0.336988 -0.186094 0.922934
vn 0.336988 -0.186094 0.922934
vn 0.336988 -0.186094 0.922934
vn 0.257711 0.296109 0.919731
vn 0.257711 0.296109 0.919731
vn 0.257711 0.296109 0.919731
vn 0.479563 0.103313 0.871405
vn 0.479563 0.103313 0.871405
vn 0.479563 0.103313 0.871404
vn -0.005768 0.313147 0.949687
vn -0.005768 0.313147 0.949687
vn -0.005768 0.313147 0.949687
vn -0.891500 0.343579 0.295265
vn -0.891500 0.343579 0.295265
vn -0.891500 0.343579 0.295265
vn 0.342446 0.594471 0.727555
vn 0.342446 0.594471 0.727555
vn 0.342446 0.594471 0.727555
vn 0.471783 0.367821 0.801330
vn 0.471783 0.367821 0.801329
vn 0.471783 0.367821 0.801329
vn 0.343161 0.413770 0.843229
vn 0.343161 0.413770 0.843229
vn 0.343161 0.413770 0.843229
vn 0.895050 -0.435885 -0.094282
vn 0.895051 -0.435885 -0.094282
vn 0.895050 -0.435885 -0.094282
vn 0.719631 -0.206496 0.662941
vn 0.719631 -0.206496 0.662941
vn 0.719631 -0.206496 0.662941
vn 0.951409 0.154987 -0.266084
vn 0.951409 0.154987 -0.266084
vn 0.951409 0.154987 -0.266084
vn -0.871619 -0.415963 0.259336
vn -0.871619 -0.415963 0.259336
vn -0.871619 -0.415963 0.259336
vn -0.960531 0.277460 0.019878
vn -0.960531 0.277460 0.019878
vn -0.960531 0.277460 0.019878
vn -0.999026 0.042827 -0.010642
vn -0.999026 0.042827 -0.010642
vn -0.999026 0.042827 -0.010642
vn 0.985565 -0.157499 -0.062087
vn 0.985565 -0.157499 -0.062087
vn 0.985565 -0.157499 -0.062087
vn 0.983887 -0.173788 -0.041988
vn 0.983887 -0.173788 -0.041988
vn 0.983887 -0.173788 -0.041988
vn 0.944930 0.324897 0.039346
vn 0.944930 0.324897 0.039346
vn 0.944930 0.324897 0.039346
vn 0.371690 -0.913748 -0.164046
vn 0.371690 -0.913748 -0.164046
vn 0.371690 -0.913748 -0.164046
vn -0.970156 -0.220116 -0.101721
vn -0.970156 -0.220116 -0.101721
vn -0.970156 -0.220116 -0.101721
vn -0.879794 0.448983 -0.156129
vn -0.879794 0.448983 -0.156129
vn -0.879794 0.448983 -0.156129
vn -0.682678 0.093422 0.724722
vn -0.682679 0.093422 0.724722
vn -0.682678 0.093422 0.724722
vn -0.781446 -0.536594 0.318449
vn -0.781446 -0.536594 0.318449
vn -0.781446 -0.536594 0.318449
vn -0.463949 -0.000358 0.885862
vn -0.463949 -0.000358 0.885862
vn -0.463949 -0.000358 0.885862
vn -0.993471 0.021415 -0.112053
vn -0.993471 0.021415 -0.112053
vn -0.993472 0.021415 -0.112053
vn 0.041296 -0.998275 0.041743
vn 0.041296 -0.998275 0.041743
vn 0.041296 -0.998275 0.041743
vn -0.928063 0.228708 0.293925
vn -0.928063 0.228708 0.293925
vn -0.928063 0.228708 0.293925
vn -0.980907 0.063051 0.183974
vn -0.980907 0.063051 0.183974
vn -0.980907 0.063051 0.183974
vn -0.946892 0.301423 0.111980
vn -0.946892 0.301423 0.111980
vn -0.946892 0.301423 0.111980
vn -0.327045 0.892327 -0.311116
vn -0.327045 0.892328 -0.311116
vn -0.327045 0.892327 -0.311116
vn -0.489155 0.848347 -0.202571
vn -0.489155 0.848347 -0.202571
vn -0.489154 0.848347 -0.202571
vn 0.419268 -0.818589 -0.392589
vn 0.419268 -0.818589 -0.392589
vn 0.419268 -0.818589 -0.392589
vn -0.896636 0.424608 0.125510
vn -0.896636 0.424608 0.125510
vn -0.896636 0.424608 0.125510
vn 0.945782 0.317553 0.068241
vn 0.945782 0.317553 0.068241
vn 0.945782 0.317553 0.068241
vn -0.962847 0.264349 0.055176
vn -0.962847 0.264349 0.055176
vn -0.962847 0.264349 0.055176
vn 0.698477 0.052551 -0.713700
vn 0.698477 0.052551 -0.713700
vn 0.698477 0.052551 -0.713700
vn -0.928487 -0.361201 -0.086285
vn -0.928487 -0.361201 -0.086285
vn -0.928487 -0.361201 -0.086285
vn -0.948859 -0.160556 0.271823
vn -0.948859 -0.160556 0.271823
vn -0.948859 -0.160556 0.271823
vn 0.766291 -0.187279 -0.614594
vn 0.766291 -0.187279 -0.614594
vn 0.766291 -0.187279 -0.614594
vn 0.271351 -0.845342 0.460180
vn 0.271351 -0.845342 0.460180
vn 0.271351 -0.845342 0.460180
vn 0.072980 -0.978124 -0.194799
vn 0.072980 -0.978124 -0.194799
vn 0.072980 -0.978124 -0.194799
vn 0.510776 0.124285 -0.850683
vn 0.510776 0.124285 -0.850683
vn 0.510776 0.124285 -0.850683
vn 0.963704 0.190096 0.187453
vn 0.963704 0.190096 0.187453
vn 0.963704 0.190096 0.187453
vn -0.972413 0.043573 -0.229161
vn -0.972413 0.043573 -0.229161
vn -0.972413 0.043573 -0.229161
vn -0.972597 -0.203189 -0.112998
vn -0.972597 -0.203189 -0.112998
vn -0.972597 -0.203189 -0.112998
vn -0.616918 0.740048 0.267844
vn -0.616918 0.740048 0.267844
vn -0.616918 0.740048 0.267844
vn -0.709296 0.658284 0.252114
vn -0.709296 0.658284 0.252114
vn -0.709296 0.658284 0.252114
vn 0.988022 -0.025572 -0.152180
vn 0.988022 -0.025572 -0.152180
vn 0.988022 -0.025572 -0.152180
vn -0.885051 0.379525 0.269527
vn -0.885051 0.379525 0.269527
vn -0.885051 0.379525 0.269527
vn 0.841009 -0.429204 -0.329375
vn 0.841009 -0.429204 -0.329375
vn 0.841008 -0.429204 -0.329375
vn -0.531680 0.722771 -0.441496
vn -0.531680 0.722771 -0.441496
vn -0.531680 0.722771 -0.441496
vn -0.916543 -0.373282 0.143561
vn -0.916543 -0.373282 0.143561
vn -0.916543 -0.373283 0.143561
vn 0.917933 -0.325325 -0.227073
vn 0.917933 -0.325325 -0.227073
vn 0.917933 -0.325325 -0.227073
vn 0.985561 0.140830 0.094000
vn 0.985561 0.140830 0.094000
vn 0.985561 0.140830 0.094000
vn 0.831955 -0.513639 -0.209822
vn 0.831955 -0.513639 -0.209822
vn 0.831955 -0.513639 -0.209822
vn -0.770164 0.406611 -0.491442
vn -0.770164 0.406611 -0.491442
vn -0.770164 0.406611 -0.491442
vn -0.014424 -0.644094 -0.764811
vn -0.014424 -0.644094 -0.764811
vn -0.014424 -0.644094 -0.764811
vn -0.902784 0.216704 -0.371512
vn -0.902784 0.216704 -0.371512
vn -0.902784 0.216704 -0.371512
vn 0.780344 0.351727 0.517061
vn 0.780344 0.351727 0.517061
vn 0.780344 0.351727 0.517061
vn -0.746274 -0.371809 -0.552117
vn -0.746274 -0.371809 -0.552117
vn -0.746274 -0.371809 -0.552117
vn 0.628871 -0.664603 -0.403514
vn 0.628871 -0.664603 -0.403514
vn 0.628871 -0.664603 -0.403514
vn 0.948429 0.239641 0.207495
vn 0.948429 0.239641 0.207495
vn 0.948429 0.239641 0.207495
vn 0.187962 0.886965 -0.421857
vn 0.187962 0.886965 -0.421857
vn 0.187962 0.886965 -0.421857
vn 0.846199 -0.205530 -0.491635
vn 0.846199 -0.205530 -0.491635
vn 0.846199 -0.205530 -0.491635
vn 0.823233 -0.211821 -0.526706
vn 0.823233 -0.211821 -0.526706
vn 0.823233 -0.211821 -0.526706
vn 0.103082 -0.220758 -0.969866
vn 0.103082 -0.220758 -0.969866
vn 0.103082 -0.220758 -0.969866
vn 0.707069 -0.517117 -0.482332
vn 0.707069 -0.517117 -0.482332
vn 0.707069 -0.517117 -0.482332
vn -0.274685 -0.809373 -0.519098
vn -0.274685 -0.809373 -0.519098
vn -0.274685 -0.809373 -0.519098
vn 0.757253 -0.625308 0.188568
vn 0.757253 -0.625308 0.188568
vn 0.757253 -0.625308 0.188568
vn 0.530972 -0.642417 -0.552602
vn 0.530972 -0.642417 -0.552602
vn 0.530972 -0.642417 -0.552602
vn 0.994689 0.077280 0.067982
vn 0.994689 0.077280 0.067982
vn 0.994689 0.077280 0.067982
vn 0.885186 0.417004 0.206283
vn 0.885186 0.417004 0.206283
vn 0.885186 0.417004 0.206283
vn -0.914189 0.275587 -0.297169
vn -0.914189 0.275587 -0.297169
vn -0.914189 0.275587 -0.297169
vn 0.748589 0.041589 -0.661729
vn 0.748589 0.041589 -0.661729
vn 0.748589 0.041589 -0.661729
vn 0.475116 -0.873916 -0.102644
vn 0.475116 -0.873916 -0.102644
vn 0.475116 -0.873916 -0.102644
vn 0.839435 -0.530504 -0.117958
vn 0.839435 -0.530504 -0.117958
vn 0.839435 -0.530504 -0.117958
vn 0.971357 0.137390 0.193881
vn 0.971357 0.137390 0.193881
vn 0.971357 0.137390 0.193881
vn -0.013681 0.564828 -0.825095
vn -0.013681 0.564828 -0.825095
vn -0.013681 0.564828 -0.825095
vn -0.849856 -0.408927 0.332451
vn -0.849856 -0.408927 0.332451
vn -0.849856 -0.408927 0.332451
vn -0.716398 -0.607586 -0.342947
vn -0.716398 -0.607586 -0.342947
vn -0.716398 -0.607586 -0.342947
vn 0.991983 -0.125716 0.012812
vn 0.991984 -0.125716 0.012812
vn 0.991984 -0.125716 0.012812
vn 0.757936 -0.255414 -0.600247
vn 0.757936 -0.255414 -0.600247
vn 0.757936 -0.255414 -0.600247
vn -0.711615 0.691562 0.123879
vn -0.711615 0.691562 0.123879
vn -0.711615 0.691562 0.123879
vn -0.863063 -0.492415 0.112471
vn -0.863063 -0.492415 0.112471
vn -0.863063 -0.492415 0.112471
vn 0.858138 0.007206 -0.513368
vn 0.858138 0.007206 -0.513368
vn 0.858138 0.007206 -0.513368
vn 0.186857 -0.931913 -0.310842
vn 0.186857 -0.931913 -0.310842
vn 0.186857 -0.931913 -0.310842
vn 0.897034 -0.400830 -0.186189
vn 0.897034 -0.400829 -0.186189
vn 0.897034 -0.400830 -0.186189
vn 0.788498 0.273314 -0.550973
vn 0.788498 0.273314 -0.550972
vn 0.788498 0.273314 -0.550972
vn 0.080858 0.279206 -0.956821
vn 0.080858 0.279206 -0.956821
vn 0.080858 0.279206 -0.956821
vn 0.931649 0.358470 0.059412
vn 0.931649 0.358470 0.059412
vn 0.931649 0.358470 0.059412
vn 0.708447 -0.693493 -0.131034
vn 0.708447 -0.693493 -0.131034
vn 0.708447 -0.693493 -0.131034
vn -0.474039 0.229645 -0.850029
vn -0.474039 0.229645 -0.850029
vn -0.474039 0.229645 -0.850029
vn 0.772369 -0.524406 -0.358392
vn 0.772369 -0.524406 -0.358392
vn 0.772369 -0.524406 -0.358392
vn 0.607379 0.076141 -0.790755
vn 0.607379 0.076141 -0.790755
vn 0.607379 0.076141 -0.790755
vn -0.527947 0.848742 -0.030142
vn -0.527947 0.848743 -0.030142
vn -0.527947 0.848742 -0.030142
vn 0.767937 0.374025 0.519979
vn 0.767937 0.374025 0.519979
vn 0.767937 0.374025 0.519979
vn 0.634333 -0.061223 -0.770631
vn 0.634333 -0.061223 -0.770631
vn 0.634333 -0.061223 -0.770631
vn 0.772290 0.127707 -0.622301
vn 0.772290 0.127707 -0.622301
vn 0.772290 0.127707 -0.622301
vn 0.709824 -0.649843 -0.271761
vn 0.709824 -0.649843 -0.271761
vn 0.709824 -0.649843 -0.271761
vn -0.865422 -0.482098 -0.136479
vn -0.865422 -0.482098 -0.136479
vn -0.865422 -0.482098 -0.136479
vn 0.066109 -0.475281 0.877347
vn 0.066109 -0.475281 0.877347
vn 0.066109 -0.475281 0.877347
vn -0.891267 -0.186020 -0.413569
vn -0.891267 -0.186020 -0.413569
vn -0.891267 -0.186020 -0.413569
vn -0.778729 -0.501610 -0.376788
vn -0.778729 -0.501610 -0.376787
vn -0.778729 -0.501610 -0.376787
vn 0.784734 -0.325244 -0.527645
vn 0.784734 -0.325244 -0.527645
vn 0.784734 -0.325244 -0.527645
vn 0.988013 -0.086616 -0.127782
vn 0.988013 -0.086616 -0.127782
vn 0.988013 -0.086616 -0.127782
vn -0.948996 -0.079837 -0.305011
vn -0.948997 -0.079837 -0.305011
vn -0.948996 -0.079837 -0.305011
vn 0.748598 -0.186625 -0.636217
vn 0.748598 -0.186625 -0.636217
vn 0.748598 -0.186625 -0.636217
vn 0.628749 -0.121851 -0.768002
vn 0.628749 -0.121851 -0.768002
vn 0.628749 -0.121851 -0.768002
vn -0.908985 -0.042196 -0.414687
vn -0.908985 -0.042196 -0.414687
vn -0.908985 -0.042196 -0.414687
vn -0.864068 -0.391696 -0.316166
vn -0.864068 -0.391696 -0.316166
vn -0.864068 -0.391696 -0.316166
vn -0.976321 -0.143431 -0.161939
vn -0.976321 -0.143431 -0.161939
vn -0.976321 -0.143431 -0.161939
vn -0.883746 -0.379462 0.273865
vn -0.883746 -0.379462 0.273865
vn -0.883746 -0.379462 0.273865
vn 0.173696 0.955713 -0.237576
vn 0.173696 0.955713 -0.237577
vn 0.173696 0.955713 -0.237576
vn 0.099666 0.724934 -0.681570
vn 0.099666 0.724934 -0.681570
vn 0.099666 0.724934 -0.681570
vn -0.212197 -0.456887 -0.863844
vn -0.212197 -0.456887 -0.863844
vn -0.212197 -0.456887 -0.863844
vn 0.734986 -0.339055 -0.587228
vn 0.734986 -0.339055 -0.587228
vn 0.734986 -0.339055 -0.587228
vn -0.161849 0.731722 0.662108
vn -0.161850 0.731722 0.662108
vn -0.161850 0.731722 0.662108
vn 0.713228 -0.543493 0.442630
vn 0.713228 -0.543493 0.442630
vn 0.713228 -0.543493 0.442630
vn 0.747135 0.062080 -0.661767
vn 0.747135 0.062080 -0.661767
vn 0.747135 0.062080 -0.661767
vn 0.975706 -0.217115 0.029323
vn 0.975706 -0.217115 0.029323
vn 0.975706 -0.217115 0.029323
vn -0.998756 0.049465 0.006227
vn -0.998756 0.049465 0.006227
vn -0.998756 0.049465 0.006227
vn 0.752883 0.070094 -0.654411
vn 0.752883 0.070094 -0.654411
vn 0.752883 0.070094 -0.654411
vn 0.769493 0.247509 -0.588745
vn 0.769493 0.247509 -0.588745
vn 0.769493 0.247509 -0.588745
vn 0.987377 -0.096148 -0.125865
vn 0.987377 -0.096148 -0.125865
vn 0.987377 -0.096148 -0.125865
vn 0.145571 -0.731144 -0.666511
vn 0.145571 -0.731144 -0.666511
vn 0.145571 -0.731144 -0.666511
vn 0.786315 0.298255 0.541066
vn 0.786315 0.298255 0.541066
vn 0.786315 0.298255 0.541066
vn 0.977298 -0.110912 -0.180519
vn 0.977298 -0.110912 -0.180519
vn 0.977298 -0.110912 -0.180519
vn 0.859701 -0.166165 -0.483015
vn 0.859701 -0.166165 -0.483015
vn 0.859701 -0.166165 -0.483015
vn -0.939157 0.326944 0.105316
vn -0.939157 0.326944 0.105316
vn -0.939157 0.326944 0.105316
vn 0.761456 -0.460324 -0.456384
vn 0.761456 -0.460324 -0.456384
vn 0.761456 -0.460324 -0.456384
vn -0.966488 0.067678 0.247629
vn -0.966488 0.067678 0.247629
vn -0.966488 0.067678 0.247629
vn 0.623620 -0.634807 -0.456200
vn 0.623620 -0.634807 -0.456200
vn 0.623620 -0.634807 -0.456200
vn 0.899917 0.348038 0.262716
vn 0.899917 0.348038 0.262716
vn 0.899917 0.348038 0.262716
vn -0.381258 -0.425005 0.820983
vn -0.381258 -0.425005 0.820983
vn -0.381258 -0.425005 0.820983
vn -0.334084 0.888612 -0.314255
vn -0.334084 0.888612 -0.314255
vn -0.334084 0.888612 -0.314255
vn -0.995018 0.058970 -0.080384
vn -0.995018 0.058970 -0.080384
vn -0.995018 0.058970 -0.080384
vn -0.292783 0.840514 -0.455866
vn -0.292783 0.840514 -0.455866
vn -0.292783 0.840514 -0.455866
vn 0.757243 0.032355 -0.652331
vn 0.757243 0.032355 -0.652331
vn 0.757243 0.032355 -0.652331
vn 0.779178 -0.025392 -0.626288
vn 0.779178 -0.025392 -0.626288
vn 0.779178 -0.025392 -0.626288
vn 0.218785 0.311747 0.924633
vn 0.218785 0.311747 0.924633
vn 0.218785 0.311747 0.924633
vn 0.754752 -0.470528 0.457114
vn 0.754752 -0.470528 0.457114
vn 0.754752 -0.470528 0.457114
vn -0.924659 0.338973 -0.173501
vn -0.924659 0.338973 -0.173501
vn -0.924659 0.338973 -0.173501
vn -0.612890 0.317322 -0.723652
vn -0.612890 0.317322 -0.723652
vn -0.612890 0.317322 -0.723652
vn 0.866728 -0.266770 -0.421446
vn 0.866728 -0.266770 -0.421446
vn 0.866728 -0.266770 -0.421446
vn -0.874558 0.062968 -0.480816
vn -0.874558 0.062968 -0.480816
vn -0.874558 0.062968 -0.480816
vn -0.926399 0.215730 -0.308619
vn -0.926399 0.215730 -0.308619
vn -0.926399 0.215730 -0.308619
vn 0.702457 -0.459135 -0.543828
vn 0.702457 -0.459135 -0.543828
vn 0.702457 -0.459135 -0.543828
vn 0.751880 -0.583638 -0.306664
vn 0.751880 -0.583638 -0.306664
vn 0.751880 -0.583638 -0.306664
vn 0.827251 -0.526647 -0.195699
vn 0.827251 -0.526647 -0.195699
vn 0.827251 -0.526647 -0.195699
vn 0.994264 0.040166 0.099120
vn 0.994264 0.040166 0.099120
vn 0.994264 0.040166 0.099120
vn 0.991641 0.048990 0.119366
vn 0.991641 0.048990 0.119366
vn 0.991641 0.048990 0.119366
vn 0.657239 -0.752286 -0.045854
vn 0.657239 -0.752286 -0.045854
vn 0.657239 -0.752286 -0.045854
vn -0.962319 -0.269539 0.035930
vn -0.962319 -0.269539 0.035930
vn -0.962319 -0.269539 0.035930
vn 0.936376 0.177648 0.302724
vn 0.936376 0.177648 0.302724
vn 0.936375 0.177648 0.302724
vn 0.988015 -0.153752 -0.013690
vn 0.988015 -0.153752 -0.013690
vn 0.988015 -0.153752 -0.013690
vn -0.950538 0.138887 -0.277828
vn -0.950538 0.138887 -0.277828
vn -0.950538 0.138887 -0.277828
vn -0.727989 0.602203 0.327693
vn -0.727989 0.602203 0.327693
vn -0.727989 0.602203 0.327693
vn -0.910609 -0.382492 -0.156499
vn -0.910609 -0.382492 -0.156499
vn -0.910609 -0.382492 -0.156499
vn -0.801999 0.151499 -0.577793
vn -0.801999 0.151499 -0.577793
vn -0.801999 0.151499 -0.577793
vn 0.864603 -0.274392 -0.420917
vn 0.864603 -0.274392 -0.420917
vn 0.864603 -0.274392 -0.420917
vn 0.539498 -0.320952 0.778416
vn 0.539498 -0.320952 0.778416
vn 0.539498 -0.320952 0.778416
vn 0.796235 -0.564192 -0.218397
vn 0.796235 -0.564192 -0.218397
vn 0.796235 -0.564192 -0.218397
vn 0.563749 -0.805595 0.182220
vn 0.563749 -0.805595 0.182220
vn 0.563749 -0.805595 0.182220
vn 0.706879 -0.364984 -0.605895
vn 0.706879 -0.364984 -0.605895
vn 0.706879 -0.364984 -0.605895
vn 0.795656 -0.189631 -0.575301
vn 0.795656 -0.189631 -0.575301
vn 0.795656 -0.189631 -0.575301
vn -0.332328 0.823046 0.460602
vn -0.332328 0.823046 0.460602
vn -0.332328 0.823046 0.460602
vn -0.935283 0.274372 -0.223529
vn -0.935283 0.274372 -0.223529
vn -0.935283 0.274372 -0.223529
vn -0.977710 -0.050300 -0.203844
vn -0.977710 -0.050300 -0.203844
vn -0.977710 -0.050300 -0.203844
vn 0.636992 -0.740054 -0.215780
vn 0.636992 -0.740054 -0.215780
vn 0.636992 -0.740054 -0.215780
vn 0.106218 0.620794 0.776745
vn 0.106218 0.620794 0.776745
vn 0.106218 0.620794 0.776745
vn 0.398744 -0.915801 -0.048081
vn 0.398744 -0.915801 -0.048081
vn 0.398744 -0.915801 -0.048081
vn -0.988897 -0.003363 -0.148564
vn -0.988897 -0.003363 -0.148564
vn -0.988897 -0.003363 -0.148564
vn 0.993366 0.086491 0.075787
vn 0.993366 0.086491 0.075787
vn 0.993366 0.086491 0.075787
vn -0.812538 -0.573734 0.103010
vn -0.812538 -0.573734 0.103010
vn -0.812538 -0.573734 0.103010
vn 0.092268 -0.919980 -0.380951
vn 0.092268 -0.919980 -0.380951
vn 0.092268 -0.919980 -0.380951
vn -0.987079 0.123041 0.102649
vn -0.987079 0.123041 0.102649
vn -0.987079 0.123041 0.102649
vn 0.744054 -0.239657 -0.623657
vn 0.744054 -0.239657 -0.623657
vn 0.744054 -0.239657 -0.623657
vn 0.733497 0.119323 -0.669136
vn 0.733497 0.119323 -0.669136
vn 0.733497 0.119323 -0.669136
vn -0.146675 -0.373891 -0.915801
vn -0.146675 -0.373891 -0.915801
vn -0.146675 -0.373891 -0.915801
vn -0.425824 0.878424 0.216897
vn -0.425824 0.878424 0.216897
vn -0.425824 0.878424 0.216897
vn -0.959677 0.011477 -0.280872
vn -0.959677 0.011477 -0.280872
vn -0.959677 0.011477 -0.280872
vn 0.375129 -0.816081 0.439647
vn 0.375129 -0.816081 0.439647
vn 0.375129 -0.816081 0.439647
vn 0.756624 -0.625813 0.189416
vn 0.756624 -0.625813 0.189416
vn 0.756624 -0.625813 0.189416
vn -0.218712 -0.712599 -0.666609
vn -0.218712 -0.712599 -0.666609
vn -0.218712 -0.712599 -0.666609
vn -0.704228 0.448649 -0.550251
vn -0.704228 0.448649 -0.550251
vn -0.704228 0.448649 -0.550251
vn -0.823804 -0.264230 -0.501527
vn -0.823804 -0.264230 -0.501527
vn -0.823804 -0.264230 -0.501527
vn 0.743322 -0.273185 -0.610609
vn 0.743322 -0.273185 -0.610609
vn 0.743322 -0.273185 -0.610609
vn -0.875423 -0.030179 -0.482414
vn -0.875423 -0.030179 -0.482414
vn -0.875423 -0.030179 -0.482414
vn 0.760992 -0.479351 0.437166
vn 0.760992 -0.479351 0.437166
vn 0.760992 -0.479351 0.437166
vn -0.217365 0.550458 -0.806070
vn -0.217365 0.550458 -0.806070
vn -0.217365 0.550458 -0.806070
vn 0.687094 0.328527 -0.648052
vn 0.687094 0.328527 -0.648052
vn 0.687094 0.328527 -0.648052
vn 0.510595 -0.496469 -0.702005
vn 0.510595 -0.496469 -0.702005
vn 0.510595 -0.496469 -0.702005
vn 0.838026 0.235499 -0.492191
vn 0.838026 0.235499 -0.492191
vn 0.838026 0.235499 -0.492191
vn -0.159194 0.188832 -0.969020
vn -0.159194 0.188832 -0.969020
vn -0.159194 0.188832 -0.969020
vn -0.841283 -0.450325 0.299081
vn -0.841283 -0.450325 0.299081
vn -0.841283 -0.450325 0.299081
vn 0.891129 0.144041 0.430281
vn 0.891129 0.144041 0.430281
vn 0.891129 0.144041 0.430281
vn -0.575513 -0.348020 0.740045
vn -0.575513 -0.348020 0.740045
vn -0.575513 -0.348020 0.740045
vn -0.077529 0.076102 -0.994081
vn -0.077529 0.076102 -0.994081
vn -0.077529 0.076102 -0.994081
vn 0.067998 -0.848373 -0.525014
vn 0.067998 -0.848373 -0.525014
vn 0.067998 -0.848373 -0.525014
vn 0.776606 -0.126988 -0.617055
vn 0.776606 -0.126988 -0.617055
vn 0.776606 -0.126988 -0.617055
vn 0.278329 0.055962 0.958854
vn 0.278329 0.055962 0.958854
vn 0.278329 0.055962 0.958854
vn -0.929071 -0.050232 -0.366474
vn -0.929071 -0.050232 -0.366474
vn -0.929071 -0.050232 -0.366474
vn 0.662091 -0.015003 -0.749273
vn 0.662091 -0.015003 -0.749273
vn 0.662091 -0.015003 -0.749273
vn 0.162348 -0.378691 -0.911173
vn 0.162348 -0.378691 -0.911173
vn 0.162348 -0.378691 -0.911173
vn 0.710901 -0.653206 0.260656
vn 0.710901 -0.653206 0.260656
vn 0.710901 -0.653206 0.260656
vn 0.824238 0.395891 0.404849
vn 0.824238 0.395891 0.404849
vn 0.824238 0.395891 0.404848
vn -0.031213 0.422704 -0.905730
vn -0.031213 0.422704 -0.905730
vn -0.031213 0.422704 -0.905730
vn 0.914438 0.355276 0.193859
vn 0.914438 0.355276 0.193859
vn 0.914438 0.355276 0.193859
vn -0.865427 -0.482091 -0.136470
vn -0.865427 -0.482091 -0.136470
vn -0.865427 -0.482091 -0.136470
vn 0.652967 -0.679100 -0.335345
vn 0.652967 -0.679100 -0.335345
vn 0.652967 -0.679100 -0.335345
vn -0.669279 0.737622 -0.089331
vn -0.669279 0.737622 -0.089331
vn -0.669279 0.737622 -0.089331
vn 0.884266 -0.044342 -0.464873
vn 0.884266 -0.044342 -0.464873
vn 0.884266 -0.044342 -0.464873
vn 0.868753 0.025629 -0.494582
vn 0.868753 0.025629 -0.494582
vn 0.868753 0.025629 -0.494582
vn 0.971658 0.169632 -0.164638
vn 0.971658 0.169632 -0.164638
vn 0.971658 0.169632 -0.164638
vn -0.910466 -0.035517 -0.412057
vn -0.910466 -0.035517 -0.412057
vn -0.910466 -0.035517 -0.412057
vn -0.153539 -0.390780 -0.907588
vn -0.153539 -0.390780 -0.907588
vn -0.153539 -0.390780 -0.907588
vn 0.732859 0.069327 -0.676840
vn 0.732859 0.069327 -0.676840
vn 0.732859 0.069327 -0.676840
vn 0.922711 0.353722 0.153245
vn 0.922711 0.353723 0.153245
vn 0.922711 0.353722 0.153245
vn 0.909493 0.155360 -0.385599
vn 0.909493 0.155360 -0.385599
vn 0.909493 0.155360 -0.385599
vn 0.838618 0.306983 -0.449980
vn 0.838618 0.306983 -0.449980
vn 0.838617 0.306983 -0.449980
vn 0.890598 -0.230185 -0.392236
vn 0.890599 -0.230185 -0.392236
vn 0.890599 -0.230185 -0.392236
vn -0.002262 0.903881 -0.427779
vn -0.002262 0.903880 -0.427779
vn -0.002262 0.903881 -0.427779
vn -0.764742 0.498249 0.408557
vn -0.764742 0.498249 0.408557
vn -0.764742 0.498249 0.408557
vn -0.490294 0.733563 0.470635
vn -0.490294 0.733563 0.470635
vn -0.490294 0.733563 0.470635
vn 0.718330 -0.043646 -0.694332
vn 0.718330 -0.043646 -0.694332
vn 0.718330 -0.043646 -0.694332
vn 0.973960 0.078087 -0.212850
vn 0.973960 0.078087 -0.212850
vn 0.973960 0.078086 -0.212850
vn -0.348402 0.741478 0.573434
vn -0.348402 0.741478 0.573434
vn -0.348402 0.741478 0.573434
vn -0.747584 -0.599960 -0.284897
vn -0.747584 -0.599960 -0.284897
vn -0.747584 -0.599960 -0.284897
vn 0.709580 -0.531066 -0.463104
vn 0.709580 -0.531066 -0.463104
vn 0.709580 -0.531066 -0.463104
vn 0.433775 0.334624 -0.836580
vn 0.433775 0.334624 -0.836580
vn 0.433775 0.334624 -0.836580
vn 0.515448 -0.189454 -0.835715
vn 0.515448 -0.189454 -0.835715
vn 0.515448 -0.189453 -0.835715
vn 0.951743 0.305699 -0.027084
vn 0.951743 0.305699 -0.027084
vn 0.951743 0.305699 -0.027084
vn 0.988247 -0.152422 -0.011649
vn 0.988247 -0.152422 -0.011649
vn 0.988247 -0.152422 -0.011649
vn 0.753439 -0.104523 -0.649157
vn 0.753439 -0.104523 -0.649157
vn 0.753439 -0.104523 -0.649157
vn 0.843249 -0.105665 -0.527036
vn 0.843248 -0.105665 -0.527036
vn 0.843249 -0.105665 -0.527036
vn -0.987398 -0.140073 0.073647
vn -0.987398 -0.140073 0.073647
vn -0.987398 -0.140073 0.073647
vn -0.937029 0.197875 0.287787
vn -0.937029 0.197875 0.287787
vn -0.937029 0.197875 0.287787
vn 0.900008 0.393959 0.186500
vn 0.900008 0.393959 0.186500
vn 0.900008 0.393959 0.186500
vn -0.786674 0.521334 0.330688
vn -0.786674 0.521334 0.330688
vn -0.786674 0.521334 0.330688
vn 0.695925 -0.420866 0.581859
vn 0.695925 -0.420866 0.581859
vn 0.695925 -0.420866 0.581859
vn 0.816202 0.526623 -0.237659
vn 0.816202 0.526623 -0.237659
vn 0.816202 0.526623 -0.237660
vn 0.542101 -0.252938 0.801342
vn 0.542101 -0.252938 0.801342
vn 0.542101 -0.252938 0.801342
vn 0.884313 0.330562 0.329725
vn 0.884313 0.330562 0.329725
vn 0.884313 0.330562 0.329725
vn 0.523479 -0.432783 -0.733941
vn 0.523479 -0.432783 -0.733941
vn 0.523479 -0.432783 -0.733941
vn -0.006929 -0.961350 0.275243
vn -0.006929 -0.961350 0.275243
vn -0.006929 -0.961350 0.275243
vn 0.104219 -0.950420 0.292985
vn 0.104219 -0.950420 0.292985
vn 0.104219 -0.950420 0.292985
vn 0.749372 -0.112721 -0.652484
vn 0.749372 -0.112721 -0.652484
vn 0.749372 -0.112721 -0.652484
vn 0.690887 -0.629617 -0.355328
vn 0.690887 -0.629617 -0.355328
vn 0.690887 -0.629617 -0.355328
vn 0.854573 -0.454684 -0.250932
vn 0.854573 -0.454684 -0.250932
vn 0.854573 -0.454684 -0.250932
vn 0.773724 -0.586265 -0.240094
vn 0.773724 -0.586265 -0.240094
vn 0.773724 -0.586265 -0.240094
vn 0.983882 -0.157301 -0.085048
vn 0.983882 -0.157301 -0.085048
vn 0.983882 -0.157301 -0.085048
vn -0.510341 0.829123 -0.228271
vn -0.510341 0.829123 -0.228271
vn -0.510341 0.829123 -0.228271
vn 0.914250 0.180531 -0.362705
vn 0.914250 0.180531 -0.362705
vn 0.914250 0.180531 -0.362705
vn -0.309549 0.392831 -0.865946
vn -0.309549 0.392831 -0.865946
vn -0.309549 0.392831 -0.865946
vn 0.816229 -0.380723 -0.434535
vn 0.816229 -0.380723 -0.434535
vn 0.816229 -0.380723 -0.434535
vn 0.634320 -0.021305 -0.772777
vn 0.634320 -0.021305 -0.772777
vn 0.634320 -0.021305 -0.772777
vn 0.197988 -0.881590 -0.428486
vn 0.197988 -0.881590 -0.428486
vn 0.197988 -0.881590 -0.428486
vn 0.847950 -0.123985 -0.515372
vn 0.847950 -0.123985 -0.515372
vn 0.847950 -0.123985 -0.515372
vn 0.985768 0.102531 -0.133226
vn 0.985768 0.102531 -0.133226
vn 0.985768 0.102531 -0.133226
vn -0.698672 -0.460473 -0.547559
vn -0.698672 -0.460473 -0.547559
vn -0.698672 -0.460473 -0.547559
vn -0.439793 0.082107 -0.894338
vn -0.439793 0.082107 -0.894338
vn -0.439793 0.082107 -0.894338
vn -0.964695 0.165715 -0.204701
vn -0.964695 0.165715 -0.204701
vn -0.964695 0.165715 -0.204701
vn 0.517408 -0.082516 -0.851751
vn 0.517408 -0.082516 -0.851751
vn 0.517408 -0.082516 -0.851751
vn 0.755690 -0.236918 -0.610575
vn 0.755690 -0.236918 -0.610575
vn 0.755690 -0.236918 -0.610575
vn -0.878314 0.449859 -0.161835
vn -0.878315 0.449859 -0.161835
vn -0.878314 0.449859 -0.161835
vn 0.980478 -0.140891 0.137156
vn 0.980478 -0.140891 0.137156
vn 0.980478 -0.140891 0.137156
vn -0.977781 0.117147 -0.173840
vn -0.977781 0.117147 -0.173840
vn -0.977781 0.117147 -0.173840
vn 0.661015 0.083280 -0.745737
vn 0.661015 0.083280 -0.745737
vn 0.661015 0.083280 -0.745737
vn 0.941507 0.300784 0.151964
vn 0.941507 0.300784 0.151964
vn 0.941507 0.300784 0.151964
vn 0.994808 -0.101065 -0.011985
vn 0.994808 -0.101065 -0.011985
vn 0.994808 -0.101065 -0.011985
vn -0.883209 -0.285875 -0.371777
vn -0.883209 -0.285875 -0.371777
vn -0.883209 -0.285875 -0.371777
vn -0.909905 0.292473 -0.294164
vn -0.909905 0.292473 -0.294164
vn -0.909905 0.292473 -0.294164
vn -0.836958 -0.121703 -0.533563
vn -0.836958 -0.121703 -0.533563
vn -0.836958 -0.121703 -0.533563
vn -0.904148 -0.118627 -0.410419
vn -0.904148 -0.118627 -0.410419
vn -0.904148 -0.118627 -0.410419
vn -0.822442 -0.055155 -0.566168
vn -0.822442 -0.055155 -0.566168
vn -0.822442 -0.055155 -0.566169
vn 0.632550 -0.740851 -0.225876
vn 0.632550 -0.740851 -0.225876
vn 0.632550 -0.740851 -0.225876
vn 0.885060 -0.042576 -0.463526
vn 0.885060 -0.042576 -0.463526
vn 0.885060 -0.042576 -0.463526
vn 0.740016 0.091986 -0.666270
vn 0.740016 0.091986 -0.666270
vn 0.740016 0.091986 -0.666270
vn 0.974452 0.015555 0.224056
vn 0.974452 0.015555 0.224057
vn 0.974452 0.015555 0.224056
vn -0.803212 0.153843 -0.575485
vn -0.803212 0.153843 -0.575485
vn -0.803212 0.153843 -0.575485
vn 0.917698 0.037816 -0.395475
vn 0.917698 0.037816 -0.395475
vn 0.917698 0.037816 -0.395475
vn 0.684732 -0.650936 -0.327757
vn 0.684732 -0.650936 -0.327757
vn 0.684732 -0.650936 -0.327757
vn 0.814353 -0.170857 -0.554651
vn 0.814353 -0.170857 -0.554651
vn 0.814353 -0.170857 -0.554651
vn 0.994724 -0.082424 -0.061078
vn 0.994724 -0.082424 -0.061078
vn 0.994724 -0.082424 -0.061078
vn 0.878234 0.009303 0.478141
vn 0.878233 0.009303 0.478141
vn 0.878234 0.009303 0.478141
vn 0.957895 -0.270274 -0.096898
vn 0.957895 -0.270274 -0.096898
vn 0.957895 -0.270274 -0.096898
vn 0.768569 -0.465528 -0.438846
vn 0.768569 -0.465528 -0.438846
vn 0.768569 -0.465528 -0.438846
vn -0.540759 0.155857 -0.826613
vn -0.540759 0.155857 -0.826613
vn -0.540759 0.155856 -0.826613
vn -0.946640 -0.312080 0.080488
vn -0.946640 -0.312080 0.080488
vn -0.946640 -0.312080 0.080488
vn 0.833929 -0.468210 -0.292134
vn 0.833928 -0.468210 -0.292134
vn 0.833928 -0.468210 -0.292134
vn 0.844195 -0.380627 -0.377436
vn 0.844195 -0.380627 -0.377436
vn 0.844195 -0.380627 -0.377436
vn 0.509787 -0.838709 -0.191535
vn 0.509787 -0.838708 -0.191535
vn 0.509787 -0.838708 -0.191535
vn 0.875687 0.290616 0.385636
vn 0.875687 0.290616 0.385636
vn 0.875687 0.290616 0.385636
vn 0.750909 -0.232756 -0.618029
vn 0.750909 -0.232756 -0.618029
vn 0.750909 -0.232756 -0.618029
vn 0.238417 -0.722729 -0.648707
vn 0.238417 -0.722729 -0.648707
vn 0.238417 -0.722729 -0.648707
vn 0.845531 0.332469 -0.417782
vn 0.845531 0.332469 -0.417782
vn 0.845531 0.332469 -0.417782
vn 0.634089 0.065384 -0.770491
vn 0.634089 0.065384 -0.770491
vn 0.634089 0.065384 -0.770491
vn 0.949071 0.084645 0.303479
vn 0.949071 0.084645 0.303479
vn 0.949071 0.084645 0.303479
vn 0.758182 0.062405 -0.649050
vn 0.758182 0.062405 -0.649050
vn 0.758182 0.062405 -0.649050
vn -0.343580 -0.520154 0.781916
vn -0.343580 -0.520154 0.781916
vn -0.343580 -0.520154 0.781916
vn -0.951052 -0.061416 -0.302866
vn -0.951052 -0.061416 -0.302866
vn -0.951052 -0.061416 -0.302866
vn 0.887621 0.158369 0.432490
vn 0.887621 0.158369 0.432490
vn 0.887621 0.158369 0.432490
vn 0.897219 0.259474 0.357312
vn 0.897219 0.259474 0.357312
vn 0.897219 0.259474 0.357312
vn 0.869319 0.348381 0.350593
vn 0.869319 0.348381 0.350593
vn 0.869319 0.348381 0.350593
vn 0.842817 0.524280 -0.121611
vn 0.842817 0.524280 -0.121611
vn 0.842817 0.524280 -0.121611
vn 0.141471 -0.785984 -0.601843
vn 0.141471 -0.785984 -0.601843
vn 0.141471 -0.785984 -0.601843
vn -0.445698 0.718367 0.534137
vn -0.445698 0.718367 0.534137
vn -0.445698 0.718367 0.534137
vn 0.963312 0.165203 0.211514
vn 0.963312 0.165203 0.211514
vn 0.963312 0.165203 0.211514
vn 0.782679 -0.566001 -0.258953
vn 0.782679 -0.566001 -0.258953
vn 0.782679 -0.566001 -0.258953
vn 0.082359 -0.637975 -0.765640
vn 0.082359 -0.637975 -0.765640
vn 0.082359 -0.637975 -0.765640
vn 0.164359 0.569984 -0.805049
vn 0.164359 0.569984 -0.805049
vn 0.164359 0.569984 -0.805049
vn 0.877665 -0.197003 -0.436914
vn 0.877665 -0.197003 -0.436915
vn 0.877665 -0.197003 -0.436914
vn 0.846268 -0.258939 -0.465598
vn 0.846268 -0.258939 -0.465598
vn 0.846268 -0.258939 -0.465598
vn 0.977682 0.163680 0.131711
vn 0.977682 0.163680 0.131711
vn 0.977682 0.163680 0.131711
vn -0.869078 -0.326812 -0.371346
vn -0.869078 -0.326812 -0.371345
vn -0.869078 -0.326812 -0.371345
vn 0.827147 0.459155 0.324044
vn 0.827147 0.459155 0.324044
vn 0.827147 0.459155 0.324044
vn 0.942327 0.033328 0.333030
vn 0.942327 0.033328 0.333030
vn 0.942327 0.033328 0.333030
vn -0.020460 -0.589103 -0.807799
vn -0.020460 -0.589103 -0.807799
vn -0.020460 -0.589103 -0.807799
vn 0.846706 -0.262080 -0.463037
vn 0.846706 -0.262080 -0.463037
vn 0.846706 -0.262080 -0.463037
vn 0.288415 -0.188871 -0.938693
vn 0.288415 -0.188871 -0.938693
vn 0.288415 -0.188871 -0.938693
vn 0.841899 -0.302387 -0.446954
vn 0.841899 -0.302387 -0.446954
vn 0.841899 -0.302387 -0.446954
vn 0.851914 -0.434414 -0.292449
vn 0.851914 -0.434414 -0.292449
vn 0.851914 -0.434414 -0.292449
vn 0.755976 -0.185078 -0.627891
vn 0.755976 -0.185078 -0.627891
vn 0.755976 -0.185078 -0.627891
vn -0.946061 0.100878 -0.307882
vn -0.946061 0.100878 -0.307882
vn -0.946062 0.100878 -0.307882
vn 0.935164 0.105436 0.338160
vn 0.935164 0.105436 0.338160
vn 0.935164 0.105436 0.338160
vn 0.945326 0.078751 0.316476
vn 0.945326 0.078751 0.316476
vn 0.945326 0.078751 0.316476
vn 0.935471 0.265728 0.232986
vn 0.935471 0.265728 0.232986
vn 0.935471 0.265728 0.232986
vn 0.889075 0.388328 0.242378
vn 0.889075 0.388328 0.242378
vn 0.889075 0.388328 0.242378
vn 0.696706 -0.717344 -0.004214
vn 0.696706 -0.717344 -0.004214
vn 0.696706 -0.717344 -0.004214
vn -0.483777 -0.251014 -0.838422
vn -0.483778 -0.251014 -0.838422
vn -0.483778 -0.251014 -0.838422
vn 0.850582 0.409419 0.329979
vn 0.850582 0.409419 0.329979
vn 0.850582 0.409419 0.329979
vn 0.961845 0.171364 0.213279
vn 0.961845 0.171364 0.213279
vn 0.961846 0.171364 0.213279
vn 0.909710 -0.406862 -0.083007
vn 0.909710 -0.406862 -0.083007
vn 0.909710 -0.406862 -0.083007
vn 0.561879 -0.662424 0.495466
vn 0.561879 -0.662424 0.495466
vn 0.561879 -0.662424 0.495466
vn 0.701325 -0.458799 -0.545570
vn 0.701325 -0.458799 -0.545570
vn 0.701325 -0.458799 -0.545570
vn 0.741479 -0.225589 -0.631917
vn 0.741479 -0.225589 -0.631917
vn 0.741479 -0.225589 -0.631917
vn -0.985021 -0.163702 -0.054177
vn -0.985021 -0.163702 -0.054177
vn -0.985021 -0.163702 -0.054177
vn -0.820959 -0.528566 0.215975
vn -0.820959 -0.528566 0.215975
vn -0.820959 -0.528566 0.215975
vn -0.997469 -0.058168 0.040891
vn -0.997469 -0.058168 0.040891
vn -0.997469 -0.058168 0.040891
vn 0.937704 0.270149 0.218474
vn 0.937704 0.270149 0.218474
vn 0.937704 0.270149 0.218474
vn 0.919249 0.356761 0.166441
vn 0.919249 0.356761 0.166441
vn 0.919249 0.356761 0.166441
vn 0.976895 0.053743 0.206853
vn 0.976895 0.053743 0.206853
vn 0.976895 0.053743 0.206853
vn 0.975941 0.036707 0.214921
vn 0.975941 0.036707 0.214921
vn 0.975941 0.036707 0.214921
vn 0.940382 -0.225294 -0.254803
vn 0.940382 -0.225294 -0.254803
vn 0.940382 -0.225294 -0.254803
vn -0.840267 -0.509753 0.184672
vn -0.840267 -0.509753 0.184672
vn -0.840267 -0.509753 0.184672
vn 0.810430 0.506597 0.294216
vn 0.810430 0.506597 0.294216
vn 0.810430 0.506597 0.294216
vn 0.319472 -0.923549 -0.212118
vn 0.319472 -0.923549 -0.212118
vn 0.319472 -0.923549 -0.212118
vn -0.934881 -0.304978 0.181621
vn -0.934881 -0.304978 0.181621
vn -0.934881 -0.304978 0.181621
vn 0.966993 0.079571 0.242059
vn 0.966993 0.079571 0.242059
vn 0.966993 0.079571 0.242059
vn 0.908400 0.379222 0.176071
vn 0.908400 0.379222 0.176071
vn 0.908400 0.379222 0.176071
vn 0.949247 0.308971 0.058883
vn 0.949247 0.308971 0.058883
vn 0.949247 0.308971 0.058883
vn -0.285025 -0.360293 -0.888228
vn -0.285025 -0.360293 -0.888228
vn -0.285025 -0.360293 -0.888228
vn -0.257788 -0.309882 -0.915160
vn -0.257788 -0.309882 -0.915160
vn -0.257788 -0.309882 -0.915160
vn 0.879871 0.341426 0.330537
vn 0.879871 0.341426 0.330537
vn 0.879871 0.341426 0.330537
vn 0.323582 0.557770 -0.764321
vn 0.323582 0.557770 -0.764321
vn 0.323581 0.557770 -0.764321
vn 0.276843 0.326319 0.903811
vn 0.276843 0.326319 0.903811
vn 0.276843 0.326319 0.903811
vn 0.865098 -0.338563 0.370110
vn 0.865098 -0.338563 0.370110
vn 0.865098 -0.338563 0.370110
vn 0.848128 -0.514719 -0.125473
vn 0.848128 -0.514719 -0.125473
vn 0.848128 -0.514719 -0.125473
vn 0.339862 -0.468150 0.815677
vn 0.339862 -0.468150 0.815677
vn 0.339862 -0.468150 0.815677
vn 0.765971 0.362575 0.530875
vn 0.765971 0.362575 0.530876
vn 0.765971 0.362575 0.530875
vn 0.898797 -0.434432 -0.058584
vn 0.898797 -0.434432 -0.058584
vn 0.898797 -0.434432 -0.058584
vn 0.951868 0.245947 0.182916
vn 0.951868 0.245947 0.182916
vn 0.951868 0.245947 0.182916
vn -0.282571 -0.037854 -0.958499
vn -0.282571 -0.037854 -0.958499
vn -0.282571 -0.037854 -0.958499
vn 0.941894 -0.109335 -0.317619
vn 0.941894 -0.109335 -0.317619
vn 0.941894 -0.109335 -0.317619
vn 0.862567 0.397458 0.313059
vn 0.862567 0.397458 0.313059
vn 0.862567 0.397458 0.313059
vn 0.945850 0.275255 -0.172052
vn 0.945850 0.275255 -0.172052
vn 0.945850 0.275255 -0.172052
vn 0.612822 -0.759294 0.218910
vn 0.612822 -0.759294 0.218910
vn 0.612822 -0.759294 0.218910
vn 0.694748 -0.673215 0.253194
vn 0.694748 -0.673215 0.253194
vn 0.694748 -0.673215 0.253194
vn 0.964475 -0.068883 0.255035
vn 0.964475 -0.068883 0.255035
vn 0.964475 -0.068883 0.255035
vn 0.450426 -0.877259 -0.165931
vn 0.450426 -0.877259 -0.165931
vn 0.450426 -0.877259 -0.165931
vn 0.984728 0.119428 0.126681
vn 0.984728 0.119428 0.126681
vn 0.984728 0.119428 0.126681
vn 0.711720 -0.701989 -0.025810
vn 0.711720 -0.701989 -0.025810
vn 0.711720 -0.701989 -0.025810
vn -0.888397 -0.403312 0.219294
vn -0.888397 -0.403312 0.219294
vn -0.888397 -0.403312 0.219294
vn -0.757011 0.215705 -0.616771
vn -0.757011 0.215705 -0.616771
vn -0.757011 0.215705 -0.616771
vn -0.012085 -0.999881 -0.009560
vn -0.012085 -0.999881 -0.009560
vn -0.012085 -0.999881 -0.009560
vn -0.507065 -0.585399 -0.632608
vn -0.507065 -0.585399 -0.632608
vn -0.507065 -0.585399 -0.632608
vn 0.475614 -0.717908 0.508331
vn 0.475614 -0.717908 0.508331
vn 0.475614 -0.717907 0.508331
vn 0.836787 0.437446 0.329286
vn 0.836787 0.437446 0.329286
vn 0.836787 0.437446 0.329286
vn 0.962583 0.139898 0.232081
vn 0.962583 0.139898 0.232081
vn 0.962583 0.139898 0.232081
vn 0.968705 0.097259 0.228366
vn 0.968705 0.097259 0.228366
vn 0.968705 0.097259 0.228366
vn 0.908625 0.246092 0.337400
vn 0.908625 0.246092 0.337400
vn 0.908625 0.246092 0.337400
vn 0.889973 -0.425863 0.163063
vn 0.889973 -0.425863 0.163063
vn 0.889973 -0.425863 0.163063
vn 0.964851 -0.065901 0.254401
vn 0.964851 -0.065901 0.254401
vn 0.964851 -0.065901 0.254401
vn 0.854160 0.056801 -0.516899
vn 0.854160 0.056801 -0.516899
vn 0.854160 0.056801 -0.516899
vn 0.653205 -0.757104 0.010824
vn 0.653205 -0.757104 0.010824
vn 0.653205 -0.757104 0.010824
vn 0.995562 0.080499 0.048748
vn 0.995562 0.080499 0.048748
vn 0.995562 0.080499 0.048748
vn 0.516388 -0.808582 -0.282025
vn 0.516388 -0.808582 -0.282025
vn 0.516388 -0.808582 -0.282025
vn 0.883594 0.447284 0.138555
vn 0.883595 0.447284 0.138555
vn 0.883594 0.447284 0.138555
vn -0.140735 0.705598 0.694496
vn -0.140735 0.705598 0.694496
vn -0.140735 0.705598 0.694496
vn 0.750583 -0.642212 0.155526
vn 0.750583 -0.642212 0.155526
vn 0.750583 -0.642212 0.155526
vn 0.853761 -0.505973 0.122815
vn 0.853761 -0.505973 0.122815
vn 0.853761 -0.505973 0.122815
vn 0.989977 0.136822 0.035001
vn 0.989977 0.136822 0.035001
vn 0.989977 0.136822 0.035001
vn -0.055483 0.988027 0.143958
vn -0.055483 0.988027 0.143958
vn -0.055483 0.988027 0.143958
vn 0.983205 -0.178852 0.036326
vn 0.983205 -0.178852 0.036326
vn 0.983205 -0.178851 0.036326
vn 0.995806 0.089110 0.020715
vn 0.995806 0.089110 0.020715
vn 0.995806 0.089110 0.020715
vn 0.885307 0.332688 0.324884
vn 0.885307 0.332688 0.324884
vn 0.885307 0.332688 0.324884
vn -0.751784 -0.276719 -0.598538
vn -0.751784 -0.276719 -0.598538
vn -0.751784 -0.276719 -0.598538
vn 0.937051 -0.338313 0.086480
vn 0.937052 -0.338313 0.086480
vn 0.937051 -0.338313 0.086480
vn 0.967668 -0.203491 0.149028
vn 0.967668 -0.203491 0.149028
vn 0.967668 -0.203491 0.149028
vn 0.971974 0.188732 0.140164
vn 0.971974 0.188732 0.140164
vn 0.971974 0.188732 0.140164
vn 0.989435 0.112833 0.091033
vn 0.989435 0.112833 0.091033
vn 0.989435 0.112833 0.091033
vn 0.966066 0.239578 0.096536
vn 0.966066 0.239578 0.096536
vn 0.966066 0.239578 0.096536
vn 0.898647 0.431178 0.080739
vn 0.898647 0.431178 0.080739
vn 0.898647 0.431178 0.080739
vn 0.868135 0.487440 0.093502
vn 0.868136 0.487440 0.093502
vn 0.868135 0.487440 0.093502
vn 0.959884 -0.259488 -0.106250
vn 0.959884 -0.259488 -0.106250
vn 0.959884 -0.259488 -0.106250
vn 0.845394 0.507364 0.167007
vn 0.845394 0.507364 0.167007
vn 0.845394 0.507364 0.167007
vn 0.968482 -0.216664 0.122881
vn 0.968482 -0.216664 0.122881
vn 0.968482 -0.216664 0.122881
vn 0.518823 0.719288 0.462004
vn 0.518823 0.719288 0.462004
vn 0.518823 0.719288 0.462004
vn 0.773481 0.550537 0.314065
vn 0.773481 0.550537 0.314065
vn 0.773481 0.550537 0.314065
vn 0.044653 0.930700 0.363049
vn 0.044653 0.930700 0.363049
vn 0.044653 0.930700 0.363049
vn 0.595381 0.722638 0.351163
vn 0.595381 0.722638 0.351163
vn 0.595381 0.722638 0.351163
vn 0.209113 -0.766063 0.607799
vn 0.209113 -0.766063 0.607799
vn 0.209113 -0.766063 0.607799
vn -0.366376 -0.814356 -0.450103
vn -0.366376 -0.814356 -0.450103
vn -0.366376 -0.814356 -0.450103
vn -0.417164 0.786215 0.455895
vn -0.417164 0.786215 0.455895
vn -0.417164 0.786215 0.455895
vn 0.872327 0.399858 0.281353
vn 0.872327 0.399858 0.281353
vn 0.872327 0.399858 0.281353
vn 0.779922 0.610288 0.138818
vn 0.779922 0.610288 0.138819
vn 0.779922 0.610288 0.138819
vn -0.117363 0.898458 0.423082
vn -0.117363 0.898458 0.423082
vn -0.117363 0.898458 0.423082
vn 0.891857 0.404939 0.201532
vn 0.891857 0.404939 0.201532
vn 0.891857 0.404939 0.201532
vn -0.214596 -0.064148 0.974594
vn -0.214596 -0.064148 0.974594
vn -0.214596 -0.064148 0.974594
vn 0.780946 0.491557 0.385350
vn 0.780946 0.491557 0.385350
vn 0.780946 0.491557 0.385350
vn 0.540245 0.613470 0.576012
vn 0.540245 0.613470 0.576012
vn 0.540245 0.613470 0.576012
vn 0.613219 0.610506 0.501243
vn 0.613219 0.610506 0.501243
vn 0.613219 0.610506 0.501243
vn 0.874171 0.444397 0.195796
vn 0.874171 0.444397 0.195796
vn 0.874171 0.444398 0.195796
vn 0.815125 0.557414 -0.157671
vn 0.815125 0.557414 -0.157671
vn 0.815125 0.557414 -0.157671
vn 0.788019 0.566661 -0.240668
vn 0.788019 0.566661 -0.240668
vn 0.788019 0.566661 -0.240668
vn 0.418970 0.372802 0.827939
vn 0.418970 0.372802 0.827939
vn 0.418970 0.372802 0.827939
vn 0.721768 0.679386 0.132233
vn 0.721768 0.679386 0.132233
vn 0.721768 0.679386 0.132233
vn 0.538576 0.771395 0.338949
vn 0.538576 0.771395 0.338949
vn 0.538576 0.771395 0.338949
vn 0.594711 0.675202 0.436374
vn 0.594711 0.675202 0.436374
vn 0.594711 0.675202 0.436374
vn 0.491543 0.676622 0.548241
vn 0.491543 0.676622 0.548241
vn 0.491543 0.676622 0.548241
vn -0.091384 0.975417 0.200524
vn -0.091384 0.975417 0.200524
vn -0.091384 0.975417 0.200524
vn -0.388164 0.884038 0.260395
vn -0.388164 0.884038 0.260395
vn -0.388164 0.884038 0.260395
vn -0.504907 0.514322 0.693212
vn -0.504907 0.514322 0.693211
vn -0.504907 0.514322 0.693212
vn 0.846488 0.490029 -0.208158
vn 0.846488 0.490029 -0.208158
vn 0.846488 0.490029 -0.208158
vn 0.128782 -0.448555 0.884429
vn 0.128782 -0.448555 0.884429
vn 0.128782 -0.448555 0.884429
vn 0.036466 0.922963 0.383158
vn 0.036466 0.922963 0.383158
vn 0.036466 0.922963 0.383158
vn 0.705626 0.620720 0.341758
vn 0.705626 0.620720 0.341758
vn 0.705626 0.620720 0.341758
vn 0.591064 0.792102 -0.152372
vn 0.591064 0.792102 -0.152372
vn 0.591064 0.792102 -0.152372
vn 0.493354 0.869806 -0.006245
vn 0.493354 0.869806 -0.006245
vn 0.493354 0.869806 -0.006245
vn 0.501741 0.864938 0.011709
vn 0.501741 0.864938 0.011709
vn 0.501741 0.864938 0.011709
vn 0.372038 0.912404 0.170607
vn 0.372038 0.912404 0.170607
vn 0.372038 0.912404 0.170607
vn 0.449640 0.813342 0.369186
vn 0.449640 0.813342 0.369186
vn 0.449640 0.813342 0.369186
vn 0.804360 0.583674 0.111043
vn 0.804360 0.583674 0.111043
vn 0.804360 0.583674 0.111043
vn 0.618688 -0.064456 -0.782989
vn 0.618688 -0.064456 -0.782989
vn 0.618688 -0.064456 -0.782988
vn 0.081493 0.887016 0.454490
vn 0.081493 0.887016 0.454490
vn 0.081493 0.887016 0.454490
vn 0.025193 0.906359 0.421757
vn 0.025193 0.906359 0.421757
vn 0.025193 0.906359 0.421757
vn -0.096320 0.688075 0.719219
vn -0.096320 0.688075 0.719219
vn -0.096320 0.688075 0.719219
vn 0.054195 0.836908 0.544655
vn 0.054195 0.836908 0.544655
vn 0.054195 0.836908 0.544655
vn 0.349336 0.880635 -0.320073
vn 0.349336 0.880635 -0.320073
vn 0.349336 0.880635 -0.320073
vn 0.164870 0.982153 -0.090514
vn 0.164870 0.982153 -0.090514
vn 0.164870 0.982153 -0.090514
vn 0.074632 0.992256 0.099288
vn 0.074632 0.992256 0.099288
vn 0.074632 0.992256 0.099288
vn -0.050949 0.962114 0.267846
vn -0.050949 0.962114 0.267846
vn -0.050949 0.962114 0.267846
vn -0.114209 0.921784 0.370500
vn -0.114209 0.921784 0.370500
vn -0.114209 0.921784 0.370499
vn 0.134709 0.978889 -0.153720
vn 0.134709 0.978889 -0.153720
vn 0.134709 0.978889 -0.153720
vn 0.063664 0.996863 0.047014
vn 0.063664 0.996863 0.047014
vn 0.063664 0.996863 0.047014
vn -0.188303 0.944054 0.270746
vn -0.188303 0.944054 0.270745
vn -0.188303 0.944054 0.270746
vn -0.180178 0.858638 0.479872
vn -0.180178 0.858638 0.479872
vn -0.180178 0.858638 0.479872
vn -0.267717 0.947683 0.173853
vn -0.267717 0.947683 0.173853
vn -0.267717 0.947683 0.173853
vn -0.389580 0.908044 -0.153892
vn -0.389580 0.908044 -0.153892
vn -0.389580 0.908044 -0.153892
vn -0.285341 0.899118 0.331914
vn -0.285341 0.899118 0.331914
vn -0.285341 0.899118 0.331914
vn 0.675924 0.560770 0.478188
vn 0.675924 0.560770 0.478188
vn 0.675924 0.560770 0.478188
vn 0.632634 0.573233 0.520748
vn 0.632634 0.573233 0.520748
vn 0.632635 0.573233 0.520748
vn -0.309200 0.948881 -0.063405
vn -0.309200 0.948881 -0.063405
vn -0.309200 0.948881 -0.063405
vn 0.720815 0.445698 0.530829
vn 0.720815 0.445698 0.530829
vn 0.720815 0.445698 0.530829
vn 0.229516 0.649699 0.724716
vn 0.229516 0.649699 0.724716
vn 0.229516 0.649699 0.724716
vn 0.887603 0.219169 0.405124
vn 0.887603 0.219169 0.405124
vn 0.887603 0.219169 0.405124
vn -0.385818 0.896652 0.217164
vn -0.385818 0.896652 0.217164
vn -0.385818 0.896652 0.217164
vn -0.957194 -0.069083 0.281081
vn -0.957194 -0.069083 0.281082
vn -0.957194 -0.069083 0.281081
vn -0.584674 0.258583 -0.768955
vn -0.584674 0.258583 -0.768955
vn -0.584674 0.258583 -0.768955
vn -0.530492 -0.846171 0.050725
vn -0.530492 -0.846171 0.050725
vn -0.530492 -0.846171 0.050725
vn 0.057382 0.985565 -0.159274
vn 0.057382 0.985565 -0.159274
vn 0.057382 0.985565 -0.159274
vn -0.050266 0.955776 -0.289769
vn -0.050266 0.955776 -0.289769
vn -0.050266 0.955776 -0.289769
vn 0.032938 0.977748 0.207182
vn 0.032938 0.977748 0.207182
vn 0.032938 0.977748 0.207182
vn 0.625986 0.777136 0.064815
vn 0.625986 0.777136 0.064815
vn 0.625986 0.777136 0.064815
vn -0.990921 0.104148 0.085026
vn -0.990921 0.104148 0.085026
vn -0.990921 0.104148 0.085026
vn 0.661289 0.008517 0.750083
vn 0.661289 0.008517 0.750083
vn 0.661289 0.008517 0.750083
vn -0.839553 -0.542380 -0.031217
vn -0.839553 -0.542380 -0.031217
vn -0.839553 -0.542380 -0.031217
vn -0.947333 0.169088 -0.271972
vn -0.947333 0.169088 -0.271972
vn -0.947333 0.169088 -0.271972
vn 0.131977 0.897304 0.421222
vn 0.131977 0.897304 0.421222
vn 0.131977 0.897304 0.421222
vn -0.933355 0.353096 0.064582
vn -0.933355 0.353096 0.064582
vn -0.933355 0.353096 0.064582
vn -0.935385 0.346954 0.068395
vn -0.935385 0.346954 0.068395
vn -0.935385 0.346954 0.068395
vn 0.044810 0.466621 -0.883322
vn 0.044810 0.466621 -0.883322
vn 0.044810 0.466621 -0.883322
vn 0.940487 0.296745 -0.165610
vn 0.940487 0.296745 -0.165610
vn 0.940487 0.296745 -0.165610
vn 0.974392 0.146554 0.170535
vn 0.974392 0.146554 0.170535
vn 0.974392 0.146554 0.170535
vn 0.822392 0.216418 0.526151
vn 0.822392 0.216418 0.526151
vn 0.822392 0.216418 0.526151
vn -0.359493 0.810098 0.463147
vn -0.359493 0.810098 0.463147
vn -0.359493 0.810099 0.463147
vn 0.171632 0.982336 0.074555
vn 0.171632 0.982336 0.074555
vn 0.171632 0.982336 0.074555
vn 0.496519 0.859060 0.124434
vn 0.496519 0.859061 0.124434
vn 0.496519 0.859060 0.124434
vn 0.561888 0.596833 0.572776
vn 0.561888 0.596833 0.572776
vn 0.561888 0.596833 0.572776
vn -0.015005 -0.681631 -0.731542
vn -0.015005 -0.681631 -0.731542
vn -0.015005 -0.681631 -0.731542
vn 0.258163 0.965431 -0.035985
vn 0.258163 0.965431 -0.035985
vn 0.258163 0.965431 -0.035985
vn 0.844480 0.524064 0.110504
vn 0.844480 0.524064 0.110504
vn 0.844480 0.524064 0.110504
vn -0.080136 0.881497 0.465340
vn -0.080136 0.881497 0.465340
vn -0.080136 0.881497 0.465340
vn -0.203031 0.824887 0.527580
vn -0.203031 0.824887 0.527580
vn -0.203031 0.824887 0.527580
vn -0.353431 0.008483 -0.935422
vn -0.353431 0.008483 -0.935422
vn -0.353431 0.008483 -0.935422
vn -0.915817 0.210277 -0.342145
vn -0.915817 0.210277 -0.342145
vn -0.915817 0.210277 -0.342145
vn -0.679240 0.321888 -0.659561
vn -0.679240 0.321888 -0.659561
vn -0.679240 0.321888 -0.659561
vn -0.332396 0.751328 0.570104
vn -0.332396 0.751328 0.570104
vn -0.332397 0.751328 0.570104
vn -0.321076 0.925828 -0.199383
vn -0.321076 0.925828 -0.199383
vn -0.321076 0.925828 -0.199383
vn -0.288439 0.948288 -0.132484
vn -0.288439 0.948288 -0.132484
vn -0.288439 0.948288 -0.132484
vn 0.184203 0.982508 0.027330
vn 0.184203 0.982508 0.027330
vn 0.184203 0.982508 0.027330
vn 0.135568 0.972208 0.190872
vn 0.135568 0.972208 0.190872
vn 0.135568 0.972208 0.190872
vn -0.016159 0.980443 0.196137
vn -0.016159 0.980443 0.196137
vn -0.016159 0.980443 0.196137
vn -0.299863 0.952337 -0.056004
vn -0.299863 0.952337 -0.056004
vn -0.299863 0.952337 -0.056004
vn -0.325141 0.944737 -0.041909
vn -0.325141 0.944737 -0.041909
vn -0.325141 0.944737 -0.041909
vn -0.330291 0.943786 -0.013237
vn -0.330291 0.943786 -0.013237
vn -0.330291 0.943786 -0.013237
vn -0.054942 0.879990 0.471804
vn -0.054942 0.879990 0.471804
vn -0.054942 0.879990 0.471804
vn 0.594350 0.740899 0.312755
vn 0.594350 0.740899 0.312755
vn 0.594350 0.740899 0.312755
vn 0.133223 0.966897 0.217630
vn 0.133223 0.966896 0.217630
vn 0.133223 0.966896 0.217630
vn -0.437897 0.876722 0.199007
vn -0.437897 0.876722 0.199007
vn -0.437897 0.876722 0.199007
vn -0.241811 0.970233 0.013270
vn -0.241811 0.970233 0.013270
vn -0.241811 0.970233 0.013270
vn -0.170879 0.983813 0.053965
vn -0.170879 0.983813 0.053965
vn -0.170879 0.983813 0.053965
vn 0.348176 0.906031 -0.240584
vn 0.348176 0.906031 -0.240584
vn 0.348176 0.906031 -0.240584
vn -0.048828 0.998196 -0.034941
vn -0.048828 0.998196 -0.034941
vn -0.048828 0.998196 -0.034941
vn -0.350524 0.868099 0.351478
vn -0.350524 0.868099 0.351478
vn -0.350524 0.868099 0.351478
vn -0.700434 0.682241 -0.209617
vn -0.700434 0.682241 -0.209617
vn -0.700434 0.682241 -0.209617
vn -0.165244 0.986228 0.007034
vn -0.165244 0.986228 0.007034
vn -0.165243 0.986228 0.007034
vn -0.007622 0.993210 -0.116083
vn -0.007622 0.993210 -0.116083
vn -0.007622 0.993210 -0.116083
vn 0.449273 0.848658 0.279166
vn 0.449273 0.848658 0.279166
vn 0.449273 0.848658 0.279166
vn 0.540707 0.780223 0.314463
vn 0.540707 0.780223 0.314463
vn 0.540707 0.780223 0.314463
vn 0.209172 0.971719 0.109586
vn 0.209171 0.971719 0.109586
vn 0.209172 0.971719 0.109586
vn 0.050650 0.959383 0.277521
vn 0.050650 0.959383 0.277521
vn 0.050650 0.959383 0.277521
vn 0.717118 0.649016 0.254007
vn 0.717118 0.649016 0.254007
vn 0.717118 0.649016 0.254007
vn 0.732015 0.636227 0.243657
vn 0.732015 0.636227 0.243657
vn 0.732015 0.636227 0.243657
vn 0.700650 0.627951 0.338774
vn 0.700650 0.627951 0.338774
vn 0.700649 0.627951 0.338774
vn 0.481050 0.785666 0.388998
vn 0.481050 0.785666 0.388998
vn 0.481050 0.785666 0.388998
vn 0.457741 0.790067 0.407759
vn 0.457741 0.790067 0.407759
vn 0.457741 0.790067 0.407759
vn 0.084062 0.928474 0.361759
vn 0.084062 0.928474 0.361759
vn 0.084063 0.928474 0.361759
vn -0.928911 -0.270034 0.253388
vn -0.928911 -0.270034 0.253388
vn -0.928911 -0.270034 0.253388
vn 0.378408 0.918884 -0.111621
vn 0.378408 0.918884 -0.111621
vn 0.378408 0.918884 -0.111621
vn 0.966653 0.179748 0.182411
vn 0.966652 0.179748 0.182411
vn 0.966653 0.179748 0.182411
vn 0.658742 0.624305 0.419884
vn 0.658742 0.624305 0.419884
vn 0.658742 0.624305 0.419884
vn -0.676026 0.707019 0.207636
vn -0.676026 0.707019 0.207636
vn -0.676026 0.707019 0.207636
vn -0.686577 -0.432109 0.584716
vn -0.686577 -0.432109 0.584716
vn -0.686577 -0.432109 0.584716
vn -0.351008 0.909948 -0.220882
vn -0.351008 0.909947 -0.220882
vn -0.351008 0.909947 -0.220882
vn -0.662644 0.737970 0.127682
vn -0.662644 0.737970 0.127682
vn -0.662644 0.737970 0.127682
vn -0.119063 0.987383 -0.104399
vn -0.119063 0.987383 -0.104399
vn -0.119063 0.987383 -0.104399
vn 0.302237 0.948523 -0.094645
vn 0.302237 0.948523 -0.094645
vn 0.302237 0.948523 -0.094645
vn 0.806035 0.524686 0.273884
vn 0.806035 0.524686 0.273884
vn 0.806035 0.524686 0.273884
vn 0.851637 0.386810 0.353683
vn 0.851637 0.386810 0.353683
vn 0.851637 0.386810 0.353683
vn 0.159392 0.661108 0.733165
vn 0.159392 0.661108 0.733165
vn 0.159392 0.661108 0.733165
vn 0.164580 0.923329 0.346953
vn 0.164580 0.923329 0.346953
vn 0.164580 0.923329 0.346953
vn 0.873689 0.298367 0.384245
vn 0.873689 0.298367 0.384245
vn 0.873689 0.298367 0.384245
vn 0.478380 0.564932 0.672313
vn 0.478380 0.564932 0.672313
vn 0.478380 0.564932 0.672313
vn -0.153353 0.955179 0.253211
vn -0.153353 0.955179 0.253211
vn -0.153353 0.955179 0.253211
vn 0.080219 0.996765 0.004959
vn 0.080219 0.996765 0.004959
vn 0.080219 0.996765 0.004959
vn -0.327140 0.943730 0.048503
vn -0.327140 0.943730 0.048503
vn -0.327140 0.943730 0.048503
vn 0.398439 -0.120000 0.909311
vn 0.398440 -0.120000 0.909311
vn 0.398439 -0.120000 0.909311
vn 0.867460 0.396656 0.300296
vn 0.867460 0.396656 0.300296
vn 0.867460 0.396656 0.300296
vn 0.902064 0.236976 0.360725
vn 0.902064 0.236976 0.360725
vn 0.902064 0.236976 0.360725
vn 0.900079 0.340726 -0.271594
vn 0.900079 0.340726 -0.271594
vn 0.900079 0.340726 -0.271594
vn -0.961916 0.166176 0.217033
vn -0.961916 0.166176 0.217033
vn -0.961916 0.166176 0.217033
vn 0.033040 0.921975 0.385838
vn 0.033040 0.921975 0.385838
vn 0.033040 0.921975 0.385838
vn -0.233999 0.828720 0.508396
vn -0.233999 0.828720 0.508396
vn -0.233999 0.828720 0.508396
vn -0.222587 0.968907 0.108047
vn -0.222587 0.968907 0.108047
vn -0.222587 0.968907 0.108047
vn 0.863895 0.298308 0.405831
vn 0.863895 0.298308 0.405831
vn 0.863895 0.298308 0.405831
vn -0.447436 0.852103 0.271518
vn -0.447436 0.852103 0.271518
vn -0.447436 0.852103 0.271518
vn -0.062241 0.972308 0.225261
vn -0.062241 0.972308 0.225261
vn -0.062241 0.972308 0.225261
vn -0.976659 -0.213958 -0.018974
vn -0.976659 -0.213958 -0.018974
vn -0.976659 -0.213958 -0.018974
vn 0.401553 0.914755 0.044475
vn 0.401553 0.914755 0.044475
vn 0.401553 0.914755 0.044475
vn -0.087085 0.918886 0.384792
vn -0.087085 0.918886 0.384792
vn -0.087085 0.918886 0.384792
vn -0.018041 0.990312 0.137684
vn -0.018041 0.990312 0.137684
vn -0.018041 0.990312 0.137684
vn -0.003258 0.998255 -0.058956
vn -0.003258 0.998255 -0.058956
vn -0.003258 0.998255 -0.058956
vn 0.124030 0.974624 0.186346
vn 0.124030 0.974624 0.186346
vn 0.124030 0.974624 0.186346
vn -0.950498 0.237646 0.200194
vn -0.950498 0.237646 0.200193
vn -0.950498 0.237646 0.200194
vn 0.235055 0.965107 0.115405
vn 0.235055 0.965107 0.115405
vn 0.235055 0.965107 0.115405
vn 0.374497 0.911130 -0.172031
vn 0.374497 0.911130 -0.172031
vn 0.374497 0.911130 -0.172031
vn 0.062112 0.997810 -0.022727
vn 0.062112 0.997810 -0.022727
vn 0.062112 0.997810 -0.022727
vn 0.297777 0.952699 0.060777
vn 0.297777 0.952699 0.060777
vn 0.297777 0.952699 0.060777
vn 0.332190 0.467980 0.818929
vn 0.332190 0.467980 0.818929
vn 0.332190 0.467980 0.818929
vn 0.274972 0.916560 0.290360
vn 0.274972 0.916560 0.290360
vn 0.274972 0.916560 0.290360
vn -0.032961 0.949677 0.311491
vn -0.032961 0.949677 0.311491
vn -0.032961 0.949677 0.311491
vn 0.036759 0.999142 -0.019076
vn 0.036759 0.999142 -0.019076
vn 0.036759 0.999142 -0.019076
vn 0.267709 0.855434 0.443356
vn 0.267709 0.855434 0.443356
vn 0.267709 0.855434 0.443356
vn -0.877619 0.469199 0.098173
vn -0.877619 0.469199 0.098173
vn -0.877619 0.469199 0.098173
vn 0.206830 0.948135 0.241372
vn 0.206830 0.948135 0.241372
vn 0.206830 0.948135 0.241372
vn 0.166748 0.974191 -0.152141
vn 0.166748 0.974191 -0.152141
vn 0.166748 0.974191 -0.152141
vn -0.055119 0.823172 0.565110
vn -0.055119 0.823172 0.565110
vn -0.055119 0.823172 0.565110
vn -0.132885 0.671837 0.728681
vn -0.132885 0.671837 0.728681
vn -0.132885 0.671837 0.728681
vn -0.264879 0.952364 0.151136
vn -0.264879 0.952364 0.151136
vn -0.264879 0.952364 0.151136
vn 0.649012 0.715709 0.257961
vn 0.649012 0.715709 0.257961
vn 0.649012 0.715709 0.257961
vn 0.280536 0.949938 0.137543
vn 0.280536 0.949938 0.137543
vn 0.280536 0.949938 0.137543
vn -0.187357 0.959860 -0.208723
vn -0.187357 0.959860 -0.208723
vn -0.187357 0.959861 -0.208723
vn -0.487027 0.753018 0.442457
vn -0.487027 0.753018 0.442457
vn -0.487027 0.753018 0.442457
vn 0.069227 0.977169 -0.200868
vn 0.069227 0.977169 -0.200868
vn 0.069227 0.977169 -0.200868
vn -0.426256 -0.085554 -0.900548
vn -0.426256 -0.085554 -0.900548
vn -0.426256 -0.085554 -0.900548
vn 0.604487 0.741201 0.291918
vn 0.604487 0.741201 0.291918
vn 0.604487 0.741201 0.291918
vn 0.836728 0.546936 0.027343
vn 0.836728 0.546936 0.027343
vn 0.836728 0.546936 0.027343
vn 0.730730 0.668645 0.137647
vn 0.730730 0.668645 0.137647
vn 0.730730 0.668645 0.137647
vn -0.948175 -0.018099 0.317232
vn -0.948175 -0.018099 0.317232
vn -0.948175 -0.018099 0.317232
vn -0.386005 0.816578 0.429185
vn -0.386005 0.816578 0.429185
vn -0.386005 0.816578 0.429185
vn 0.135965 0.227781 0.964173
vn 0.135965 0.227781 0.964173
vn 0.135965 0.227781 0.964173
vn 0.164635 0.941120 0.295276
vn 0.164635 0.941120 0.295276
vn 0.164635 0.941120 0.295276
vn 0.106047 0.942354 0.317369
vn 0.106047 0.942354 0.317369
vn 0.106047 0.942354 0.317369
vn -0.939412 -0.333072 0.081048
vn -0.939412 -0.333072 0.081048
vn -0.939412 -0.333072 0.081048
vn -0.026417 0.793696 0.607741
vn -0.026417 0.793696 0.607741
vn -0.026417 0.793696 0.607741
vn -0.436171 0.895017 -0.093268
vn -0.436171 0.895017 -0.093268
vn -0.436171 0.895017 -0.093268
vn -0.942079 0.192319 0.274773
vn -0.942079 0.192319 0.274773
vn -0.942079 0.192319 0.274773
vn 0.895320 -0.438386 -0.078862
vn 0.895321 -0.438386 -0.078862
vn 0.895320 -0.438386 -0.078862
vn 0.434412 0.761913 0.480390
vn 0.434412 0.761914 0.480390
vn 0.434412 0.761913 0.480390
vn -0.136421 0.990339 0.024875
vn -0.136421 0.990339 0.024875
vn -0.136421 0.990339 0.024875
vn -0.011256 0.993368 -0.114428
vn -0.011256 0.993368 -0.114428
vn -0.011256 0.993368 -0.114428
vn 0.138721 0.984159 -0.110396
vn 0.138721 0.984159 -0.110396
vn 0.138721 0.984159 -0.110396
vn -0.056367 0.998243 0.018252
vn -0.056367 0.998243 0.018252
vn -0.056367 0.998243 0.018252
vn -0.773781 0.604133 -0.190490
vn -0.773781 0.604133 -0.190490
vn -0.773781 0.604133 -0.190490
vn -0.964646 0.262685 0.021314
vn -0.964646 0.262685 0.021314
vn -0.964646 0.262685 0.021314
vn -0.016145 0.862307 0.506128
vn -0.016145 0.862307 0.506128
vn -0.016145 0.862307 0.506128
vn 0.333790 -0.109308 0.936288
vn 0.333790 -0.109308 0.936288
vn 0.333790 -0.109308 0.936288
vn 0.678012 0.488488 0.549254
vn 0.678012 0.488488 0.549254
vn 0.678012 0.488488 0.549254
vn -0.658728 0.365901 -0.657414
vn -0.658728 0.365901 -0.657414
vn -0.658728 0.365901 -0.657414
vn -0.337481 0.828797 0.446322
vn -0.337481 0.828796 0.446322
vn -0.337481 0.828796 0.446322
vn -0.071714 0.870758 0.486454
vn -0.071714 0.870758 0.486454
vn -0.071714 0.870758 0.486454
vn -0.091416 0.848937 0.520528
vn -0.091416 0.848937 0.520528
vn -0.091416 0.848937 0.520528
vn -0.300416 0.936757 0.179548
vn -0.300416 0.936757 0.179548
vn -0.300416 0.936757 0.179548
vn 0.730867 0.680995 -0.045594
vn 0.730867 0.680995 -0.045594
vn 0.730867 0.680995 -0.045594
vn 0.865197 0.432279 0.254105
vn 0.865197 0.432279 0.254105
vn 0.865197 0.432279 0.254105
vn 0.899790 0.002115 0.436318
vn 0.899790 0.002115 0.436318
vn 0.899790 0.002115 0.436318
vn -0.289539 0.949688 0.119418
vn -0.289539 0.949688 0.119418
vn -0.289539 0.949688 0.119418
vn -0.101113 0.994875 -0.000105
vn -0.101113 0.994875 -0.000105
vn -0.101113 0.994875 -0.000105
vn 0.015388 0.863959 0.503327
vn 0.015388 0.863959 0.503328
vn 0.015388 0.863959 0.503327
vn 0.831362 0.555033 -0.027836
vn 0.831362 0.555033 -0.027836
vn 0.831362 0.555033 -0.027836
vn 0.295943 0.473586 0.829539
vn 0.295943 0.473586 0.829539
vn 0.295943 0.473586 0.829539
vn 0.152050 0.956714 0.248154
vn 0.152050 0.956713 0.248154
vn 0.152050 0.956713 0.248154
vn 0.829931 0.400337 0.388517
vn 0.829931 0.400337 0.388517
vn 0.829931 0.400337 0.388517
vn -0.007907 0.992276 0.123800
vn -0.007907 0.992276 0.123800
vn -0.007907 0.992276 0.123800
vn -0.840075 0.373309 0.393592
vn -0.840075 0.373309 0.393592
vn -0.840075 0.373309 0.393592
vn 0.826772 0.560488 -0.047983
vn 0.826772 0.560488 -0.047983
vn 0.826772 0.560488 -0.047983
vn 0.341454 -0.398241 0.851359
vn 0.341454 -0.398241 0.851359
vn 0.341454 -0.398241 0.851359
vn 0.813061 0.581073 0.035861
vn 0.813061 0.581073 0.035861
vn 0.813061 0.581073 0.035861
vn 0.827838 0.529083 0.186428
vn 0.827838 0.529083 0.186428
vn 0.827838 0.529083 0.186428
vn -0.149186 0.874802 0.460939
vn -0.149186 0.874802 0.460939
vn -0.149186 0.874802 0.460939
vn 0.618551 0.753489 0.222819
vn 0.618551 0.753489 0.222819
vn 0.618551 0.753489 0.222819
vn -0.923561 0.324369 0.204497
vn -0.923562 0.324369 0.204497
vn -0.923562 0.324369 0.204497
vn 0.070184 0.996093 0.053592
vn 0.070184 0.996093 0.053592
vn 0.070184 0.996093 0.053592
vn 0.468792 0.751571 0.464086
vn 0.468792 0.751571 0.464086
vn 0.468792 0.751571 0.464086
vn -0.002762 0.999720 -0.023501
vn -0.002762 0.999720 -0.023501
vn -0.002762 0.999720 -0.023501
vn 0.241854 0.844786 0.477329
vn 0.241855 0.844786 0.477329
vn 0.241855 0.844786 0.477329
vn 0.040192 0.998898 -0.024254
vn 0.040192 0.998898 -0.024254
vn 0.040192 0.998898 -0.024254
vn -0.553276 0.790629 -0.262283
vn -0.553276 0.790629 -0.262283
vn -0.553276 0.790629 -0.262283
vn 0.817914 0.574357 0.033606
vn 0.817914 0.574357 0.033606
vn 0.817914 0.574357 0.033606
vn 0.808564 0.582887 0.080425
vn 0.808564 0.582887 0.080425
vn 0.808564 0.582887 0.080425
vn 0.927663 0.371543 -0.037370
vn 0.927663 0.371543 -0.037370
vn 0.927663 0.371543 -0.037370
vn 0.061754 0.993679 0.093747
vn 0.061754 0.993679 0.093747
vn 0.061754 0.993679 0.093747
vn -0.544201 0.792970 -0.273942
vn -0.544201 0.792970 -0.273942
vn -0.544201 0.792970 -0.273942
vn -0.525149 0.821913 -0.220630
vn -0.525149 0.821913 -0.220630
vn -0.525149 0.821913 -0.220630
vn -0.126023 0.755553 0.642851
vn -0.126024 0.755553 0.642852
vn -0.126024 0.755553 0.642852
vn -0.805831 -0.361260 0.469177
vn -0.805831 -0.361260 0.469177
vn -0.805831 -0.361260 0.469177
vn 0.314298 0.945506 -0.085064
vn 0.314298 0.945506 -0.085064
vn 0.314298 0.945506 -0.085064
vn 0.310496 0.946144 -0.091678
vn 0.310496 0.946144 -0.091678
vn 0.310496 0.946144 -0.091678
vn -0.231345 0.941561 0.244830
vn -0.231345 0.941561 0.244830
vn -0.231345 0.941561 0.244830
vn 0.413295 0.852840 0.319141
vn 0.413295 0.852840 0.319141
vn 0.413295 0.852840 0.319141
vn 0.068275 0.901817 0.426690
vn 0.068275 0.901817 0.426690
vn 0.068275 0.901817 0.426690
vn -0.038734 0.933514 0.356441
vn -0.038734 0.933515 0.356441
vn -0.038734 0.933514 0.356441
vn 0.728775 -0.539891 -0.421194
vn 0.728775 -0.539891 -0.421194
vn 0.728775 -0.539891 -0.421194
vn 0.723461 0.579118 0.375802
vn 0.723461 0.579118 0.375802
vn 0.723461 0.579118 0.375802
vn 0.130064 -0.267703 -0.954682
vn 0.130064 -0.267703 -0.954682
vn 0.130064 -0.267703 -0.954682
vn 0.366202 0.897681 -0.245082
vn 0.366202 0.897681 -0.245082
vn 0.366202 0.897681 -0.245082
vn 0.667428 0.682533 0.297806
vn 0.667428 0.682533 0.297806
vn 0.667428 0.682533 0.297806
vn 0.799526 0.242981 0.549289
vn 0.799526 0.242981 0.549289
vn 0.799526 0.242981 0.549289
vn -0.284909 0.915324 0.284621
vn -0.284909 0.915324 0.284621
vn -0.284909 0.915324 0.284621
vn -0.067399 0.801487 0.594202
vn -0.067399 0.801487 0.594202
vn -0.067399 0.801487 0.594202
vn -0.300729 0.951044 -0.071250
vn -0.300729 0.951044 -0.071250
vn -0.300729 0.951044 -0.071250
vn -0.718468 0.691639 0.073754
vn -0.718468 0.691639 0.073754
vn -0.718468 0.691639 0.073754
vn 0.804667 0.538908 -0.249179
vn 0.804667 0.538908 -0.249179
vn 0.804667 0.538908 -0.249179
vn 0.573205 0.570241 0.588439
vn 0.573205 0.570241 0.588439
vn 0.573205 0.570241 0.588439
vn 0.559609 0.655435 0.507191
vn 0.559609 0.655435 0.507191
vn 0.559609 0.655435 0.507191
vn -0.514995 0.643966 0.565763
vn -0.514995 0.643966 0.565763
vn -0.514995 0.643966 0.565763
vn -0.817987 0.157265 -0.553322
vn -0.817987 0.157265 -0.553322
vn -0.817987 0.157265 -0.553322
vn 0.056174 0.355824 -0.932863
vn 0.056174 0.355824 -0.932863
vn 0.056174 0.355824 -0.932863
vn -0.256222 0.759424 0.598018
vn -0.256222 0.759424 0.598018
vn -0.256222 0.759424 0.598018
vn -0.306774 0.862641 0.402168
vn -0.306774 0.862641 0.402168
vn -0.306774 0.862642 0.402168
vn 0.085172 0.991924 -0.093978
vn 0.085172 0.991924 -0.093978
vn 0.085172 0.991924 -0.093978
vn 0.795377 0.606019 0.010807
vn 0.795377 0.606019 0.010807
vn 0.795377 0.606019 0.010807
vn 0.742981 0.663517 0.087888
vn 0.742981 0.663517 0.087888
vn 0.742981 0.663517 0.087888
vn 0.683595 0.667923 0.294238
vn 0.683595 0.667923 0.294238
vn 0.683595 0.667924 0.294238
vn 0.730383 0.646681 0.219875
vn 0.730383 0.646681 0.219875
vn 0.730383 0.646681 0.219875
vn 0.704595 0.624867 0.336285
vn 0.704595 0.624867 0.336285
vn 0.704595 0.624867 0.336285
vn 0.607581 0.673086 0.421664
vn 0.607581 0.673086 0.421664
vn 0.607581 0.673086 0.421664
vn -0.688617 0.467891 -0.553972
vn -0.688617 0.467891 -0.553972
vn -0.688617 0.467891 -0.553972
vn -0.554233 0.830632 0.053624
vn -0.554233 0.830632 0.053624
vn -0.554233 0.830632 0.053624
vn 0.222221 0.974392 -0.034334
vn 0.222221 0.974392 -0.034334
vn 0.222221 0.974392 -0.034334
vn 0.594971 0.740631 0.312210
vn 0.594971 0.740631 0.312210
vn 0.594971 0.740631 0.312210
vn 0.784471 0.595911 0.171743
vn 0.784471 0.595911 0.171743
vn 0.784471 0.595911 0.171743
vn 0.805166 0.590328 -0.056759
vn 0.805166 0.590328 -0.056759
vn 0.805166 0.590328 -0.056759
vn 0.377053 0.912102 -0.160937
vn 0.377053 0.912102 -0.160937
vn 0.377053 0.912102 -0.160937
vn 0.802919 0.593693 -0.053374
vn 0.802919 0.593693 -0.053374
vn 0.802919 0.593693 -0.053374
vn 0.722892 0.690284 0.030563
vn 0.722892 0.690284 0.030563
vn 0.722892 0.690284 0.030563
vn 0.718204 0.694728 0.039205
vn 0.718203 0.694728 0.039205
vn 0.718204 0.694728 0.039205
vn 0.454011 0.812076 0.366615
vn 0.454011 0.812076 0.366615
vn 0.454011 0.812076 0.366615
vn 0.638494 0.753818 0.155189
vn 0.638494 0.753818 0.155189
vn 0.638494 0.753818 0.155189
vn -0.378458 0.852433 0.360731
vn -0.378458 0.852433 0.360731
vn -0.378458 0.852433 0.360731
vn -0.643171 0.567509 -0.514067
vn -0.643171 0.567509 -0.514067
vn -0.643171 0.567508 -0.514067
vn 0.835971 0.471787 -0.280302
vn 0.835971 0.471787 -0.280302
vn 0.835971 0.471787 -0.280302
vn 0.763513 0.583691 -0.276320
vn 0.763513 0.583691 -0.276320
vn 0.763513 0.583691 -0.276320
vn 0.683635 0.727200 -0.061828
vn 0.683635 0.727200 -0.061828
vn 0.683635 0.727200 -0.061828
vn 0.651008 0.756613 0.061031
vn 0.651008 0.756613 0.061031
vn 0.651008 0.756613 0.061031
vn 0.729664 0.652210 -0.205456
vn 0.729664 0.652210 -0.205455
vn 0.729664 0.652210 -0.205456
vn 0.123622 0.939775 0.318655
vn 0.123622 0.939775 0.318654
vn 0.123622 0.939775 0.318654
vn 0.280916 0.842938 0.458848
vn 0.280916 0.842938 0.458848
vn 0.280916 0.842938 0.458848
vn 0.056056 0.681291 0.729863
vn 0.056056 0.681291 0.729863
vn 0.056056 0.681291 0.729863
vn -0.917056 0.225269 -0.329031
vn -0.917056 0.225269 -0.329031
vn -0.917056 0.225269 -0.329031
vn 0.488031 0.826110 0.281724
vn 0.488031 0.826110 0.281724
vn 0.488031 0.826110 0.281724
vn 0.189665 0.970628 -0.148013
vn 0.189665 0.970628 -0.148013
vn 0.189665 0.970628 -0.148013
vn 0.764756 0.571289 0.297955
vn 0.764756 0.571289 0.297955
vn 0.764756 0.571289 0.297955
vn -0.228283 0.951407 -0.206666
vn -0.228283 0.951407 -0.206666
vn -0.228283 0.951407 -0.206666
vn -0.461914 0.730282 -0.503313
vn -0.461914 0.730282 -0.503313
vn -0.461914 0.730282 -0.503313
vn 0.299470 0.209644 0.930788
vn 0.299470 0.209644 0.930788
vn 0.299470 0.209644 0.930788
vn -0.432221 0.652195 -0.622757
vn -0.432221 0.652195 -0.622757
vn -0.432221 0.652195 -0.622757
vn -0.265905 0.766100 0.585137
vn -0.265905 0.766100 0.585137
vn -0.265905 0.766100 0.585137
vn 0.671688 0.727998 -0.137310
vn 0.671688 0.727998 -0.137310
vn 0.671688 0.727998 -0.137310
vn 0.697995 0.714440 -0.048764
vn 0.697995 0.714440 -0.048764
vn 0.697995 0.714440 -0.048764
vn 0.563808 0.653518 0.505010
vn 0.563808 0.653518 0.505010
vn 0.563808 0.653518 0.505010
vn -0.265787 -0.159140 0.950806
vn -0.265787 -0.159140 0.950806
vn -0.265787 -0.159140 0.950806
vn 0.267492 0.954270 0.133481
vn 0.267492 0.954270 0.133481
vn 0.267492 0.954270 0.133481
vn 0.645314 0.719657 0.256250
vn 0.645314 0.719657 0.256250
vn 0.645314 0.719657 0.256250
vn 0.520807 0.739124 0.427149
vn 0.520807 0.739124 0.427149
vn 0.520807 0.739124 0.427149
vn 0.599885 0.736686 -0.312142
vn 0.599885 0.736686 -0.312142
vn 0.599885 0.736686 -0.312142
vn 0.197961 0.628624 0.752093
vn 0.197961 0.628624 0.752093
vn 0.197961 0.628624 0.752093
vn -0.918608 -0.380199 0.107741
vn -0.918608 -0.380199 0.107741
vn -0.918608 -0.380199 0.107741
vn -0.277157 -0.105320 -0.955035
vn -0.277157 -0.105320 -0.955035
vn -0.277157 -0.105320 -0.955035
vn 0.406027 0.809410 0.424261
vn 0.406027 0.809410 0.424261
vn 0.406027 0.809410 0.424261
vn -0.213524 0.954855 -0.206540
vn -0.213524 0.954855 -0.206540
vn -0.213524 0.954855 -0.206540
vn -0.443717 0.836221 0.322256
vn -0.443717 0.836221 0.322256
vn -0.443717 0.836221 0.322256
vn -0.921570 0.388134 -0.007806
vn -0.921570 0.388134 -0.007806
vn -0.921570 0.388134 -0.007806
vn 0.135223 0.890154 0.435133
vn 0.135223 0.890154 0.435133
vn 0.135223 0.890154 0.435133
vn 0.646799 0.761018 -0.050027
vn 0.646799 0.761018 -0.050027
vn 0.646799 0.761018 -0.050027
vn 0.635245 0.770512 0.052690
vn 0.635245 0.770512 0.052690
vn 0.635245 0.770512 0.052690
vn 0.568338 0.803064 0.179112
vn 0.568338 0.803064 0.179112
vn 0.568338 0.803064 0.179112
vn 0.394953 0.812254 0.429249
vn 0.394953 0.812254 0.429249
vn 0.394953 0.812254 0.429249
vn 0.302704 0.773838 0.556368
vn 0.302704 0.773838 0.556368
vn 0.302704 0.773838 0.556368
vn 0.049975 0.926960 0.371818
vn 0.049975 0.926960 0.371818
vn 0.049975 0.926960 0.371818
vn 0.100808 0.760469 0.641502
vn 0.100808 0.760469 0.641502
vn 0.100808 0.760469 0.641501
vn 0.599885 0.725582 -0.337149
vn 0.599885 0.725582 -0.337149
vn 0.599885 0.725582 -0.337149
vn 0.596010 0.775038 -0.209971
vn 0.596010 0.775038 -0.209971
vn 0.596011 0.775038 -0.209971
vn 0.604576 0.766701 -0.216004
vn 0.604576 0.766701 -0.216004
vn 0.604576 0.766701 -0.216004
vn 0.623143 0.781891 0.018417
vn 0.623143 0.781891 0.018417
vn 0.623143 0.781891 0.018417
vn 0.565930 0.816984 0.110728
vn 0.565930 0.816983 0.110728
vn 0.565930 0.816983 0.110728
vn 0.048587 0.779505 0.624508
vn 0.048587 0.779505 0.624508
vn 0.048587 0.779505 0.624508
vn 0.185346 0.977058 -0.104901
vn 0.185346 0.977058 -0.104901
vn 0.185346 0.977058 -0.104901
vn 0.202802 -0.064604 0.977086
vn 0.202802 -0.064604 0.977086
vn 0.202802 -0.064604 0.977086
vn 0.082491 0.991582 0.099800
vn 0.082491 0.991582 0.099800
vn 0.082491 0.991582 0.099800
vn 0.063143 0.940179 0.334777
vn 0.063143 0.940179 0.334777
vn 0.063143 0.940179 0.334777
vn 0.091591 0.749084 0.656113
vn 0.091591 0.749084 0.656113
vn 0.091591 0.749084 0.656113
vn 0.570374 0.775388 0.271012
vn 0.570374 0.775388 0.271012
vn 0.570374 0.775388 0.271012
vn 0.598867 0.791190 -0.124001
vn 0.598867 0.791190 -0.124001
vn 0.598867 0.791190 -0.124001
vn 0.385522 0.869053 0.310033
vn 0.385522 0.869053 0.310033
vn 0.385522 0.869053 0.310033
vn 0.159380 0.758424 0.631973
vn 0.159380 0.758424 0.631973
vn 0.159380 0.758425 0.631974
vn -0.968844 -0.223426 -0.106873
vn -0.968844 -0.223426 -0.106873
vn -0.968844 -0.223426 -0.106873
vn -0.010628 0.942557 0.333877
vn -0.010628 0.942557 0.333877
vn -0.010628 0.942557 0.333877
vn -0.500811 0.841268 0.203608
vn -0.500811 0.841268 0.203608
vn -0.500811 0.841268 0.203608
vn -0.403985 0.896060 0.184044
vn -0.403985 0.896060 0.184044
vn -0.403985 0.896060 0.184044
vn 0.111517 0.895048 0.431802
vn 0.111517 0.895048 0.431802
vn 0.111517 0.895048 0.431802
vn 0.912690 -0.380673 -0.148609
vn 0.912690 -0.380673 -0.148609
vn 0.912690 -0.380673 -0.148609
vn 0.638965 -0.563452 -0.523685
vn 0.638965 -0.563452 -0.523685
vn 0.638965 -0.563451 -0.523685
vn 0.496739 0.864853 0.072655
vn 0.496739 0.864853 0.072655
vn 0.496739 0.864853 0.072655
vn -0.952233 0.276381 -0.129867
vn -0.952233 0.276381 -0.129867
vn -0.952233 0.276381 -0.129867
vn 0.639939 0.031518 0.767779
vn 0.639939 0.031518 0.767779
vn 0.639939 0.031518 0.767779
vn -0.088978 0.865903 0.492234
vn -0.088978 0.865903 0.492234
vn -0.088978 0.865903 0.492234
vn -0.528610 0.830922 0.173607
vn -0.528610 0.830922 0.173607
vn -0.528610 0.830922 0.173607
vn -0.874271 0.061770 -0.481492
vn -0.874271 0.061770 -0.481492
vn -0.874271 0.061770 -0.481492
vn 0.516761 0.849540 -0.106016
vn 0.516761 0.849540 -0.106016
vn 0.516761 0.849540 -0.106016
vn 0.355258 0.859973 0.366385
vn 0.355258 0.859973 0.366385
vn 0.355258 0.859973 0.366385
vn 0.453377 0.657646 0.601624
vn 0.453377 0.657646 0.601624
vn 0.453377 0.657646 0.601624
vn 0.551887 0.806700 -0.211320
vn 0.551887 0.806700 -0.211320
vn 0.551887 0.806700 -0.211320
vn -0.533893 0.842907 0.066835
vn -0.533893 0.842907 0.066835
vn -0.533893 0.842907 0.066835
vn -0.046667 0.702429 0.710223
vn -0.046667 0.702429 0.710223
vn -0.046667 0.702429 0.710223
vn 0.502607 0.860946 -0.078473
vn 0.502607 0.860946 -0.078473
vn 0.502607 0.860946 -0.078473
vn 0.513306 0.857945 -0.021144
vn 0.513306 0.857945 -0.021144
vn 0.513306 0.857945 -0.021144
vn 0.481445 0.876098 0.025765
vn 0.481445 0.876098 0.025765
vn 0.481445 0.876098 0.025765
vn 0.403189 0.860218 0.312192
vn 0.403189 0.860218 0.312192
vn 0.403189 0.860218 0.312192
vn -0.097747 0.860540 0.499916
vn -0.097747 0.860540 0.499916
vn -0.097747 0.860540 0.499916
vn -0.094936 0.861174 0.499367
vn -0.094936 0.861174 0.499367
vn -0.094936 0.861174 0.499367
vn 0.834358 0.015930 0.550993
vn 0.834358 0.015930 0.550994
vn 0.834358 0.015930 0.550993
vn 0.574575 0.784244 -0.234146
vn 0.574575 0.784244 -0.234146
vn 0.574575 0.784244 -0.234146
vn 0.372240 0.909636 0.184391
vn 0.372240 0.909636 0.184391
vn 0.372240 0.909636 0.184391
vn 0.451730 0.819647 0.352305
vn 0.451730 0.819647 0.352305
vn 0.451730 0.819647 0.352305
vn 0.323774 0.769234 0.550862
vn 0.323774 0.769234 0.550862
vn 0.323774 0.769234 0.550862
vn 0.192943 0.733332 0.651918
vn 0.192943 0.733332 0.651918
vn 0.192943 0.733332 0.651918
vn -0.663811 -0.730025 -0.162534
vn -0.663811 -0.730025 -0.162534
vn -0.663811 -0.730025 -0.162534
vn 0.914249 0.326800 0.239480
vn 0.914249 0.326800 0.239480
vn 0.914249 0.326800 0.239480
vn -0.983616 -0.177565 0.031141
vn -0.983616 -0.177565 0.031141
vn -0.983616 -0.177565 0.031141
vn -0.211033 -0.226200 -0.950946
vn -0.211033 -0.226200 -0.950946
vn -0.211033 -0.226200 -0.950946
vn 0.094593 0.137343 -0.985996
vn 0.094593 0.137343 -0.985997
vn 0.094593 0.137343 -0.985997
vn 0.430775 0.902155 0.023447
vn 0.430775 0.902155 0.023447
vn 0.430775 0.902155 0.023447
vn 0.317883 0.821989 0.472529
vn 0.317883 0.821989 0.472529
vn 0.317883 0.821989 0.472529
vn -0.248389 0.873848 0.417961
vn -0.248389 0.873849 0.417961
vn -0.248389 0.873849 0.417961
vn -0.310186 0.863612 0.397441
vn -0.310186 0.863612 0.397441
vn -0.310186 0.863612 0.397441
vn 0.507912 0.846757 -0.158204
vn 0.507912 0.846757 -0.158204
vn 0.507912 0.846757 -0.158204
vn 0.406922 0.891890 0.197349
vn 0.406921 0.891890 0.197349
vn 0.406921 0.891890 0.197349
vn 0.382492 0.895330 0.228220
vn 0.382492 0.895330 0.228220
vn 0.382492 0.895330 0.228220
vn -0.094032 0.731983 0.674803
vn -0.094032 0.731983 0.674803
vn -0.094032 0.731983 0.674803
vn -0.212493 0.889849 0.403752
vn -0.212493 0.889849 0.403752
vn -0.212493 0.889849 0.403752
vn 0.090041 0.994046 0.061363
vn 0.090041 0.994046 0.061363
vn 0.090041 0.994046 0.061363
vn -0.134034 0.983429 -0.122072
vn -0.134034 0.983429 -0.122072
vn -0.134034 0.983429 -0.122072
vn 0.259359 0.856130 0.446961
vn 0.259359 0.856130 0.446961
vn 0.259359 0.856130 0.446961
vn 0.861791 -0.439963 -0.252485
vn 0.861791 -0.439963 -0.252485
vn 0.861791 -0.439963 -0.252485
vn 0.836942 0.499127 0.224502
vn 0.836941 0.499127 0.224503
vn 0.836942 0.499127 0.224502
vn -0.710146 0.638050 0.297632
vn -0.710146 0.638050 0.297632
vn -0.710146 0.638050 0.297632
vn -0.728987 0.534405 -0.427772
vn -0.728987 0.534405 -0.427772
vn -0.728987 0.534405 -0.427772
vn 0.376958 0.923638 0.069247
vn 0.376958 0.923638 0.069247
vn 0.376958 0.923638 0.069247
vn 0.848402 0.494806 0.188100
vn 0.848402 0.494806 0.188100
vn 0.848402 0.494806 0.188100
vn 0.384147 0.883870 0.266843
vn 0.384147 0.883870 0.266843
vn 0.384147 0.883870 0.266843
vn -0.093714 0.659164 0.746137
vn -0.093714 0.659164 0.746137
vn -0.093714 0.659164 0.746137
vn -0.790968 -0.401859 -0.461387
vn -0.790969 -0.401859 -0.461387
vn -0.790968 -0.401859 -0.461387
vn -0.843166 -0.534172 0.061087
vn -0.843166 -0.534172 0.061087
vn -0.843166 -0.534172 0.061087
vn -0.886705 0.031294 0.461276
vn -0.886705 0.031294 0.461276
vn -0.886705 0.031294 0.461276
vn -0.807110 0.435156 -0.399014
vn -0.807110 0.435156 -0.399014
vn -0.807110 0.435156 -0.399014
vn 0.429230 0.879782 -0.204316
vn 0.429230 0.879782 -0.204315
vn 0.429230 0.879782 -0.204315
vn 0.730394 0.437125 0.524830
vn 0.730394 0.437125 0.524830
vn 0.730394 0.437125 0.524830
vn -0.678955 0.510528 0.527618
vn -0.678955 0.510528 0.527618
vn -0.678955 0.510528 0.527618
vn 0.129921 -0.054641 -0.990018
vn 0.129921 -0.054641 -0.990018
vn 0.129921 -0.054641 -0.990018
vn -0.867941 0.183547 0.461507
vn -0.867941 0.183547 0.461507
vn -0.867941 0.183547 0.461507
vn -0.804494 0.500545 0.319757
vn -0.804494 0.500545 0.319757
vn -0.804494 0.500545 0.319757
vn -0.818420 0.551951 0.159808
vn -0.818421 0.551951 0.159808
vn -0.818420 0.551951 0.159808
vn -0.248144 -0.768046 0.590365
vn -0.248144 -0.768046 0.590365
vn -0.248144 -0.768046 0.590365
vn -0.700422 0.402253 0.589578
vn -0.700422 0.402253 0.589578
vn -0.700422 0.402253 0.589578
vn -0.802884 0.375504 0.463005
vn -0.802885 0.375504 0.463005
vn -0.802885 0.375504 0.463005
vn 0.372370 -0.662821 0.649622
vn 0.372370 -0.662821 0.649622
vn 0.372370 -0.662821 0.649622
vn -0.370083 0.844623 0.386848
vn -0.370083 0.844623 0.386848
vn -0.370083 0.844623 0.386848
vn -0.591773 0.645885 0.482325
vn -0.591773 0.645885 0.482325
vn -0.591773 0.645885 0.482325
vn -0.336822 0.871936 0.355357
vn -0.336822 0.871936 0.355357
vn -0.336822 0.871936 0.355357
vn -0.053568 0.371069 0.927059
vn -0.053568 0.371069 0.927059
vn -0.053568 0.371069 0.927059
vn -0.226010 0.002632 0.974122
vn -0.226010 0.002632 0.974121
vn -0.226010 0.002632 0.974122
vn -0.966427 0.174414 0.188675
vn -0.966427 0.174414 0.188675
vn -0.966427 0.174414 0.188675
vn -0.206750 0.129345 0.969806
vn -0.206750 0.129345 0.969806
vn -0.206750 0.129345 0.969806
vn -0.405034 0.076664 -0.911082
vn -0.405034 0.076664 -0.911082
vn -0.405034 0.076664 -0.911082
vn -0.536579 0.108988 -0.836782
vn -0.536579 0.108988 -0.836782
vn -0.536579 0.108988 -0.836782
vn -0.343073 0.637742 0.689627
vn -0.343073 0.637742 0.689627
vn -0.343073 0.637742 0.689627
vn -0.348814 0.469657 0.811019
vn -0.348814 0.469657 0.811019
vn -0.348814 0.469657 0.811019
vn -0.332396 0.004016 0.943131
vn -0.332396 0.004016 0.943131
vn -0.332396 0.004016 0.943131
vn -0.832867 -0.325112 0.447923
vn -0.832867 -0.325112 0.447923
vn -0.832867 -0.325112 0.447923
vn -0.635214 0.433915 0.638921
vn -0.635214 0.433915 0.638921
vn -0.635214 0.433915 0.638921
vn -0.137498 -0.806241 -0.575387
vn -0.137498 -0.806241 -0.575387
vn -0.137498 -0.806241 -0.575387
vn -0.874647 -0.042040 0.482934
vn -0.874647 -0.042040 0.482934
vn -0.874647 -0.042040 0.482934
vn -0.765654 -0.311898 0.562577
vn -0.765654 -0.311898 0.562577
vn -0.765654 -0.311898 0.562577
vn -0.643090 0.703185 0.303260
vn -0.643090 0.703185 0.303260
vn -0.643090 0.703185 0.303260
vn -0.830780 -0.292409 0.473605
vn -0.830780 -0.292409 0.473605
vn -0.830780 -0.292409 0.473605
vn -0.825115 -0.008797 0.564897
vn -0.825115 -0.008797 0.564897
vn -0.825115 -0.008797 0.564897
vn -0.637605 0.709005 0.301284
vn -0.637605 0.709005 0.301284
vn -0.637605 0.709005 0.301284
vn -0.903981 -0.420979 0.074792
vn -0.903981 -0.420979 0.074792
vn -0.903981 -0.420979 0.074793
vn -0.491820 0.423088 0.760992
vn -0.491820 0.423088 0.760992
vn -0.491820 0.423088 0.760992
vn -0.563964 0.722099 0.400646
vn -0.563964 0.722099 0.400646
vn -0.563964 0.722099 0.400646
vn -0.799318 0.365075 0.477295
vn -0.799318 0.365075 0.477295
vn -0.799318 0.365075 0.477295
vn 0.235932 0.144960 -0.960897
vn 0.235932 0.144960 -0.960897
vn 0.235932 0.144960 -0.960897
vn -0.064182 -0.363089 -0.929541
vn -0.064182 -0.363089 -0.929541
vn -0.064182 -0.363089 -0.929541
vn -0.041543 0.178658 0.983034
vn -0.041543 0.178658 0.983034
vn -0.041543 0.178658 0.983034
vn 0.012250 -0.999225 -0.037418
vn 0.012250 -0.999225 -0.037418
vn 0.012250 -0.999225 -0.037418
vn -0.765370 0.453669 -0.456500
vn -0.765370 0.453669 -0.456500
vn -0.765370 0.453669 -0.456500
vn 0.581905 -0.351462 -0.733390
vn 0.581905 -0.351462 -0.733390
vn 0.581905 -0.351462 -0.733390
vn -0.661195 -0.002523 0.750210
vn -0.661195 -0.002523 0.750210
vn -0.661195 -0.002523 0.750210
vn -0.504996 0.413887 0.757415
vn -0.504996 0.413887 0.757415
vn -0.504996 0.413887 0.757415
vn -0.451945 0.267406 0.851023
vn -0.451945 0.267406 0.851023
vn -0.451945 0.267406 0.851023
vn -0.694413 -0.264529 0.669190
vn -0.694413 -0.264529 0.669190
vn -0.694413 -0.264529 0.669190
vn 0.088026 0.123197 -0.988470
vn 0.088026 0.123197 -0.988470
vn 0.088026 0.123197 -0.988470
vn 0.910895 0.352829 0.213965
vn 0.910895 0.352829 0.213965
vn 0.910895 0.352829 0.213965
vn -0.699539 0.533906 0.474962
vn -0.699539 0.533906 0.474962
vn -0.699539 0.533906 0.474962
vn -0.460699 0.369666 -0.806910
vn -0.460699 0.369666 -0.806910
vn -0.460699 0.369666 -0.806910
vn -0.797174 -0.039143 0.602479
vn -0.797174 -0.039143 0.602479
vn -0.797174 -0.039143 0.602479
vn -0.637779 0.693827 0.334428
vn -0.637779 0.693827 0.334428
vn -0.637779 0.693827 0.334428
vn -0.773914 0.324896 0.543599
vn -0.773914 0.324896 0.543599
vn -0.773914 0.324896 0.543599
vn -0.813452 -0.372625 0.446594
vn -0.813452 -0.372625 0.446594
vn -0.813452 -0.372625 0.446594
vn -0.604460 0.782202 0.150958
vn -0.604460 0.782202 0.150958
vn -0.604460 0.782202 0.150958
vn -0.759308 -0.471965 0.447996
vn -0.759308 -0.471965 0.447996
vn -0.759308 -0.471965 0.447996
vn -0.641704 0.584646 0.496392
vn -0.641704 0.584646 0.496392
vn -0.641704 0.584646 0.496392
vn 0.072403 -0.861611 -0.502379
vn 0.072403 -0.861611 -0.502379
vn 0.072403 -0.861611 -0.502379
vn -0.905625 0.337279 0.257072
vn -0.905625 0.337279 0.257072
vn -0.905625 0.337279 0.257072
vn -0.880713 0.434435 0.188708
vn -0.880713 0.434435 0.188708
vn -0.880713 0.434435 0.188708
vn -0.472753 0.386004 0.792153
vn -0.472753 0.386004 0.792153
vn -0.472753 0.386004 0.792153
vn -0.664913 0.344623 0.662665
vn -0.664913 0.344623 0.662665
vn -0.664913 0.344623 0.662665
vn -0.345113 -0.431393 0.833545
vn -0.345113 -0.431393 0.833545
vn -0.345113 -0.431393 0.833545
vn -0.901047 -0.077008 0.426829
vn -0.901048 -0.077008 0.426829
vn -0.901047 -0.077008 0.426829
vn -0.220022 0.132197 -0.966496
vn -0.220022 0.132197 -0.966496
vn -0.220022 0.132197 -0.966496
vn -0.371577 -0.042511 -0.927429
vn -0.371577 -0.042511 -0.927429
vn -0.371577 -0.042511 -0.927429
vn -0.840866 -0.336135 0.424214
vn -0.840866 -0.336135 0.424214
vn -0.840866 -0.336135 0.424214
vn -0.323136 0.103004 -0.940730
vn -0.323136 0.103004 -0.940730
vn -0.323136 0.103004 -0.940730
vn -0.710559 -0.223130 -0.667322
vn -0.710559 -0.223130 -0.667322
vn -0.710559 -0.223130 -0.667322
vn -0.824012 -0.067671 0.562517
vn -0.824012 -0.067671 0.562517
vn -0.824012 -0.067671 0.562517
vn -0.825073 -0.281017 0.490188
vn -0.825073 -0.281017 0.490188
vn -0.825073 -0.281017 0.490188
vn -0.435298 -0.393284 0.809842
vn -0.435298 -0.393284 0.809842
vn -0.435298 -0.393284 0.809842
vn -0.063471 0.582335 0.810468
vn -0.063471 0.582335 0.810468
vn -0.063471 0.582335 0.810468
vn -0.635937 0.299719 0.711163
vn -0.635937 0.299719 0.711163
vn -0.635937 0.299719 0.711163
vn -0.966052 -0.237577 0.101495
vn -0.966052 -0.237577 0.101495
vn -0.966052 -0.237577 0.101495
vn -0.451894 -0.806325 0.381616
vn -0.451894 -0.806325 0.381616
vn -0.451894 -0.806325 0.381616
vn -0.243522 -0.881494 0.404557
vn -0.243522 -0.881493 0.404557
vn -0.243522 -0.881494 0.404557
vn -0.422124 -0.832090 0.359775
vn -0.422124 -0.832090 0.359775
vn -0.422124 -0.832090 0.359775
vn -0.672702 0.014320 0.739775
vn -0.672702 0.014320 0.739775
vn -0.672702 0.014320 0.739775
vn -0.631732 0.287903 0.719740
vn -0.631732 0.287903 0.719741
vn -0.631732 0.287903 0.719741
vn -0.544547 0.366868 0.754239
vn -0.544547 0.366868 0.754239
vn -0.544547 0.366868 0.754239
vn -0.932243 0.266910 0.244301
vn -0.932243 0.266910 0.244301
vn -0.932243 0.266910 0.244301
vn -0.523940 -0.134482 0.841072
vn -0.523940 -0.134482 0.841072
vn -0.523940 -0.134482 0.841072
vn -0.347372 0.811649 0.469637
vn -0.347372 0.811649 0.469637
vn -0.347372 0.811649 0.469637
vn -0.219319 -0.227426 0.948777
vn -0.219319 -0.227426 0.948777
vn -0.219319 -0.227426 0.948777
vn 0.400869 0.132212 0.906545
vn 0.400869 0.132213 0.906545
vn 0.400869 0.132213 0.906545
vn 0.868839 -0.473613 -0.144258
vn 0.868838 -0.473613 -0.144258
vn 0.868838 -0.473613 -0.144258
vn -0.206368 0.802586 0.559703
vn -0.206368 0.802586 0.559703
vn -0.206368 0.802586 0.559703
vn -0.491477 0.657075 0.571579
vn -0.491477 0.657075 0.571579
vn -0.491477 0.657075 0.571579
vn 0.890271 0.450836 0.064532
vn 0.890271 0.450836 0.064532
vn 0.890271 0.450836 0.064532
vn -0.385413 0.730581 0.563657
vn -0.385413 0.730581 0.563657
vn -0.385413 0.730581 0.563657
vn -0.917032 0.166194 0.362535
vn -0.917032 0.166194 0.362535
vn -0.917032 0.166194 0.362535
vn -0.645529 0.582014 0.494521
vn -0.645529 0.582014 0.494521
vn -0.645529 0.582014 0.494521
vn -0.555925 -0.182119 0.811036
vn -0.555925 -0.182119 0.811036
vn -0.555925 -0.182119 0.811036
vn 0.639867 -0.721938 0.263393
vn 0.639867 -0.721938 0.263393
vn 0.639867 -0.721938 0.263393
vn 0.021893 0.249924 0.968018
vn 0.021893 0.249924 0.968018
vn 0.021893 0.249924 0.968018
vn 0.837734 -0.459481 -0.295090
vn 0.837734 -0.459481 -0.295090
vn 0.837734 -0.459481 -0.295090
vn -0.594261 0.576756 0.560542
vn -0.594261 0.576756 0.560542
vn -0.594261 0.576756 0.560542
vn -0.365672 0.067750 0.928275
vn -0.365672 0.067750 0.928275
vn -0.365672 0.067750 0.928275
vn 0.182867 -0.885236 -0.427687
vn 0.182867 -0.885236 -0.427687
vn 0.182867 -0.885237 -0.427687
vn -0.207082 -0.825347 0.525279
vn -0.207082 -0.825347 0.525279
vn -0.207082 -0.825347 0.525279
vn -0.916630 0.389570 -0.089586
vn -0.916629 0.389570 -0.089586
vn -0.916629 0.389570 -0.089586
vn -0.512882 0.308540 0.801097
vn -0.512882 0.308540 0.801097
vn -0.512882 0.308540 0.801097
vn -0.575801 -0.170135 0.799692
vn -0.575801 -0.170135 0.799692
vn -0.575801 -0.170135 0.799692
vn -0.518646 0.261438 0.814037
vn -0.518646 0.261438 0.814037
vn -0.518646 0.261438 0.814037
vn -0.547024 -0.275024 0.790649
vn -0.547024 -0.275024 0.790649
vn -0.547024 -0.275024 0.790649
vn -0.142462 0.275786 0.950603
vn -0.142462 0.275786 0.950603
vn -0.142462 0.275786 0.950603
vn 0.310188 -0.078439 0.947434
vn 0.310188 -0.078439 0.947434
vn 0.310188 -0.078439 0.947434
vn -0.923392 -0.193908 0.331279
vn -0.923393 -0.193908 0.331279
vn -0.923393 -0.193908 0.331279
vn -0.696476 0.653067 0.297364
vn -0.696476 0.653067 0.297364
vn -0.696476 0.653067 0.297364
vn -0.627650 0.138967 0.765992
vn -0.627650 0.138967 0.765992
vn -0.627650 0.138967 0.765992
vn -0.489723 0.598904 0.633629
vn -0.489723 0.598904 0.633629
vn -0.489723 0.598904 0.633629
vn -0.392458 0.664167 0.636285
vn -0.392458 0.664167 0.636285
vn -0.392458 0.664167 0.636285
vn -0.422388 -0.263887 0.867152
vn -0.422388 -0.263887 0.867152
vn -0.422388 -0.263887 0.867152
vn -0.176062 -0.961265 -0.212063
vn -0.176062 -0.961265 -0.212063
vn -0.176062 -0.961265 -0.212063
vn -0.402651 0.824244 0.398111
vn -0.402651 0.824245 0.398111
vn -0.402651 0.824244 0.398111
vn 0.583759 0.725842 -0.363839
vn 0.583759 0.725842 -0.363839
vn 0.583759 0.725842 -0.363839
vn -0.853635 0.441556 0.276289
vn -0.853635 0.441556 0.276289
vn -0.853635 0.441556 0.276289
vn -0.326524 0.597894 0.732055
vn -0.326524 0.597894 0.732055
vn -0.326524 0.597894 0.732055
vn -0.204019 -0.339867 0.918078
vn -0.204019 -0.339867 0.918078
vn -0.204019 -0.339867 0.918078
vn -0.443663 0.223686 0.867830
vn -0.443662 0.223686 0.867830
vn -0.443663 0.223686 0.867830
vn -0.826714 0.009793 0.562537
vn -0.826714 0.009793 0.562537
vn -0.826714 0.009793 0.562537
vn -0.461780 0.309213 0.831352
vn -0.461780 0.309213 0.831352
vn -0.461780 0.309213 0.831352
vn -0.445544 0.885731 0.130275
vn -0.445544 0.885731 0.130275
vn -0.445544 0.885731 0.130275
vn -0.981590 0.152361 0.115180
vn -0.981590 0.152361 0.115180
vn -0.981590 0.152361 0.115180
vn -0.701880 0.328637 0.631951
vn -0.701880 0.328637 0.631951
vn -0.701880 0.328637 0.631951
vn -0.339886 0.082234 -0.936865
vn -0.339886 0.082234 -0.936865
vn -0.339886 0.082234 -0.936865
vn -0.915064 0.397803 -0.066408
vn -0.915064 0.397804 -0.066408
vn -0.915064 0.397803 -0.066408
vn -0.730338 -0.323685 0.601527
vn -0.730338 -0.323685 0.601527
vn -0.730338 -0.323685 0.601527
vn -0.381163 -0.132032 0.915031
vn -0.381163 -0.132032 0.915031
vn -0.381163 -0.132032 0.915031
vn -0.234918 0.070152 0.969480
vn -0.234918 0.070152 0.969480
vn -0.234918 0.070152 0.969480
vn -0.842114 -0.275771 0.463460
vn -0.842114 -0.275771 0.463460
vn -0.842114 -0.275770 0.463460
vn -0.539831 0.321608 0.777914
vn -0.539831 0.321608 0.777914
vn -0.539831 0.321608 0.777914
vn -0.651998 -0.065764 0.755363
vn -0.651998 -0.065764 0.755363
vn -0.651998 -0.065764 0.755363
vn -0.284220 0.954590 -0.089315
vn -0.284219 0.954590 -0.089315
vn -0.284219 0.954590 -0.089315
vn -0.380021 -0.481493 0.789777
vn -0.380021 -0.481493 0.789777
vn -0.380021 -0.481493 0.789777
vn -0.680851 -0.292867 0.671320
vn -0.680851 -0.292867 0.671320
vn -0.680851 -0.292867 0.671320
vn -0.927372 -0.217146 -0.304677
vn -0.927372 -0.217146 -0.304677
vn -0.927372 -0.217146 -0.304677
vn -0.581064 -0.445500 0.681098
vn -0.581064 -0.445500 0.681098
vn -0.581064 -0.445500 0.681098
vn -0.679843 -0.036644 0.732442
vn -0.679843 -0.036644 0.732442
vn -0.679843 -0.036644 0.732442
vn -0.749349 0.227429 0.621894
vn -0.749349 0.227429 0.621894
vn -0.749349 0.227429 0.621894
vn -0.888267 0.452655 -0.078009
vn -0.888267 0.452655 -0.078009
vn -0.888267 0.452655 -0.078009
vn -0.427083 -0.035869 -0.903501
vn -0.427083 -0.035869 -0.903501
vn -0.427083 -0.035869 -0.903501
vn 0.113532 -0.664497 -0.738617
vn 0.113532 -0.664497 -0.738617
vn 0.113532 -0.664497 -0.738617
vn -0.520796 -0.234100 0.820956
vn -0.520796 -0.234100 0.820956
vn -0.520796 -0.234100 0.820956
vn -0.312509 -0.137707 0.939880
vn -0.312509 -0.137707 0.939880
vn -0.312509 -0.137707 0.939880
vn -0.513165 -0.235260 0.825418
vn -0.513165 -0.235260 0.825418
vn -0.513165 -0.235260 0.825418
vn -0.679905 0.193917 0.707196
vn -0.679905 0.193917 0.707195
vn -0.679905 0.193917 0.707195
vn -0.799916 0.254777 0.543345
vn -0.799916 0.254777 0.543345
vn -0.799916 0.254777 0.543345
vn -0.570372 0.080643 0.817418
vn -0.570372 0.080643 0.817418
vn -0.570372 0.080643 0.817418
vn 0.086063 0.760974 0.643049
vn 0.086063 0.760974 0.643049
vn 0.086063 0.760974 0.643049
vn -0.804095 -0.279875 0.524501
vn -0.804095 -0.279875 0.524501
vn -0.804095 -0.279875 0.524501
vn -0.569187 0.631547 0.526474
vn -0.569187 0.631547 0.526474
vn -0.569187 0.631547 0.526474
vn -0.451755 0.367197 -0.813071
vn -0.451755 0.367197 -0.813071
vn -0.451755 0.367197 -0.813071
vn -0.542928 -0.306542 0.781832
vn -0.542928 -0.306542 0.781832
vn -0.542928 -0.306542 0.781832
vn -0.708464 -0.005258 0.705728
vn -0.708464 -0.005258 0.705728
vn -0.708464 -0.005258 0.705728
vn -0.493985 -0.180117 0.850609
vn -0.493985 -0.180117 0.850609
vn -0.493985 -0.180117 0.850609
vn 0.021025 -0.156679 0.987426
vn 0.021025 -0.156679 0.987426
vn 0.021025 -0.156679 0.987426
vn -0.389004 -0.385615 0.836646
vn -0.389004 -0.385615 0.836646
vn -0.389004 -0.385615 0.836646
vn -0.652843 -0.236217 0.719721
vn -0.652843 -0.236217 0.719721
vn -0.652843 -0.236217 0.719721
vn -0.500612 -0.234885 -0.833197
vn -0.500612 -0.234885 -0.833197
vn -0.500612 -0.234885 -0.833197
vn 0.060512 -0.825217 0.561565
vn 0.060512 -0.825217 0.561565
vn 0.060512 -0.825217 0.561565
vn -0.101898 0.076182 -0.991873
vn -0.101898 0.076182 -0.991873
vn -0.101898 0.076182 -0.991874
vn -0.956243 -0.140335 0.256722
vn -0.956243 -0.140335 0.256722
vn -0.956243 -0.140335 0.256722
vn -0.864676 0.429123 -0.261131
vn -0.864676 0.429123 -0.261131
vn -0.864676 0.429123 -0.261131
vn -0.762926 -0.364007 0.534268
vn -0.762926 -0.364007 0.534268
vn -0.762926 -0.364007 0.534268
vn -0.492861 0.313002 -0.811861
vn -0.492861 0.313002 -0.811861
vn -0.492861 0.313002 -0.811861
vn -0.659756 0.437352 0.611101
vn -0.659756 0.437353 0.611101
vn -0.659756 0.437352 0.611101
vn -0.873826 0.355480 -0.331757
vn -0.873826 0.355480 -0.331757
vn -0.873826 0.355480 -0.331757
vn 0.349418 0.244071 -0.904619
vn 0.349418 0.244071 -0.904620
vn 0.349418 0.244071 -0.904619
vn -0.942592 -0.155008 -0.295793
vn -0.942592 -0.155008 -0.295793
vn -0.942592 -0.155008 -0.295793
vn -0.063515 -0.493184 -0.867603
vn -0.063515 -0.493184 -0.867603
vn -0.063515 -0.493184 -0.867603
vn -0.093754 -0.044657 -0.994593
vn -0.093754 -0.044657 -0.994593
vn -0.093754 -0.044657 -0.994593
vn -0.752040 0.011967 0.659009
vn -0.752040 0.011967 0.659009
vn -0.752040 0.011967 0.659009
vn -0.643585 0.312922 -0.698482
vn -0.643585 0.312922 -0.698482
vn -0.643585 0.312922 -0.698482
vn -0.993128 0.093044 0.070984
vn -0.993128 0.093044 0.070984
vn -0.993128 0.093044 0.070984
vn 0.665301 -0.050931 0.744836
vn 0.665301 -0.050931 0.744836
vn 0.665301 -0.050931 0.744836
vn -0.537257 -0.343351 0.770367
vn -0.537257 -0.343351 0.770367
vn -0.537257 -0.343351 0.770367
vn -0.621755 0.004897 0.783196
vn -0.621755 0.004897 0.783196
vn -0.621755 0.004897 0.783196
vn -0.506380 -0.097560 0.856774
vn -0.506380 -0.097560 0.856774
vn -0.506380 -0.097560 0.856774
vn -0.353725 0.903171 0.243230
vn -0.353725 0.903171 0.243230
vn -0.353725 0.903171 0.243230
vn -0.313068 0.744600 0.589542
vn -0.313068 0.744600 0.589542
vn -0.313068 0.744600 0.589542
vn -0.931556 0.267580 0.246180
vn -0.931556 0.267580 0.246180
vn -0.931556 0.267580 0.246180
vn -0.841948 0.486402 0.233530
vn -0.841948 0.486402 0.233530
vn -0.841948 0.486402 0.233530
vn -0.819297 0.561752 -0.114836
vn -0.819297 0.561752 -0.114836
vn -0.819297 0.561751 -0.114836
vn 0.364011 0.235282 0.901187
vn 0.364011 0.235282 0.901187
vn 0.364011 0.235282 0.901187
vn -0.662363 0.086988 0.744116
vn -0.662363 0.086988 0.744116
vn -0.662363 0.086988 0.744116
vn -0.616688 0.787199 0.003693
vn -0.616688 0.787199 0.003693
vn -0.616688 0.787199 0.003693
vn -0.004331 -0.368295 -0.929699
vn -0.004331 -0.368295 -0.929699
vn -0.004331 -0.368295 -0.929699
vn 0.192620 -0.816288 -0.544585
vn 0.192620 -0.816288 -0.544585
vn 0.192620 -0.816288 -0.544585
vn 0.020634 -0.156466 0.987468
vn 0.020634 -0.156466 0.987468
vn 0.020634 -0.156466 0.987468
vn -0.432537 -0.296619 0.851427
vn -0.432537 -0.296619 0.851427
vn -0.432537 -0.296619 0.851427
vn -0.585094 -0.135518 -0.799562
vn -0.585094 -0.135518 -0.799562
vn -0.585094 -0.135518 -0.799562
vn -0.760016 0.158653 0.630242
vn -0.760016 0.158653 0.630242
vn -0.760016 0.158653 0.630243
vn -0.678242 0.416932 0.605108
vn -0.678242 0.416932 0.605108
vn -0.678242 0.416932 0.605108
vn 0.805325 0.386322 0.449675
vn 0.805325 0.386322 0.449675
vn 0.805325 0.386322 0.449675
vn -0.914580 0.179068 0.362598
vn -0.914580 0.179068 0.362598
vn -0.914580 0.179068 0.362598
vn -0.380234 0.185593 -0.906078
vn -0.380234 0.185593 -0.906078
vn -0.380234 0.185593 -0.906078
vn -0.491397 -0.378158 0.784554
vn -0.491397 -0.378158 0.784554
vn -0.491397 -0.378158 0.784554
vn -0.863975 0.141181 0.483338
vn -0.863975 0.141181 0.483338
vn -0.863975 0.141181 0.483338
vn -0.988165 -0.096073 -0.119581
vn -0.988165 -0.096073 -0.119581
vn -0.988165 -0.096073 -0.119581
vn -0.654266 0.226078 0.721681
vn -0.654266 0.226078 0.721682
vn -0.654266 0.226078 0.721682
vn -0.599315 -0.783022 0.166429
vn -0.599315 -0.783022 0.166429
vn -0.599315 -0.783022 0.166429
vn -0.397844 0.814689 0.421903
vn -0.397844 0.814689 0.421903
vn -0.397844 0.814689 0.421903
vn -0.641653 0.555400 0.528972
vn -0.641653 0.555400 0.528972
vn -0.641653 0.555400 0.528972
vn -0.628095 0.579933 0.518821
vn -0.628095 0.579933 0.518821
vn -0.628095 0.579933 0.518821
vn -0.509183 -0.054306 0.858943
vn -0.509183 -0.054306 0.858943
vn -0.509183 -0.054306 0.858943
vn -0.903754 -0.087536 0.419006
vn -0.903754 -0.087536 0.419006
vn -0.903754 -0.087536 0.419006
vn -0.895681 -0.130849 0.425010
vn -0.895681 -0.130849 0.425010
vn -0.895681 -0.130849 0.425010
vn -0.884158 0.231648 0.405713
vn -0.884158 0.231648 0.405713
vn -0.884158 0.231648 0.405713
vn -0.902787 0.116424 0.414031
vn -0.902787 0.116424 0.414031
vn -0.902787 0.116424 0.414031
vn -0.387222 0.718086 0.578283
vn -0.387222 0.718086 0.578283
vn -0.387222 0.718086 0.578283
vn -0.765596 -0.311707 0.562762
vn -0.765596 -0.311707 0.562762
vn -0.765596 -0.311707 0.562762
vn -0.542030 0.488096 0.684081
vn -0.542030 0.488096 0.684081
vn -0.542030 0.488096 0.684081
vn 0.512992 -0.854275 0.083983
vn 0.512992 -0.854275 0.083983
vn 0.512992 -0.854275 0.083983
vn -0.757017 0.013986 0.653246
vn -0.757017 0.013986 0.653246
vn -0.757017 0.013986 0.653246
vn -0.933455 0.229849 0.275373
vn -0.933455 0.229849 0.275373
vn -0.933455 0.229849 0.275373
vn -0.326734 0.876267 0.354121
vn -0.326734 0.876267 0.354121
vn -0.326734 0.876267 0.354121
vn -0.684619 0.305348 0.661861
vn -0.684619 0.305348 0.661861
vn -0.684619 0.305348 0.661861
vn -0.624486 0.426999 0.653979
vn -0.624486 0.426999 0.653979
vn -0.624486 0.426999 0.653979
vn -0.614539 0.554713 0.560923
vn -0.614539 0.554713 0.560923
vn -0.614539 0.554713 0.560923
vn -0.477275 0.640550 0.601585
vn -0.477275 0.640550 0.601585
vn -0.477275 0.640550 0.601585
vn -0.687613 0.638809 -0.345126
vn -0.687613 0.638809 -0.345126
vn -0.687613 0.638809 -0.345126
vn -0.230989 0.027786 0.972560
vn -0.230989 0.027786 0.972560
vn -0.230989 0.027786 0.972560
vn -0.818571 0.482863 0.311103
vn -0.818571 0.482863 0.311103
vn -0.818571 0.482863 0.311103
vn -0.888539 0.431596 -0.155641
vn -0.888539 0.431596 -0.155641
vn -0.888539 0.431596 -0.155641
vn -0.687044 0.322725 0.651014
vn -0.687044 0.322725 0.651014
vn -0.687044 0.322725 0.651014
vn -0.922176 0.227585 0.312724
vn -0.922176 0.227585 0.312724
vn -0.922176 0.227585 0.312724
vn -0.399540 0.641447 0.654915
vn -0.399540 0.641447 0.654915
vn -0.399540 0.641447 0.654915
vn -0.554705 0.724656 0.408872
vn -0.554705 0.724656 0.408872
vn -0.554705 0.724656 0.408872
vn 0.508935 -0.520989 -0.685241
vn 0.508935 -0.520989 -0.685241
vn 0.508935 -0.520989 -0.685241
vn -0.847718 0.018089 0.530138
vn -0.847718 0.018089 0.530138
vn -0.847718 0.018089 0.530138
vn 0.155230 -0.317381 -0.935507
vn 0.155230 -0.317381 -0.935507
vn 0.155230 -0.317381 -0.935507
vn -0.884631 0.347512 0.310908
vn -0.884631 0.347512 0.310908
vn -0.884631 0.347511 0.310908
vn -0.891913 -0.095790 0.441944
vn -0.891913 -0.095790 0.441944
vn -0.891913 -0.095790 0.441944
vn -0.342688 -0.811872 0.472682
vn -0.342688 -0.811872 0.472682
vn -0.342688 -0.811872 0.472682
vn -0.660269 0.117464 0.741787
vn -0.660269 0.117464 0.741787
vn -0.660269 0.117464 0.741787
vn -0.821176 -0.353644 0.447890
vn -0.821176 -0.353644 0.447890
vn -0.821176 -0.353644 0.447890
vn -0.852602 0.074596 0.517210
vn -0.852602 0.074596 0.517210
vn -0.852602 0.074596 0.517210
vn -0.269342 -0.079969 -0.959719
vn -0.269342 -0.079969 -0.959719
vn -0.269342 -0.079969 -0.959718
vn -0.845546 -0.332537 0.417698
vn -0.845546 -0.332537 0.417698
vn -0.845546 -0.332537 0.417698
vn -0.841805 -0.166244 0.513544
vn -0.841805 -0.166244 0.513544
vn -0.841805 -0.166244 0.513544
vn -0.783557 0.212215 0.583954
vn -0.783557 0.212215 0.583954
vn -0.783557 0.212215 0.583954
vn -0.286817 -0.886993 -0.361912
vn -0.286817 -0.886993 -0.361912
vn -0.286817 -0.886993 -0.361912
vn -0.739872 -0.100525 0.665195
vn -0.739872 -0.100525 0.665195
vn -0.739872 -0.100525 0.665195
vn -0.477353 0.273662 0.835011
vn -0.477353 0.273662 0.835011
vn -0.477353 0.273662 0.835011
vn -0.725728 0.458949 0.512528
vn -0.725728 0.458949 0.512528
vn -0.725728 0.458949 0.512528
vn -0.607402 0.307946 0.732279
vn -0.607402 0.307946 0.732279
vn -0.607402 0.307946 0.732279
vn -0.815462 0.009565 0.578731
vn -0.815462 0.009565 0.578731
vn -0.815462 0.009565 0.578731
vn -0.792583 0.396184 0.463519
vn -0.792583 0.396184 0.463519
vn -0.792583 0.396184 0.463519
vn -0.841032 0.148151 0.520304
vn -0.841032 0.148151 0.520305
vn -0.841032 0.148151 0.520304
vn 0.332507 -0.143175 0.932169
vn 0.332507 -0.143175 0.932170
vn 0.332507 -0.143175 0.932169
vn -0.529503 0.759615 0.377640
vn -0.529503 0.759615 0.377640
vn -0.529503 0.759615 0.377640
vn -0.812628 -0.052620 0.580403
vn -0.812627 -0.052620 0.580403
vn -0.812627 -0.052620 0.580403
vn -0.677780 0.454459 0.577998
vn -0.677780 0.454459 0.577998
vn -0.677780 0.454459 0.577998
vn -0.540716 0.106294 -0.834462
vn -0.540716 0.106294 -0.834462
vn -0.540716 0.106294 -0.834462
vn 0.198665 0.376304 -0.904946
vn 0.198665 0.376304 -0.904946
vn 0.198665 0.376304 -0.904946
vn -0.704542 0.052322 0.707731
vn -0.704542 0.052322 0.707731
vn -0.704542 0.052322 0.707731
vn -0.364439 0.524890 0.769204
vn -0.364439 0.524890 0.769204
vn -0.364439 0.524890 0.769204
vn -0.783306 -0.118063 0.610321
vn -0.783306 -0.118063 0.610321
vn -0.783306 -0.118063 0.610321
vn 0.358629 -0.884009 -0.299856
vn 0.358629 -0.884009 -0.299857
vn 0.358629 -0.884009 -0.299856
vn -0.076064 0.020968 -0.996882
vn -0.076064 0.020968 -0.996882
vn -0.076064 0.020968 -0.996882
vn -0.618059 0.157968 0.770096
vn -0.618060 0.157968 0.770096
vn -0.618059 0.157968 0.770096
vn -0.619322 0.178691 0.764532
vn -0.619322 0.178691 0.764532
vn -0.619322 0.178691 0.764532
vn -0.565651 0.545753 0.618217
vn -0.565651 0.545753 0.618217
vn -0.565651 0.545753 0.618217
vn -0.841518 0.162158 0.515318
vn -0.841518 0.162158 0.515318
vn -0.841518 0.162158 0.515318
vn -0.335066 -0.593885 0.731458
vn -0.335067 -0.593885 0.731458
vn -0.335067 -0.593885 0.731458
vn -0.156246 0.076669 -0.984738
vn -0.156246 0.076669 -0.984738
vn -0.156246 0.076669 -0.984738
vn -0.298802 -0.272087 -0.914705
vn -0.298802 -0.272087 -0.914705
vn -0.298802 -0.272087 -0.914705
vn -0.892034 -0.216599 0.396686
vn -0.892034 -0.216599 0.396686
vn -0.892034 -0.216599 0.396686
vn -0.781558 -0.091490 0.617088
vn -0.781558 -0.091490 0.617088
vn -0.781558 -0.091490 0.617088
vn -0.781545 -0.095824 0.616446
vn -0.781545 -0.095824 0.616446
vn -0.781545 -0.095824 0.616446
vn -0.829000 -0.078336 0.553735
vn -0.829000 -0.078336 0.553735
vn -0.829000 -0.078336 0.553735
vn 0.784160 0.532724 0.318275
vn 0.784160 0.532724 0.318275
vn 0.784160 0.532724 0.318275
vn -0.108083 0.228032 -0.967636
vn -0.108083 0.228032 -0.967636
vn -0.108083 0.228032 -0.967636
vn 0.523921 0.764306 -0.375958
vn 0.523921 0.764306 -0.375958
vn 0.523921 0.764306 -0.375958
vn -0.447104 0.802960 0.394149
vn -0.447104 0.802960 0.394149
vn -0.447104 0.802960 0.394149
vn -0.736328 0.544838 0.401215
vn -0.736328 0.544838 0.401215
vn -0.736328 0.544838 0.401215
vn -0.740368 0.179110 0.647900
vn -0.740368 0.179110 0.647900
vn -0.740368 0.179110 0.647901
vn -0.825471 0.487032 0.285301
vn -0.825471 0.487032 0.285301
vn -0.825471 0.487032 0.285301
vn -0.390690 0.795489 0.463205
vn -0.390690 0.795489 0.463205
vn -0.390690 0.795489 0.463205
vn -0.855581 -0.240958 0.458170
vn -0.855581 -0.240958 0.458170
vn -0.855581 -0.240958 0.458170
vn -0.752213 0.140868 0.643686
vn -0.752213 0.140868 0.643686
vn -0.752213 0.140868 0.643686
vn -0.748590 0.194697 0.633803
vn -0.748590 0.194697 0.633803
vn -0.748590 0.194697 0.633803
vn -0.761015 0.176043 0.624392
vn -0.761015 0.176043 0.624392
vn -0.761015 0.176043 0.624392
vn -0.677950 0.108805 0.727012
vn -0.677950 0.108805 0.727012
vn -0.677950 0.108805 0.727012
vn -0.810503 -0.306539 0.499118
vn -0.810503 -0.306539 0.499118
vn -0.810503 -0.306539 0.499118
vn -0.581677 0.730456 0.357892
vn -0.581677 0.730456 0.357892
vn -0.581677 0.730456 0.357892
vn -0.193636 0.249416 -0.948840
vn -0.193636 0.249416 -0.948840
vn -0.193636 0.249416 -0.948840
vn -0.095907 0.985809 0.137777
vn -0.095907 0.985809 0.137777
vn -0.095907 0.985809 0.137777
vn -0.508165 -0.055042 0.859499
vn -0.508165 -0.055042 0.859499
vn -0.508165 -0.055042 0.859499
vn -0.763251 0.217502 0.608392
vn -0.763251 0.217502 0.608392
vn -0.763251 0.217502 0.608392
vn -0.525737 0.592062 0.610789
vn -0.525737 0.592062 0.610789
vn -0.525737 0.592062 0.610789
vn -0.654448 0.476529 0.587041
vn -0.654448 0.476529 0.587041
vn -0.654448 0.476529 0.587041
vn -0.918176 0.254262 0.303817
vn -0.918176 0.254262 0.303817
vn -0.918176 0.254262 0.303817
vn -0.740407 0.538224 0.402631
vn -0.740407 0.538224 0.402632
vn -0.740407 0.538224 0.402631
vn -0.583669 0.697089 0.416411
vn -0.583669 0.697089 0.416411
vn -0.583669 0.697089 0.416411
vn 0.928547 -0.316654 -0.193729
vn 0.928547 -0.316654 -0.193729
vn 0.928547 -0.316654 -0.193729
vn -0.604781 0.419736 0.676803
vn -0.604781 0.419736 0.676803
vn -0.604781 0.419736 0.676803
vn -0.563191 0.540577 0.624974
vn -0.563191 0.540577 0.624974
vn -0.563191 0.540577 0.624974
vn -0.354843 0.833533 0.423448
vn -0.354844 0.833534 0.423448
vn -0.354844 0.833533 0.423448
vn -0.743355 0.357173 0.565554
vn -0.743355 0.357173 0.565554
vn -0.743355 0.357173 0.565554
vn -0.437545 0.359619 -0.824153
vn -0.437545 0.359619 -0.824153
vn -0.437545 0.359619 -0.824153
vn -0.834927 -0.211982 0.507898
vn -0.834927 -0.211982 0.507898
vn -0.834927 -0.211982 0.507898
vn -0.815687 -0.012481 0.578359
vn -0.815687 -0.012481 0.578359
vn -0.815687 -0.012481 0.578359
vn -0.727697 0.258377 0.635372
vn -0.727698 0.258377 0.635372
vn -0.727697 0.258377 0.635372
vn -0.793589 0.292329 0.533629
vn -0.793589 0.292329 0.533629
vn -0.793589 0.292329 0.533629
vn -0.792106 -0.102230 0.601762
vn -0.792106 -0.102230 0.601762
vn -0.792106 -0.102230 0.601762
vn -0.461572 0.798250 0.386974
vn -0.461572 0.798250 0.386974
vn -0.461572 0.798250 0.386974
vn 0.242589 0.254199 -0.936233
vn 0.242589 0.254199 -0.936234
vn 0.242589 0.254199 -0.936233
vn -0.419326 0.030245 -0.907332
vn -0.419326 0.030245 -0.907332
vn -0.419326 0.030245 -0.907332
vn -0.944542 0.070551 0.320721
vn -0.944542 0.070551 0.320721
vn -0.944543 0.070551 0.320721
vn -0.816657 -0.280433 0.504409
vn -0.816657 -0.280433 0.504409
vn -0.816657 -0.280433 0.504409
vn -0.533877 -0.148921 0.832345
vn -0.533877 -0.148921 0.832345
vn -0.533877 -0.148921 0.832345
vn -0.516666 0.527264 0.674572
vn -0.516666 0.527264 0.674573
vn -0.516666 0.527264 0.674573
vn -0.754119 -0.527295 0.391492
vn -0.754119 -0.527295 0.391492
vn -0.754119 -0.527295 0.391492
vn 0.174357 -0.636067 -0.751677
vn 0.174357 -0.636067 -0.751677
vn 0.174357 -0.636067 -0.751677
vn -0.254137 0.182589 -0.949777
vn -0.254137 0.182589 -0.949777
vn -0.254137 0.182589 -0.949777
vn 0.074406 0.212311 -0.974365
vn 0.074406 0.212311 -0.974365
vn 0.074406 0.212310 -0.974365
vn -0.749286 0.227321 0.622009
vn -0.749286 0.227321 0.622009
vn -0.749286 0.227321 0.622009
vn -0.895874 0.177184 0.407450
vn -0.895874 0.177184 0.407450
vn -0.895874 0.177184 0.407450
vn -0.049315 0.194938 -0.979575
vn -0.049315 0.194938 -0.979575
vn -0.049315 0.194938 -0.979575
vn -0.806510 -0.259024 0.531459
vn -0.806510 -0.259024 0.531459
vn -0.806510 -0.259024 0.531459
vn -0.222258 0.190028 0.956290
vn -0.222258 0.190028 0.956290
vn -0.222258 0.190028 0.956290
vn -0.550446 0.765722 0.332685
vn -0.550446 0.765722 0.332685
vn -0.550446 0.765722 0.332685
vn -0.521924 0.758981 0.389285
vn -0.521924 0.758981 0.389285
vn -0.521924 0.758981 0.389285
vn -0.592523 0.700097 0.398473
vn -0.592523 0.700097 0.398473
vn -0.592523 0.700097 0.398473
vn -0.771599 0.255473 0.582553
vn -0.771599 0.255473 0.582553
vn -0.771599 0.255473 0.582553
vn -0.766219 0.217250 0.604740
vn -0.766219 0.217250 0.604740
vn -0.766219 0.217250 0.604740
vn -0.853216 -0.081533 0.515145
vn -0.853216 -0.081533 0.515145
vn -0.853216 -0.081533 0.515145
vn -0.650432 -0.189947 -0.735431
vn -0.650432 -0.189947 -0.735431
vn -0.650432 -0.189947 -0.735431
vn -0.712454 0.056125 0.699470
vn -0.712454 0.056125 0.699470
vn -0.712454 0.056125 0.699470
vn -0.712833 0.067614 0.698067
vn -0.712833 0.067614 0.698067
vn -0.712833 0.067614 0.698067
vn -0.443609 -0.059115 -0.894269
vn -0.443609 -0.059115 -0.894269
vn -0.443609 -0.059115 -0.894269
vn 0.949242 -0.250755 -0.189897
vn 0.949242 -0.250755 -0.189897
vn 0.949242 -0.250755 -0.189897
vn -0.853806 0.265134 0.448017
vn -0.853806 0.265134 0.448017
vn -0.853806 0.265134 0.448017
vn 0.067112 -0.996278 -0.054098
vn 0.067112 -0.996278 -0.054098
vn 0.067112 -0.996278 -0.054098
vn -0.832228 0.373184 0.410037
vn -0.832228 0.373184 0.410037
vn -0.832228 0.373184 0.410037
vn -0.717183 0.536453 0.444822
vn -0.717183 0.536453 0.444822
vn -0.717183 0.536453 0.444822
vn -0.645043 0.756533 -0.107599
vn -0.645043 0.756533 -0.107599
vn -0.645043 0.756533 -0.107599
vn 0.650325 -0.250553 -0.717147
vn 0.650325 -0.250553 -0.717147
vn 0.650325 -0.250553 -0.717147
vn -0.668260 0.405872 0.623455
vn -0.668260 0.405872 0.623455
vn -0.668260 0.405872 0.623455
vn -0.604501 0.536393 0.588949
vn -0.604501 0.536393 0.588949
vn -0.604501 0.536393 0.588949
vn -0.454853 0.340928 -0.822725
vn -0.454853 0.340928 -0.822725
vn -0.454853 0.340928 -0.822725
vn -0.645883 -0.437832 0.625410
vn -0.645883 -0.437832 0.625410
vn -0.645883 -0.437832 0.625410
vn -0.715159 -0.283638 0.638824
vn -0.715159 -0.283638 0.638824
vn -0.715159 -0.283638 0.638824
vn -0.795300 -0.213932 0.567213
vn -0.795300 -0.213932 0.567213
vn -0.795300 -0.213932 0.567213
vn -0.795883 -0.130310 0.591261
vn -0.795883 -0.130310 0.591261
vn -0.795883 -0.130310 0.591261
vn -0.859832 0.295868 0.416115
vn -0.859832 0.295868 0.416115
vn -0.859832 0.295868 0.416115
vn -0.780268 0.432481 0.451821
vn -0.780268 0.432481 0.451821
vn -0.780268 0.432481 0.451821
vn -0.519029 0.676771 0.522102
vn -0.519029 0.676771 0.522102
vn -0.519029 0.676771 0.522102
vn -0.414706 0.810358 0.413931
vn -0.414706 0.810358 0.413931
vn -0.414706 0.810358 0.413931
vn -0.532190 0.511703 0.674487
vn -0.532190 0.511703 0.674487
vn -0.532190 0.511703 0.674487
vn -0.017099 0.392286 0.919684
vn -0.017099 0.392286 0.919684
vn -0.017099 0.392286 0.919684
vn -0.511904 0.775364 0.369819
vn -0.511904 0.775364 0.369819
vn -0.511904 0.775364 0.369819
vn -0.587003 0.608913 0.533528
vn -0.587003 0.608913 0.533528
vn -0.587003 0.608913 0.533528
vn -0.523735 -0.518186 0.676154
vn -0.523735 -0.518186 0.676154
vn -0.523735 -0.518186 0.676154
vn -0.763056 0.059518 0.643586
vn -0.763056 0.059518 0.643586
vn -0.763056 0.059518 0.643586
vn 0.835090 -0.528805 -0.151625
vn 0.835090 -0.528805 -0.151625
vn 0.835090 -0.528805 -0.151625
vn -0.555128 0.562201 0.612996
vn -0.555128 0.562201 0.612996
vn -0.555128 0.562201 0.612996
vn -0.474803 0.471656 0.743036
vn -0.474803 0.471656 0.743036
vn -0.474803 0.471656 0.743036
vn -0.193991 0.508885 -0.838692
vn -0.193991 0.508885 -0.838692
vn -0.193991 0.508885 -0.838692
vn -0.674655 0.253668 0.693176
vn -0.674655 0.253668 0.693176
vn -0.674655 0.253668 0.693176
vn -0.673969 0.209881 0.708319
vn -0.673969 0.209881 0.708319
vn -0.673969 0.209881 0.708319
vn -0.781835 -0.255962 0.568522
vn -0.781835 -0.255962 0.568522
vn -0.781835 -0.255962 0.568522
vn -0.780785 0.269468 0.563704
vn -0.780785 0.269468 0.563704
vn -0.780785 0.269468 0.563704
vn -0.546724 0.646637 0.531933
vn -0.546724 0.646637 0.531933
vn -0.546724 0.646637 0.531933
vn 0.729854 -0.681518 -0.053348
vn 0.729854 -0.681518 -0.053348
vn 0.729854 -0.681518 -0.053348
vn -0.418829 -0.577236 0.700985
vn -0.418829 -0.577236 0.700985
vn -0.418829 -0.577236 0.700985
vn -0.322899 0.742119 0.587363
vn -0.322899 0.742119 0.587363
vn -0.322899 0.742119 0.587363
vn 0.484649 0.570233 0.663287
vn 0.484649 0.570233 0.663287
vn 0.484649 0.570233 0.663287
vn -0.223878 0.376774 -0.898844
vn -0.223878 0.376774 -0.898844
vn -0.223878 0.376774 -0.898844
vn -0.529401 -0.369941 -0.763465
vn -0.529401 -0.369941 -0.763465
vn -0.529401 -0.369941 -0.763465
vn -0.273003 -0.030781 -0.961521
vn -0.273003 -0.030781 -0.961521
vn -0.273003 -0.030781 -0.961521
vn -0.714700 0.094304 -0.693044
vn -0.714700 0.094304 -0.693044
vn -0.714700 0.094304 -0.693044
vn -0.703735 -0.232994 0.671171
vn -0.703735 -0.232994 0.671171
vn -0.703735 -0.232994 0.671171
vn -0.743214 -0.046831 0.667413
vn -0.743214 -0.046831 0.667413
vn -0.743214 -0.046831 0.667413
vn 0.443923 -0.598009 -0.667321
vn 0.443923 -0.598009 -0.667321
vn 0.443923 -0.598009 -0.667321
vn -0.167137 0.004494 0.985924
vn -0.167137 0.004494 0.985923
vn -0.167137 0.004494 0.985923
vn -0.699967 0.326458 0.635194
vn -0.699967 0.326458 0.635194
vn -0.699967 0.326458 0.635194
vn -0.955206 0.295336 -0.018936
vn -0.955206 0.295336 -0.018936
vn -0.955206 0.295336 -0.018936
vn -0.446330 0.836527 0.317825
vn -0.446330 0.836527 0.317825
vn -0.446330 0.836527 0.317825
vn -0.466629 0.705889 0.532896
vn -0.466629 0.705889 0.532896
vn -0.466629 0.705889 0.532896
vn -0.653048 0.086810 0.752324
vn -0.653048 0.086810 0.752324
vn -0.653048 0.086810 0.752324
vn -0.825210 0.190598 0.531696
vn -0.825210 0.190598 0.531696
vn -0.825210 0.190598 0.531696
vn -0.840075 0.292959 0.456562
vn -0.840075 0.292959 0.456562
vn -0.840075 0.292959 0.456562
vn -0.240734 -0.192660 -0.951278
vn -0.240734 -0.192660 -0.951278
vn -0.240734 -0.192660 -0.951278
vn 0.360999 0.350518 -0.864185
vn 0.360999 0.350519 -0.864185
vn 0.360999 0.350518 -0.864185
vn -0.055072 0.624972 -0.778702
vn -0.055072 0.624972 -0.778703
vn -0.055072 0.624972 -0.778702
vn -0.153257 0.342392 -0.926974
vn -0.153257 0.342392 -0.926974
vn -0.153257 0.342392 -0.926974
vn -0.032363 0.589959 -0.806784
vn -0.032363 0.589959 -0.806784
vn -0.032363 0.589959 -0.806784
vn -0.022273 0.905378 -0.424022
vn -0.022273 0.905378 -0.424022
vn -0.022273 0.905378 -0.424022
vn 0.023203 0.910204 -0.413510
vn 0.023203 0.910204 -0.413510
vn 0.023203 0.910204 -0.413510
vn 0.035339 0.693588 -0.719504
vn 0.035339 0.693588 -0.719504
vn 0.035339 0.693588 -0.719504
vn -0.192089 -0.439560 0.877433
vn -0.192089 -0.439560 0.877433
vn -0.192089 -0.439560 0.877433
vn 0.305024 0.676003 -0.670806
vn 0.305024 0.676003 -0.670806
vn 0.305024 0.676003 -0.670806
vn 0.200116 0.824641 -0.529075
vn 0.200116 0.824641 -0.529075
vn 0.200116 0.824641 -0.529075
vn 0.530395 0.370959 -0.762279
vn 0.530395 0.370959 -0.762279
vn 0.530395 0.370959 -0.762279
vn -0.336839 -0.016112 0.941424
vn -0.336839 -0.016112 0.941424
vn -0.336839 -0.016112 0.941424
vn -0.994406 -0.009387 0.105209
vn -0.994406 -0.009387 0.105209
vn -0.994406 -0.009387 0.105209
vn -0.907005 -0.148833 -0.393942
vn -0.907005 -0.148833 -0.393942
vn -0.907005 -0.148833 -0.393942
vn -0.311240 0.517413 -0.797128
vn -0.311240 0.517413 -0.797128
vn -0.311240 0.517413 -0.797128
vn -0.664886 0.200689 -0.719479
vn -0.664886 0.200689 -0.719479
vn -0.664886 0.200689 -0.719479
vn -0.632961 -0.568101 -0.525949
vn -0.632961 -0.568101 -0.525949
vn -0.632961 -0.568101 -0.525949
vn -0.514011 -0.351601 -0.782413
vn -0.514011 -0.351601 -0.782413
vn -0.514011 -0.351601 -0.782413
vn 0.451769 -0.810503 -0.372812
vn 0.451769 -0.810503 -0.372812
vn 0.451769 -0.810503 -0.372812
vn -0.674247 -0.414429 -0.611260
vn -0.674247 -0.414429 -0.611260
vn -0.674247 -0.414429 -0.611260
vn -0.722105 0.033632 -0.690965
vn -0.722105 0.033632 -0.690965
vn -0.722105 0.033632 -0.690965
vn -0.960159 0.010540 -0.279256
vn -0.960159 0.010540 -0.279256
vn -0.960159 0.010540 -0.279256
vn -0.602639 -0.554324 -0.574065
vn -0.602639 -0.554324 -0.574065
vn -0.602639 -0.554324 -0.574065
vn -0.945951 0.003594 -0.324291
vn -0.945950 0.003594 -0.324291
vn -0.945951 0.003594 -0.324291
vn -0.959676 0.058590 -0.274935
vn -0.959676 0.058590 -0.274936
vn -0.959676 0.058590 -0.274936
vn -0.913162 -0.202799 -0.353564
vn -0.913162 -0.202799 -0.353564
vn -0.913162 -0.202799 -0.353564
vn -0.533875 -0.527086 -0.661179
vn -0.533875 -0.527086 -0.661179
vn -0.533875 -0.527086 -0.661179
vn -0.332518 -0.671967 -0.661734
vn -0.332518 -0.671967 -0.661734
vn -0.332518 -0.671967 -0.661734
vn -0.807224 -0.399666 -0.434346
vn -0.807224 -0.399666 -0.434346
vn -0.807224 -0.399666 -0.434346
vn -0.514277 -0.623757 -0.588597
vn -0.514277 -0.623757 -0.588597
vn -0.514277 -0.623757 -0.588597
vn -0.969544 0.239712 0.050227
vn -0.969544 0.239712 0.050227
vn -0.969544 0.239712 0.050227
vn -0.975847 0.133615 -0.172828
vn -0.975847 0.133615 -0.172828
vn -0.975847 0.133615 -0.172828
vn -0.687268 -0.471419 -0.552654
vn -0.687268 -0.471419 -0.552654
vn -0.687268 -0.471419 -0.552654
vn -0.810126 0.552541 0.195946
vn -0.810126 0.552541 0.195946
vn -0.810126 0.552541 0.195946
vn -0.967027 -0.092909 -0.237123
vn -0.967027 -0.092909 -0.237123
vn -0.967027 -0.092909 -0.237123
vn -0.908087 -0.211885 -0.361225
vn -0.908087 -0.211885 -0.361225
vn -0.908087 -0.211885 -0.361225
vn -0.764249 -0.495183 -0.413179
vn -0.764249 -0.495183 -0.413179
vn -0.764249 -0.495183 -0.413179
vn -0.355087 0.910582 -0.211552
vn -0.355087 0.910582 -0.211552
vn -0.355087 0.910582 -0.211552
vn -0.375067 -0.724645 -0.578113
vn -0.375067 -0.724645 -0.578113
vn -0.375067 -0.724645 -0.578113
vn -0.669856 -0.558555 -0.489193
vn -0.669856 -0.558555 -0.489193
vn -0.669856 -0.558555 -0.489193
vn -0.674809 -0.556170 -0.485086
vn -0.674809 -0.556170 -0.485086
vn -0.674809 -0.556170 -0.485086
vn -0.981780 -0.062326 -0.179510
vn -0.981780 -0.062326 -0.179510
vn -0.981780 -0.062326 -0.179510
vn -0.478388 -0.630730 -0.611003
vn -0.478388 -0.630730 -0.611003
vn -0.478388 -0.630730 -0.611003
vn -0.993575 0.036429 -0.107156
vn -0.993575 0.036429 -0.107156
vn -0.993575 0.036429 -0.107156
vn -0.971606 0.149403 -0.183465
vn -0.971606 0.149403 -0.183465
vn -0.971606 0.149403 -0.183465
vn -0.618357 -0.657542 -0.430434
vn -0.618357 -0.657542 -0.430434
vn -0.618357 -0.657542 -0.430434
vn -0.468148 -0.739009 -0.484462
vn -0.468148 -0.739009 -0.484462
vn -0.468148 -0.739009 -0.484463
vn -0.895272 -0.310687 0.319315
vn -0.895272 -0.310687 0.319315
vn -0.895272 -0.310687 0.319315
vn -0.974012 0.151626 -0.168258
vn -0.974012 0.151626 -0.168258
vn -0.974012 0.151626 -0.168258
vn -0.903091 -0.322870 -0.283163
vn -0.903091 -0.322870 -0.283163
vn -0.903091 -0.322870 -0.283163
vn -0.838868 -0.456583 -0.296364
vn -0.838868 -0.456583 -0.296364
vn -0.838868 -0.456583 -0.296364
vn -0.793074 -0.395530 -0.463238
vn -0.793074 -0.395530 -0.463238
vn -0.793074 -0.395530 -0.463238
vn -0.549591 -0.666761 -0.503369
vn -0.549591 -0.666761 -0.503369
vn -0.549591 -0.666761 -0.503369
vn 0.010339 0.761431 -0.648163
vn 0.010339 0.761431 -0.648163
vn 0.010339 0.761431 -0.648163
vn -0.837591 0.538776 0.090342
vn -0.837591 0.538776 0.090342
vn -0.837591 0.538776 0.090342
vn -0.898421 -0.355189 -0.258226
vn -0.898421 -0.355189 -0.258226
vn -0.898421 -0.355189 -0.258226
vn -0.978296 0.186289 0.090735
vn -0.978296 0.186289 0.090735
vn -0.978296 0.186289 0.090735
vn -0.761485 -0.571669 -0.305509
vn -0.761485 -0.571669 -0.305509
vn -0.761485 -0.571669 -0.305509
vn -0.931116 0.318825 0.177123
vn -0.931117 0.318825 0.177123
vn -0.931117 0.318825 0.177123
vn 0.117582 0.544921 -0.830202
vn 0.117582 0.544921 -0.830202
vn 0.117582 0.544921 -0.830202
vn -0.421088 0.687139 -0.592051
vn -0.421088 0.687139 -0.592051
vn -0.421088 0.687139 -0.592051
vn -0.977870 -0.167951 -0.124753
vn -0.977870 -0.167951 -0.124753
vn -0.977870 -0.167951 -0.124753
vn -0.577781 -0.802862 -0.146910
vn -0.577781 -0.802862 -0.146910
vn -0.577781 -0.802862 -0.146910
vn -0.968600 0.221262 -0.113393
vn -0.968600 0.221262 -0.113393
vn -0.968600 0.221262 -0.113393
vn -0.981441 -0.070416 -0.178366
vn -0.981441 -0.070416 -0.178366
vn -0.981441 -0.070416 -0.178366
vn -0.114508 0.663406 -0.739446
vn -0.114508 0.663406 -0.739446
vn -0.114508 0.663406 -0.739446
vn -0.435168 -0.850190 0.296320
vn -0.435168 -0.850190 0.296320
vn -0.435168 -0.850190 0.296320
vn -0.977890 0.125970 -0.166921
vn -0.977890 0.125970 -0.166921
vn -0.977890 0.125970 -0.166921
vn -0.101555 -0.993686 -0.047694
vn -0.101555 -0.993686 -0.047694
vn -0.101555 -0.993686 -0.047694
vn -0.046970 0.608732 -0.791984
vn -0.046970 0.608732 -0.791984
vn -0.046970 0.608732 -0.791984
vn -0.003074 0.386950 -0.922095
vn -0.003074 0.386950 -0.922095
vn -0.003074 0.386950 -0.922095
vn -0.670203 -0.357840 -0.650214
vn -0.670203 -0.357840 -0.650214
vn -0.670203 -0.357840 -0.650214
vn -0.623291 -0.188097 -0.759031
vn -0.623291 -0.188097 -0.759031
vn -0.623291 -0.188097 -0.759031
vn -0.766406 0.063707 -0.639189
vn -0.766407 0.063707 -0.639189
vn -0.766407 0.063707 -0.639189
vn -0.751521 0.117535 -0.649154
vn -0.751521 0.117535 -0.649154
vn -0.751521 0.117535 -0.649154
vn -0.939280 0.309495 -0.148211
vn -0.939280 0.309495 -0.148211
vn -0.939280 0.309495 -0.148211
vn -0.768368 -0.538040 -0.346588
vn -0.768368 -0.538040 -0.346588
vn -0.768368 -0.538040 -0.346588
vn 0.493765 0.663173 -0.562493
vn 0.493765 0.663173 -0.562493
vn 0.493765 0.663173 -0.562493
vn -0.787902 -0.363132 -0.497338
vn -0.787902 -0.363132 -0.497338
vn -0.787902 -0.363132 -0.497338
vn -0.826893 -0.321161 -0.461631
vn -0.826893 -0.321161 -0.461631
vn -0.826893 -0.321161 -0.461631
vn -0.514762 0.654225 -0.554084
vn -0.514762 0.654225 -0.554084
vn -0.514762 0.654225 -0.554084
vn -0.870477 0.230651 -0.434822
vn -0.870477 0.230651 -0.434822
vn -0.870477 0.230651 -0.434822
vn -0.541993 -0.739929 -0.398434
vn -0.541993 -0.739929 -0.398434
vn -0.541993 -0.739929 -0.398434
vn -0.825868 -0.469144 -0.312803
vn -0.825868 -0.469144 -0.312803
vn -0.825868 -0.469144 -0.312803
vn -0.933476 0.190691 0.303742
vn -0.933476 0.190691 0.303742
vn -0.933476 0.190691 0.303742
vn 0.244441 0.561256 -0.790721
vn 0.244441 0.561256 -0.790721
vn 0.244441 0.561256 -0.790721
vn -0.074078 0.492586 -0.867105
vn -0.074078 0.492586 -0.867105
vn -0.074078 0.492586 -0.867105
vn 0.842704 0.535447 0.056104
vn 0.842704 0.535446 0.056104
vn 0.842704 0.535446 0.056104
vn -0.828144 -0.311726 -0.465836
vn -0.828144 -0.311726 -0.465836
vn -0.828144 -0.311727 -0.465836
vn -0.779414 -0.368084 -0.506980
vn -0.779414 -0.368084 -0.506980
vn -0.779414 -0.368084 -0.506980
vn -0.881710 -0.261256 -0.392851
vn -0.881710 -0.261256 -0.392851
vn -0.881710 -0.261256 -0.392851
vn -0.914239 0.000641 -0.405175
vn -0.914239 0.000641 -0.405175
vn -0.914239 0.000641 -0.405175
vn -0.916385 0.008110 -0.400217
vn -0.916385 0.008110 -0.400217
vn -0.916385 0.008110 -0.400217
vn -0.821313 0.405407 -0.401361
vn -0.821313 0.405407 -0.401361
vn -0.821313 0.405407 -0.401361
vn -0.810585 0.420947 -0.407130
vn -0.810585 0.420947 -0.407130
vn -0.810585 0.420947 -0.407130
vn -0.997118 0.075068 -0.010966
vn -0.997118 0.075068 -0.010966
vn -0.997118 0.075068 -0.010966
vn -0.030941 0.319147 -0.947200
vn -0.030941 0.319147 -0.947200
vn -0.030941 0.319147 -0.947200
vn -0.044227 0.710805 -0.701997
vn -0.044227 0.710805 -0.701997
vn -0.044227 0.710805 -0.701997
vn -0.760184 -0.267832 -0.591935
vn -0.760184 -0.267832 -0.591935
vn -0.760184 -0.267832 -0.591935
vn -0.959213 0.040572 -0.279757
vn -0.959213 0.040572 -0.279757
vn -0.959213 0.040572 -0.279757
vn -0.835031 0.246283 -0.492004
vn -0.835031 0.246283 -0.492004
vn -0.835031 0.246283 -0.492004
vn 0.287430 0.675255 0.679276
vn 0.287430 0.675255 0.679276
vn 0.287430 0.675255 0.679276
vn -0.570893 -0.726212 -0.383012
vn -0.570893 -0.726211 -0.383012
vn -0.570893 -0.726211 -0.383012
vn -0.529287 0.807574 -0.260153
vn -0.529287 0.807574 -0.260153
vn -0.529287 0.807574 -0.260153
vn -0.931289 -0.364193 -0.008076
vn -0.931289 -0.364193 -0.008076
vn -0.931289 -0.364193 -0.008076
vn 0.162631 0.766470 -0.621350
vn 0.162631 0.766469 -0.621350
vn 0.162631 0.766469 -0.621350
vn 0.247596 0.567819 -0.785034
vn 0.247596 0.567819 -0.785034
vn 0.247596 0.567819 -0.785034
vn -0.779069 -0.239362 -0.579445
vn -0.779069 -0.239362 -0.579445
vn -0.779069 -0.239362 -0.579445
vn -0.784125 -0.357275 -0.507448
vn -0.784125 -0.357275 -0.507448
vn -0.784125 -0.357275 -0.507448
vn -0.884024 0.342612 -0.317992
vn -0.884024 0.342612 -0.317992
vn -0.884024 0.342612 -0.317992
vn -0.973065 0.014199 0.230094
vn -0.973065 0.014199 0.230094
vn -0.973065 0.014199 0.230094
vn -0.749186 -0.580502 -0.318963
vn -0.749187 -0.580502 -0.318963
vn -0.749187 -0.580502 -0.318963
vn -0.934253 -0.295510 -0.199612
vn -0.934253 -0.295510 -0.199612
vn -0.934253 -0.295510 -0.199612
vn -0.134184 0.754551 -0.642376
vn -0.134184 0.754551 -0.642376
vn -0.134184 0.754551 -0.642376
vn -0.915511 -0.276034 -0.292650
vn -0.915511 -0.276034 -0.292650
vn -0.915511 -0.276034 -0.292650
vn -0.759755 -0.263606 -0.594377
vn -0.759755 -0.263606 -0.594377
vn -0.759755 -0.263606 -0.594377
vn -0.904369 -0.265830 -0.333843
vn -0.904369 -0.265830 -0.333843
vn -0.904369 -0.265830 -0.333843
vn -0.728222 0.632084 -0.264882
vn -0.728222 0.632084 -0.264882
vn -0.728222 0.632084 -0.264882
vn -0.683623 -0.678718 -0.268331
vn -0.683623 -0.678718 -0.268331
vn -0.683623 -0.678718 -0.268331
vn -0.981438 -0.188322 -0.036268
vn -0.981438 -0.188322 -0.036268
vn -0.981438 -0.188322 -0.036268
vn -0.953090 -0.033842 -0.300790
vn -0.953090 -0.033842 -0.300790
vn -0.953090 -0.033842 -0.300790
vn -0.761329 0.626517 -0.166894
vn -0.761329 0.626517 -0.166894
vn -0.761329 0.626517 -0.166894
vn -0.995715 -0.092466 -0.001095
vn -0.995715 -0.092466 -0.001095
vn -0.995715 -0.092466 -0.001095
vn 0.087968 0.781884 0.617186
vn 0.087968 0.781884 0.617186
vn 0.087968 0.781884 0.617186
vn 0.331275 -0.273549 0.903010
vn 0.331275 -0.273549 0.903010
vn 0.331275 -0.273549 0.903010
vn 0.183882 0.683929 -0.705995
vn 0.183882 0.683929 -0.705995
vn 0.183882 0.683929 -0.705995
vn -0.739878 -0.136701 -0.658706
vn -0.739878 -0.136701 -0.658706
vn -0.739878 -0.136701 -0.658706
vn -0.906990 -0.298117 -0.297483
vn -0.906990 -0.298117 -0.297483
vn -0.906990 -0.298117 -0.297483
vn -0.886524 -0.308309 -0.344994
vn -0.886524 -0.308309 -0.344994
vn -0.886524 -0.308309 -0.344994
vn -0.986668 -0.045080 -0.156381
vn -0.986668 -0.045080 -0.156381
vn -0.986668 -0.045080 -0.156381
vn -0.862831 -0.353162 0.361662
vn -0.862831 -0.353162 0.361662
vn -0.862831 -0.353162 0.361662
vn -0.073278 0.276235 0.958293
vn -0.073278 0.276235 0.958292
vn -0.073278 0.276235 0.958292
vn -0.886586 -0.098828 -0.451883
vn -0.886586 -0.098828 -0.451883
vn -0.886586 -0.098828 -0.451883
vn -0.747688 0.486443 -0.452034
vn -0.747688 0.486443 -0.452034
vn -0.747688 0.486443 -0.452034
vn -0.749058 0.456194 -0.480416
vn -0.749058 0.456194 -0.480416
vn -0.749058 0.456194 -0.480416
vn -0.676725 0.520502 -0.520693
vn -0.676725 0.520502 -0.520693
vn -0.676725 0.520502 -0.520693
vn -0.736843 0.319741 0.595674
vn -0.736843 0.319741 0.595674
vn -0.736843 0.319741 0.595674
vn -0.931992 -0.189079 -0.309256
vn -0.931992 -0.189079 -0.309256
vn -0.931992 -0.189079 -0.309256
vn -0.907192 -0.296505 -0.298475
vn -0.907192 -0.296505 -0.298475
vn -0.907192 -0.296505 -0.298475
vn -0.922281 -0.056449 -0.382375
vn -0.922281 -0.056449 -0.382375
vn -0.922282 -0.056449 -0.382375
vn -0.793466 0.355823 -0.493764
vn -0.793466 0.355823 -0.493764
vn -0.793466 0.355823 -0.493763
vn -0.784297 0.361806 -0.503959
vn -0.784297 0.361806 -0.503959
vn -0.784297 0.361806 -0.503959
vn -0.908363 0.177010 0.378873
vn -0.908363 0.177010 0.378873
vn -0.908362 0.177010 0.378873
vn -0.836224 -0.163820 0.523347
vn -0.836224 -0.163820 0.523347
vn -0.836224 -0.163820 0.523347
vn -0.934898 0.293523 0.199525
vn -0.934898 0.293523 0.199525
vn -0.934898 0.293523 0.199525
vn -0.795443 -0.320433 0.514386
vn -0.795443 -0.320433 0.514386
vn -0.795443 -0.320433 0.514386
vn -0.909162 -0.293569 -0.295366
vn -0.909162 -0.293569 -0.295366
vn -0.909162 -0.293569 -0.295367
vn -0.928014 -0.265231 -0.261616
vn -0.928014 -0.265231 -0.261616
vn -0.928014 -0.265231 -0.261616
vn -0.903395 0.070832 -0.422920
vn -0.903395 0.070832 -0.422920
vn -0.903395 0.070832 -0.422920
vn -0.909883 -0.032252 -0.413610
vn -0.909883 -0.032252 -0.413610
vn -0.909883 -0.032252 -0.413610
vn -0.632079 0.302971 -0.713221
vn -0.632079 0.302971 -0.713221
vn -0.632079 0.302971 -0.713221
vn -0.724298 -0.597558 -0.343971
vn -0.724298 -0.597558 -0.343971
vn -0.724298 -0.597558 -0.343971
vn -0.978427 0.108470 0.175825
vn -0.978427 0.108470 0.175825
vn -0.978427 0.108470 0.175825
vn -0.074764 0.070455 -0.994709
vn -0.074764 0.070455 -0.994709
vn -0.074764 0.070455 -0.994709
vn -0.780177 -0.217891 -0.586384
vn -0.780177 -0.217891 -0.586384
vn -0.780177 -0.217891 -0.586384
vn -0.940457 -0.220792 -0.258439
vn -0.940457 -0.220792 -0.258439
vn -0.940457 -0.220792 -0.258439
vn 0.991762 0.070012 -0.107270
vn 0.991762 0.070012 -0.107270
vn 0.991762 0.070012 -0.107270
vn -0.862379 -0.506120 -0.012024
vn -0.862379 -0.506120 -0.012024
vn -0.862379 -0.506120 -0.012024
vn -0.017878 -0.993486 0.112542
vn -0.017878 -0.993486 0.112542
vn -0.017878 -0.993486 0.112542
vn -0.661262 -0.747638 -0.061409
vn -0.661262 -0.747637 -0.061409
vn -0.661262 -0.747637 -0.061409
vn -0.989354 0.108467 -0.097028
vn -0.989353 0.108467 -0.097028
vn -0.989354 0.108467 -0.097028
vn 0.237583 0.809038 -0.537597
vn 0.237583 0.809038 -0.537598
vn 0.237583 0.809038 -0.537598
vn 0.075841 0.539417 -0.838617
vn 0.075841 0.539417 -0.838617
vn 0.075841 0.539417 -0.838617
vn -0.701423 0.431347 -0.567403
vn -0.701423 0.431347 -0.567403
vn -0.701423 0.431347 -0.567403
vn -0.700078 0.403995 -0.588794
vn -0.700078 0.403995 -0.588794
vn -0.700078 0.403995 -0.588794
vn -0.586670 0.809091 0.034504
vn -0.586670 0.809091 0.034504
vn -0.586670 0.809091 0.034504
vn -0.887581 -0.024599 -0.459994
vn -0.887581 -0.024599 -0.459994
vn -0.887581 -0.024599 -0.459994
vn -0.896660 -0.257602 -0.360057
vn -0.896660 -0.257602 -0.360057
vn -0.896660 -0.257602 -0.360057
vn -0.921165 -0.231563 -0.312782
vn -0.921165 -0.231563 -0.312782
vn -0.921165 -0.231563 -0.312782
vn -0.191329 0.765532 -0.614292
vn -0.191329 0.765532 -0.614292
vn -0.191329 0.765532 -0.614292
vn -0.928483 -0.276591 0.247823
vn -0.928483 -0.276591 0.247823
vn -0.928483 -0.276591 0.247823
vn -0.956748 -0.045329 0.287363
vn -0.956748 -0.045329 0.287363
vn -0.956748 -0.045329 0.287363
vn -0.687037 -0.720026 -0.097686
vn -0.687037 -0.720026 -0.097686
vn -0.687037 -0.720026 -0.097686
vn -0.757590 -0.645477 -0.097041
vn -0.757590 -0.645477 -0.097041
vn -0.757590 -0.645477 -0.097041
vn -0.960954 -0.237186 -0.142510
vn -0.960954 -0.237186 -0.142510
vn -0.960954 -0.237186 -0.142510
vn -0.939227 0.321406 -0.120631
vn -0.939227 0.321406 -0.120631
vn -0.939227 0.321406 -0.120631
vn -0.986743 -0.068724 -0.147023
vn -0.986743 -0.068724 -0.147023
vn -0.986743 -0.068724 -0.147023
vn -0.924684 0.138602 -0.354612
vn -0.924684 0.138602 -0.354612
vn -0.924684 0.138602 -0.354612
vn -0.905316 -0.295652 -0.304948
vn -0.905316 -0.295652 -0.304948
vn -0.905316 -0.295652 -0.304948
vn -0.839796 0.542349 -0.024515
vn -0.839796 0.542349 -0.024515
vn -0.839796 0.542349 -0.024515
vn -0.989600 0.002429 -0.143829
vn -0.989599 0.002429 -0.143829
vn -0.989600 0.002429 -0.143829
vn -0.735558 -0.586349 -0.339336
vn -0.735558 -0.586349 -0.339336
vn -0.735558 -0.586349 -0.339336
vn -0.634618 0.008437 -0.772780
vn -0.634618 0.008437 -0.772780
vn -0.634618 0.008437 -0.772780
vn -0.355443 0.833264 0.423476
vn -0.355443 0.833264 0.423476
vn -0.355443 0.833264 0.423476
vn -0.936474 0.138096 -0.322406
vn -0.936474 0.138096 -0.322406
vn -0.936474 0.138096 -0.322406
vn 0.125192 -0.774793 -0.619695
vn 0.125192 -0.774793 -0.619695
vn 0.125192 -0.774794 -0.619695
vn -0.366847 0.893572 -0.258751
vn -0.366847 0.893572 -0.258751
vn -0.366847 0.893572 -0.258751
vn -0.904701 -0.294623 -0.307756
vn -0.904701 -0.294623 -0.307756
vn -0.904701 -0.294623 -0.307756
vn -0.926307 -0.227411 -0.300400
vn -0.926307 -0.227411 -0.300400
vn -0.926306 -0.227411 -0.300400
vn -0.981556 -0.131420 0.138840
vn -0.981556 -0.131420 0.138840
vn -0.981556 -0.131420 0.138840
vn -0.717393 -0.613663 -0.329796
vn -0.717393 -0.613663 -0.329796
vn -0.717393 -0.613663 -0.329796
vn -0.692865 -0.608245 -0.387267
vn -0.692865 -0.608245 -0.387267
vn -0.692865 -0.608245 -0.387267
vn -0.717243 0.301089 -0.628417
vn -0.717243 0.301089 -0.628417
vn -0.717243 0.301089 -0.628417
vn -0.613087 0.409515 -0.675590
vn -0.613087 0.409515 -0.675590
vn -0.613087 0.409515 -0.675590
vn -0.822540 0.518088 -0.234548
vn -0.822540 0.518088 -0.234548
vn -0.822540 0.518088 -0.234548
vn -0.805686 0.498992 -0.319182
vn -0.805686 0.498992 -0.319182
vn -0.805686 0.498992 -0.319182
vn -0.942871 -0.046185 -0.329941
vn -0.942871 -0.046185 -0.329941
vn -0.942871 -0.046185 -0.329941
vn -0.275904 0.277305 -0.920314
vn -0.275904 0.277305 -0.920314
vn -0.275904 0.277305 -0.920314
vn -0.214817 -0.702873 -0.678103
vn -0.214817 -0.702873 -0.678103
vn -0.214817 -0.702873 -0.678103
vn -0.520225 0.736409 -0.432514
vn -0.520225 0.736409 -0.432514
vn -0.520225 0.736409 -0.432514
vn -0.969310 0.243794 -0.031672
vn -0.969310 0.243794 -0.031672
vn -0.969310 0.243794 -0.031672
vn -0.994893 0.036186 0.094225
vn -0.994893 0.036186 0.094225
vn -0.994893 0.036186 0.094225
vn -0.915790 -0.375487 -0.142614
vn -0.915790 -0.375487 -0.142614
vn -0.915790 -0.375487 -0.142614
vn -0.974987 0.175616 0.136232
vn -0.974987 0.175616 0.136232
vn -0.974987 0.175616 0.136232
vn -0.899839 0.419981 -0.117920
vn -0.899839 0.419981 -0.117920
vn -0.899839 0.419981 -0.117920
vn -0.786191 0.589030 -0.186942
vn -0.786191 0.589030 -0.186942
vn -0.786191 0.589030 -0.186942
vn -0.961922 -0.113850 -0.248483
vn -0.961922 -0.113850 -0.248483
vn -0.961922 -0.113850 -0.248483
vn -0.801320 -0.350993 -0.484448
vn -0.801320 -0.350993 -0.484448
vn -0.801320 -0.350993 -0.484448
vn -0.668442 -0.640159 -0.378659
vn -0.668442 -0.640159 -0.378659
vn -0.668442 -0.640159 -0.378659
vn -0.936233 0.344008 0.071593
vn -0.936233 0.344008 0.071593
vn -0.936233 0.344008 0.071593
vn -0.913728 -0.181847 -0.363364
vn -0.913728 -0.181847 -0.363364
vn -0.913728 -0.181847 -0.363364
vn -0.911620 -0.253147 -0.323830
vn -0.911620 -0.253147 -0.323830
vn -0.911620 -0.253147 -0.323830
vn -0.911916 -0.252462 -0.323531
vn -0.911916 -0.252463 -0.323531
vn -0.911916 -0.252462 -0.323531
vn 0.558316 0.254483 -0.789634
vn 0.558316 0.254483 -0.789634
vn 0.558316 0.254483 -0.789634
vn -0.193518 0.151683 -0.969300
vn -0.193518 0.151683 -0.969300
vn -0.193518 0.151683 -0.969300
vn -0.967239 0.251130 -0.037181
vn -0.967239 0.251130 -0.037181
vn -0.967239 0.251130 -0.037181
vn -0.981202 -0.189738 -0.035246
vn -0.981202 -0.189738 -0.035246
vn -0.981202 -0.189738 -0.035246
vn -0.848950 0.433091 0.302847
vn -0.848950 0.433091 0.302847
vn -0.848950 0.433091 0.302847
vn -0.804983 -0.566014 -0.177851
vn -0.804983 -0.566014 -0.177851
vn -0.804983 -0.566014 -0.177851
vn -0.988290 0.022330 0.150943
vn -0.988290 0.022330 0.150943
vn -0.988290 0.022330 0.150943
vn -0.565953 0.744218 -0.354734
vn -0.565953 0.744218 -0.354734
vn -0.565953 0.744218 -0.354734
vn -0.863301 0.394495 -0.314776
vn -0.863301 0.394495 -0.314776
vn -0.863301 0.394495 -0.314776
vn -0.974299 -0.113457 -0.194601
vn -0.974299 -0.113457 -0.194601
vn -0.974299 -0.113457 -0.194601
vn 0.499781 0.589753 -0.634359
vn 0.499781 0.589753 -0.634359
vn 0.499781 0.589753 -0.634359
vn -0.012423 -0.987776 0.155383
vn -0.012423 -0.987776 0.155383
vn -0.012423 -0.987776 0.155383
vn -0.850290 0.524075 -0.048495
vn -0.850290 0.524075 -0.048495
vn -0.850290 0.524075 -0.048495
vn -0.507109 -0.661940 -0.551974
vn -0.507109 -0.661940 -0.551974
vn -0.507109 -0.661940 -0.551974
vn -0.695795 -0.652773 0.299595
vn -0.695795 -0.652773 0.299595
vn -0.695795 -0.652773 0.299595
vn -0.982260 0.181957 0.045348
vn -0.982260 0.181957 0.045348
vn -0.982260 0.181957 0.045348
vn -0.842731 0.538282 -0.007575
vn -0.842731 0.538282 -0.007575
vn -0.842731 0.538282 -0.007575
vn -0.878696 0.472335 -0.069233
vn -0.878696 0.472335 -0.069233
vn -0.878696 0.472335 -0.069233
vn -0.992957 0.095564 0.070025
vn -0.992957 0.095564 0.070025
vn -0.992957 0.095564 0.070025
vn -0.803222 -0.504956 0.315996
vn -0.803222 -0.504956 0.315996
vn -0.803222 -0.504956 0.315996
vn -0.956818 0.175378 -0.231825
vn -0.956818 0.175378 -0.231825
vn -0.956818 0.175378 -0.231825
vn -0.843604 0.410187 -0.346524
vn -0.843604 0.410187 -0.346524
vn -0.843604 0.410187 -0.346524
vn -0.760870 0.571611 -0.307145
vn -0.760870 0.571611 -0.307145
vn -0.760870 0.571611 -0.307145
vn -0.777708 0.623499 0.080119
vn -0.777708 0.623499 0.080119
vn -0.777708 0.623499 0.080119
vn -0.866681 0.449220 -0.216943
vn -0.866681 0.449220 -0.216943
vn -0.866681 0.449220 -0.216943
vn -0.959108 -0.015185 -0.282634
vn -0.959108 -0.015185 -0.282634
vn -0.959108 -0.015185 -0.282634
vn 0.334920 0.330878 -0.882241
vn 0.334920 0.330878 -0.882241
vn 0.334920 0.330878 -0.882241
vn -0.003177 0.603058 -0.797691
vn -0.003177 0.603058 -0.797691
vn -0.003177 0.603058 -0.797691
vn -0.774644 0.436107 -0.457970
vn -0.774644 0.436107 -0.457970
vn -0.774644 0.436107 -0.457970
vn -0.918284 0.297471 -0.261276
vn -0.918284 0.297471 -0.261276
vn -0.918284 0.297471 -0.261276
vn -0.862374 0.503537 0.052561
vn -0.862374 0.503537 0.052561
vn -0.862374 0.503537 0.052561
vn -0.617054 0.704322 -0.350962
vn -0.617054 0.704322 -0.350962
vn -0.617054 0.704322 -0.350962
vn -0.551244 0.739070 -0.387176
vn -0.551244 0.739070 -0.387176
vn -0.551244 0.739070 -0.387176
vn -0.674622 -0.646106 -0.356977
vn -0.674622 -0.646106 -0.356977
vn -0.674622 -0.646106 -0.356977
vn -0.994755 -0.011002 -0.101695
vn -0.994755 -0.011002 -0.101695
vn -0.994755 -0.011002 -0.101695
vn -0.801495 -0.063502 0.594620
vn -0.801495 -0.063502 0.594620
vn -0.801495 -0.063502 0.594620
vn -0.216338 0.757276 0.616224
vn -0.216338 0.757276 0.616224
vn -0.216338 0.757276 0.616224
vn -0.987429 0.150906 0.047028
vn -0.987429 0.150906 0.047028
vn -0.987429 0.150906 0.047028
vn -0.618090 0.410191 -0.670603
vn -0.618090 0.410191 -0.670603
vn -0.618090 0.410191 -0.670603
vn -0.933399 -0.248408 -0.258959
vn -0.933399 -0.248408 -0.258959
vn -0.933399 -0.248408 -0.258959
vn 0.388016 0.531232 -0.753151
vn 0.388016 0.531232 -0.753151
vn 0.388016 0.531232 -0.753151
vn 0.161680 0.960381 -0.226998
vn 0.161680 0.960381 -0.226997
vn 0.161680 0.960381 -0.226997
vn 0.482322 0.386096 -0.786318
vn 0.482322 0.386096 -0.786318
vn 0.482322 0.386096 -0.786318
vn -0.842149 -0.537323 0.045482
vn -0.842149 -0.537323 0.045482
vn -0.842149 -0.537323 0.045482
vn -0.631373 0.710964 -0.309675
vn -0.631373 0.710964 -0.309675
vn -0.631373 0.710964 -0.309675
vn -0.329554 0.279184 -0.901915
vn -0.329554 0.279184 -0.901915
vn -0.329554 0.279184 -0.901915
vn -0.851753 -0.501991 -0.150071
vn -0.851753 -0.501991 -0.150071
vn -0.851753 -0.501991 -0.150071
vn -0.876722 -0.463483 -0.128615
vn -0.876722 -0.463484 -0.128615
vn -0.876722 -0.463483 -0.128615
vn -0.940612 0.005907 0.339433
vn -0.940612 0.005907 0.339433
vn -0.940612 0.005907 0.339433
vn -0.980827 -0.147741 0.127089
vn -0.980827 -0.147741 0.127089
vn -0.980827 -0.147741 0.127089
vn -0.528292 0.781067 -0.332928
vn -0.528292 0.781067 -0.332928
vn -0.528292 0.781067 -0.332928
vn -0.894088 -0.036229 -0.446423
vn -0.894088 -0.036229 -0.446423
vn -0.894088 -0.036229 -0.446423
vn -0.929326 -0.249811 -0.271933
vn -0.929326 -0.249811 -0.271933
vn -0.929326 -0.249811 -0.271933
vn 0.361548 0.501139 -0.786221
vn 0.361548 0.501139 -0.786221
vn 0.361548 0.501139 -0.786221
vn -0.669162 -0.318704 -0.671305
vn -0.669162 -0.318704 -0.671305
vn -0.669162 -0.318704 -0.671305
vn -0.113061 -0.990415 0.079343
vn -0.113061 -0.990415 0.079343
vn -0.113061 -0.990415 0.079343
vn -0.177313 0.920849 -0.347272
vn -0.177313 0.920849 -0.347272
vn -0.177313 0.920849 -0.347272
vn -0.947592 0.013784 -0.319186
vn -0.947592 0.013784 -0.319186
vn -0.947592 0.013784 -0.319186
vn -0.912901 0.087723 -0.398643
vn -0.912901 0.087723 -0.398643
vn -0.912901 0.087723 -0.398643
vn -0.554064 -0.729477 0.401094
vn -0.554064 -0.729477 0.401094
vn -0.554064 -0.729477 0.401094
vn -0.817831 0.550718 0.166919
vn -0.817831 0.550718 0.166919
vn -0.817831 0.550718 0.166919
vn 0.140873 -0.670833 0.728105
vn 0.140873 -0.670833 0.728105
vn 0.140873 -0.670833 0.728105
vn -0.625425 0.724831 -0.288902
vn -0.625425 0.724831 -0.288902
vn -0.625425 0.724831 -0.288902
vn -0.834295 0.404059 -0.375085
vn -0.834295 0.404059 -0.375085
vn -0.834295 0.404059 -0.375085
vn -0.758908 0.579345 -0.297351
vn -0.758908 0.579345 -0.297351
vn -0.758908 0.579345 -0.297351
vn -0.878266 0.064736 -0.473770
vn -0.878266 0.064736 -0.473770
vn -0.878266 0.064736 -0.473770
vn -0.879573 0.454252 0.141442
vn -0.879573 0.454252 0.141442
vn -0.879573 0.454252 0.141442
vn 0.242640 0.814211 -0.527433
vn 0.242640 0.814211 -0.527433
vn 0.242640 0.814211 -0.527433
vn -0.709181 -0.546019 -0.446010
vn -0.709181 -0.546019 -0.446010
vn -0.709181 -0.546019 -0.446010
vn -0.958612 0.250787 -0.134791
vn -0.958612 0.250787 -0.134791
vn -0.958612 0.250787 -0.134791
vn -0.803869 -0.567083 -0.179474
vn -0.803869 -0.567083 -0.179474
vn -0.803869 -0.567083 -0.179474
vn -0.974658 -0.145210 0.170164
vn -0.974658 -0.145210 0.170164
vn -0.974658 -0.145210 0.170164
vn 0.888089 -0.006800 0.459621
vn 0.888089 -0.006800 0.459621
vn 0.888089 -0.006800 0.459621
vn -0.940417 -0.331776 0.074440
vn -0.940417 -0.331776 0.074440
vn -0.940417 -0.331776 0.074440
vn -0.995710 -0.084590 0.037484
vn -0.995710 -0.084590 0.037484
vn -0.995711 -0.084590 0.037484
vn 0.212727 0.615148 0.759171
vn 0.212727 0.615148 0.759171
vn 0.212727 0.615148 0.759171
vn -0.440012 0.718849 0.538187
vn -0.440012 0.718849 0.538187
vn -0.440012 0.718849 0.538187
vn -0.379872 0.748461 0.543602
vn -0.379872 0.748461 0.543602
vn -0.379872 0.748461 0.543602
vn -0.507504 0.268409 -0.818777
vn -0.507504 0.268409 -0.818777
vn -0.507504 0.268409 -0.818778
vn -0.729034 -0.023818 -0.684062
vn -0.729034 -0.023818 -0.684062
vn -0.729034 -0.023818 -0.684062
vn -0.721316 0.036464 -0.691646
vn -0.721316 0.036464 -0.691646
vn -0.721316 0.036464 -0.691646
vn 0.475388 -0.713899 -0.514153
vn 0.475388 -0.713899 -0.514153
vn 0.475388 -0.713899 -0.514153
vn 0.044893 0.524403 -0.850286
vn 0.044893 0.524403 -0.850286
vn 0.044893 0.524403 -0.850286
vn -0.652584 -0.671767 -0.350519
vn -0.652584 -0.671767 -0.350519
vn -0.652584 -0.671767 -0.350519
vn -0.970463 -0.222167 -0.094036
vn -0.970463 -0.222167 -0.094036
vn -0.970463 -0.222167 -0.094036
vn -0.598854 0.681098 -0.421283
vn -0.598854 0.681098 -0.421283
vn -0.598854 0.681098 -0.421283
vn -0.217806 0.830800 0.512184
vn -0.217806 0.830800 0.512184
vn -0.217806 0.830800 0.512184
vn -0.993911 -0.104517 -0.034894
vn -0.993911 -0.104517 -0.034894
vn -0.993911 -0.104517 -0.034894
vn 0.181766 0.901610 -0.392505
vn 0.181766 0.901610 -0.392505
vn 0.181766 0.901610 -0.392505
vn -0.726790 -0.151000 -0.670057
vn -0.726790 -0.151000 -0.670057
vn -0.726790 -0.151000 -0.670057
vn -0.694312 0.308408 -0.650242
vn -0.694312 0.308408 -0.650242
vn -0.694312 0.308408 -0.650242
vn 0.516934 0.448950 -0.728851
vn 0.516934 0.448950 -0.728851
vn 0.516934 0.448950 -0.728851
vn -0.935630 -0.351771 -0.029233
vn -0.935630 -0.351771 -0.029233
vn -0.935630 -0.351771 -0.029233
vn -0.967204 0.253426 -0.017068
vn -0.967204 0.253426 -0.017068
vn -0.967204 0.253426 -0.017068
vn -0.861199 -0.473680 -0.184292
vn -0.861199 -0.473680 -0.184292
vn -0.861199 -0.473680 -0.184292
vn -0.944380 -0.307068 0.117712
vn -0.944380 -0.307068 0.117712
vn -0.944380 -0.307068 0.117712
vn -0.885418 -0.449472 0.118363
vn -0.885418 -0.449472 0.118363
vn -0.885418 -0.449471 0.118363
vn -0.104787 0.558634 -0.822769
vn -0.104787 0.558633 -0.822769
vn -0.104787 0.558634 -0.822769
vn -0.796490 -0.107889 -0.594948
vn -0.796490 -0.107889 -0.594948
vn -0.796490 -0.107889 -0.594948
vn -0.690170 0.201479 -0.695033
vn -0.690170 0.201479 -0.695033
vn -0.690170 0.201479 -0.695033
vn 0.041834 0.965250 -0.257956
vn 0.041834 0.965250 -0.257956
vn 0.041834 0.965250 -0.257956
vn -0.978287 0.034806 -0.204311
vn -0.978287 0.034806 -0.204311
vn -0.978287 0.034806 -0.204311
vn -0.894988 0.301041 0.329198
vn -0.894988 0.301041 0.329198
vn -0.894988 0.301041 0.329198
vn -0.790249 -0.588585 -0.170513
vn -0.790249 -0.588585 -0.170513
vn -0.790249 -0.588585 -0.170513
vn -0.969331 0.245218 -0.016283
vn -0.969331 0.245218 -0.016283
vn -0.969331 0.245218 -0.016283
vn -0.931057 -0.354149 -0.087811
vn -0.931057 -0.354149 -0.087811
vn -0.931057 -0.354149 -0.087811
vn -0.623642 0.755849 -0.199409
vn -0.623642 0.755849 -0.199409
vn -0.623642 0.755849 -0.199409
vn -0.618391 0.365766 -0.695563
vn -0.618391 0.365766 -0.695563
vn -0.618390 0.365766 -0.695563
vn -0.630629 0.562910 -0.534266
vn -0.630629 0.562910 -0.534266
vn -0.630629 0.562910 -0.534266
vn 0.218427 -0.142182 -0.965440
vn 0.218427 -0.142182 -0.965440
vn 0.218427 -0.142182 -0.965440
vn -0.973807 0.176384 0.143485
vn -0.973807 0.176384 0.143485
vn -0.973807 0.176384 0.143485
vn -0.988320 -0.088245 0.124242
vn -0.988320 -0.088245 0.124242
vn -0.988320 -0.088245 0.124242
vn 0.268049 0.776486 -0.570280
vn 0.268049 0.776486 -0.570280
vn 0.268049 0.776486 -0.570280
vn 0.543852 0.312813 -0.778699
vn 0.543852 0.312813 -0.778699
vn 0.543852 0.312813 -0.778700
vn 0.279113 -0.183893 -0.942486
vn 0.279113 -0.183893 -0.942486
vn 0.279113 -0.183893 -0.942486
vn -0.734835 0.047626 -0.676571
vn -0.734835 0.047626 -0.676571
vn -0.734835 0.047626 -0.676571
vn 0.438818 0.537782 -0.719881
vn 0.438818 0.537782 -0.719881
vn 0.438818 0.537782 -0.719881
vn -0.785146 -0.493288 -0.374450
vn -0.785146 -0.493288 -0.374450
vn -0.785146 -0.493288 -0.374450
vn -0.913677 0.264830 0.308316
vn -0.913677 0.264830 0.308316
vn -0.913677 0.264830 0.308316
vn -0.621044 0.583544 -0.523240
vn -0.621045 0.583544 -0.523240
vn -0.621045 0.583544 -0.523240
vn -0.974066 0.124164 0.189154
vn -0.974066 0.124164 0.189154
vn -0.974066 0.124164 0.189154
vn -0.862034 0.436997 0.256771
vn -0.862034 0.436997 0.256771
vn -0.862034 0.436997 0.256771
vn 0.620696 0.176818 -0.763853
vn 0.620696 0.176818 -0.763853
vn 0.620696 0.176818 -0.763853
vn 0.500133 0.347074 -0.793351
vn 0.500133 0.347074 -0.793351
vn 0.500133 0.347074 -0.793351
vn 0.034067 0.332408 -0.942520
vn 0.034067 0.332408 -0.942520
vn 0.034067 0.332408 -0.942520
vn -0.797603 -0.056411 -0.600539
vn -0.797603 -0.056411 -0.600539
vn -0.797603 -0.056411 -0.600539
vn -0.752381 0.187603 -0.631449
vn -0.752381 0.187603 -0.631449
vn -0.752381 0.187603 -0.631449
vn 0.076776 0.627345 -0.774948
vn 0.076776 0.627345 -0.774948
vn 0.076776 0.627345 -0.774948
vn 0.004486 -0.999768 -0.021080
vn 0.004486 -0.999768 -0.021080
vn 0.004486 -0.999768 -0.021080
vn 0.138804 0.348714 -0.926894
vn 0.138804 0.348714 -0.926894
vn 0.138804 0.348714 -0.926894
vn -0.903008 -0.346945 -0.253388
vn -0.903008 -0.346945 -0.253388
vn -0.903008 -0.346945 -0.253388
vn -0.951544 0.216043 0.218836
vn -0.951544 0.216043 0.218836
vn -0.951544 0.216043 0.218837
vn -0.866536 -0.478210 -0.142936
vn -0.866536 -0.478210 -0.142936
vn -0.866536 -0.478210 -0.142936
vn 0.123175 0.841696 -0.525714
vn 0.123175 0.841696 -0.525714
vn 0.123175 0.841696 -0.525714
vn 0.159198 0.032963 0.986696
vn 0.159198 0.032963 0.986696
vn 0.159198 0.032963 0.986696
vn -0.173720 0.628005 -0.758572
vn -0.173720 0.628005 -0.758572
vn -0.173720 0.628005 -0.758572
vn -0.958036 -0.190152 -0.214499
vn -0.958036 -0.190152 -0.214499
vn -0.958036 -0.190152 -0.214499
vn -0.685008 -0.174535 -0.707320
vn -0.685008 -0.174535 -0.707320
vn -0.685008 -0.174535 -0.707320
vn -0.749515 -0.028032 -0.661393
vn -0.749515 -0.028032 -0.661393
vn -0.749515 -0.028032 -0.661393
vn 0.015937 -0.999618 -0.022592
vn 0.015937 -0.999618 -0.022592
vn 0.015937 -0.999618 -0.022592
vn -0.176869 0.645932 -0.742623
vn -0.176869 0.645932 -0.742623
vn -0.176869 0.645932 -0.742623
vn -0.190102 0.791344 -0.581064
vn -0.190102 0.791344 -0.581064
vn -0.190102 0.791344 -0.581064
vn 0.104259 0.362855 -0.925995
vn 0.104259 0.362855 -0.925995
vn 0.104259 0.362855 -0.925995
vn 0.141818 0.357799 -0.922967
vn 0.141818 0.357799 -0.922967
vn 0.141818 0.357799 -0.922967
vn -0.083645 0.816774 -0.570862
vn -0.083645 0.816774 -0.570862
vn -0.083645 0.816774 -0.570862
vn 0.299680 0.417393 -0.857890
vn 0.299680 0.417393 -0.857890
vn 0.299680 0.417393 -0.857890
vn -0.001125 0.894483 -0.447100
vn -0.001125 0.894483 -0.447100
vn -0.001125 0.894483 -0.447100
vn -0.485798 0.614471 0.621631
vn -0.485798 0.614471 0.621631
vn -0.485798 0.614471 0.621631
vn -0.314371 0.718342 -0.620609
vn -0.314371 0.718342 -0.620609
vn -0.314371 0.718342 -0.620609
vn -0.863546 -0.057668 -0.500962
vn -0.863546 -0.057668 -0.500962
vn -0.863546 -0.057668 -0.500962
vn -0.541168 -0.578704 -0.610113
vn -0.541168 -0.578704 -0.610113
vn -0.541168 -0.578704 -0.610113
vn -0.500292 -0.748907 -0.434565
vn -0.500292 -0.748907 -0.434565
vn -0.500292 -0.748907 -0.434565
vn -0.703352 -0.190543 -0.684828
vn -0.703352 -0.190543 -0.684828
vn -0.703352 -0.190543 -0.684828
vn -0.249744 0.909311 -0.332838
vn -0.249744 0.909311 -0.332838
vn -0.249744 0.909311 -0.332838
vn 0.041123 0.548787 -0.834950
vn 0.041123 0.548787 -0.834950
vn 0.041123 0.548787 -0.834950
vn -0.133232 0.734622 -0.665267
vn -0.133232 0.734622 -0.665267
vn -0.133232 0.734622 -0.665267
vn -0.470809 -0.343980 -0.812414
vn -0.470809 -0.343980 -0.812414
vn -0.470809 -0.343980 -0.812414
vn -0.803894 -0.487370 -0.340918
vn -0.803894 -0.487370 -0.340918
vn -0.803894 -0.487370 -0.340918
vn -0.898697 0.214811 -0.382361
vn -0.898697 0.214811 -0.382361
vn -0.898697 0.214811 -0.382361
vn -0.737246 -0.187699 -0.649028
vn -0.737246 -0.187699 -0.649028
vn -0.737246 -0.187699 -0.649028
vn -0.859100 -0.511807 0.000794
vn -0.859100 -0.511807 0.000794
vn -0.859100 -0.511807 0.000794
vn -0.500375 0.647191 -0.575124
vn -0.500375 0.647191 -0.575124
vn -0.500375 0.647191 -0.575124
vn -0.753214 -0.360851 -0.549960
vn -0.753214 -0.360851 -0.549960
vn -0.753214 -0.360851 -0.549960
vn -0.774626 -0.461029 -0.432905
vn -0.774626 -0.461030 -0.432905
vn -0.774626 -0.461029 -0.432905
vn -0.689385 -0.203922 -0.695100
vn -0.689385 -0.203922 -0.695100
vn -0.689385 -0.203922 -0.695100
vn -0.842425 -0.002798 -0.538807
vn -0.842425 -0.002798 -0.538807
vn -0.842425 -0.002798 -0.538807
vn -0.761886 0.193847 -0.618024
vn -0.761886 0.193847 -0.618024
vn -0.761886 0.193847 -0.618024
vn -0.756369 0.215259 -0.617714
vn -0.756368 0.215259 -0.617714
vn -0.756368 0.215259 -0.617714
vn -0.681212 0.368541 -0.632556
vn -0.681212 0.368541 -0.632556
vn -0.681212 0.368541 -0.632556
vn 0.791600 0.376524 -0.481247
vn 0.791600 0.376525 -0.481247
vn 0.791600 0.376525 -0.481247
vn 0.270506 -0.172560 -0.947127
vn 0.270506 -0.172560 -0.947127
vn 0.270506 -0.172560 -0.947127
vn 0.068071 0.936360 -0.344377
vn 0.068071 0.936360 -0.344377
vn 0.068071 0.936360 -0.344377
vn -0.727987 -0.033724 -0.684761
vn -0.727987 -0.033724 -0.684761
vn -0.727987 -0.033724 -0.684761
vn -0.994068 0.105718 -0.025552
vn -0.994068 0.105718 -0.025552
vn -0.994068 0.105718 -0.025552
vn -0.991630 0.128414 0.013393
vn -0.991630 0.128414 0.013393
vn -0.991630 0.128414 0.013393
vn -0.653199 0.712014 -0.257619
vn -0.653199 0.712014 -0.257619
vn -0.653199 0.712014 -0.257619
vn -0.799984 0.593657 -0.087160
vn -0.799984 0.593657 -0.087160
vn -0.799984 0.593657 -0.087160
vn 0.093308 0.631318 -0.769890
vn 0.093308 0.631318 -0.769890
vn 0.093308 0.631318 -0.769890
vn -0.493209 -0.725641 -0.479782
vn -0.493208 -0.725641 -0.479782
vn -0.493209 -0.725641 -0.479782
vn -0.562243 -0.690099 -0.455682
vn -0.562243 -0.690099 -0.455682
vn -0.562243 -0.690099 -0.455682
vn -0.822456 -0.274422 -0.498256
vn -0.822456 -0.274422 -0.498256
vn -0.822456 -0.274422 -0.498256
vn -0.843365 -0.176776 -0.507431
vn -0.843365 -0.176776 -0.507431
vn -0.843365 -0.176776 -0.507431
vn -0.874347 0.072941 -0.479788
vn -0.874347 0.072941 -0.479788
vn -0.874347 0.072941 -0.479788
vn -0.719897 0.153056 -0.676995
vn -0.719897 0.153056 -0.676995
vn -0.719897 0.153056 -0.676995
vn -0.683149 0.223085 -0.695371
vn -0.683149 0.223085 -0.695371
vn -0.683149 0.223085 -0.695371
vn 0.072960 0.176117 -0.981662
vn 0.072960 0.176117 -0.981662
vn 0.072960 0.176117 -0.981662
vn -0.090127 0.413129 -0.906202
vn -0.090127 0.413129 -0.906202
vn -0.090127 0.413129 -0.906202
vn 0.045409 0.628295 -0.776649
vn 0.045409 0.628295 -0.776649
vn 0.045409 0.628295 -0.776649
vn -0.473228 0.128684 -0.871491
vn -0.473227 0.128684 -0.871491
vn -0.473228 0.128684 -0.871491
vn -0.964229 -0.120854 -0.235917
vn -0.964229 -0.120854 -0.235917
vn -0.964229 -0.120854 -0.235917
vn -0.955406 0.096391 -0.279122
vn -0.955406 0.096391 -0.279122
vn -0.955406 0.096391 -0.279122
vn -0.728578 0.528918 -0.435224
vn -0.728578 0.528918 -0.435224
vn -0.728578 0.528918 -0.435224
vn -0.677302 0.566894 -0.468927
vn -0.677302 0.566894 -0.468927
vn -0.677302 0.566894 -0.468927
vn -0.427204 0.802973 -0.415609
vn -0.427204 0.802973 -0.415609
vn -0.427204 0.802973 -0.415609
vn -0.847936 0.100489 -0.520487
vn -0.847936 0.100489 -0.520487
vn -0.847936 0.100489 -0.520487
vn -0.877284 -0.275493 -0.393034
vn -0.877284 -0.275493 -0.393034
vn -0.877284 -0.275493 -0.393034
vn -0.573061 -0.620133 -0.535758
vn -0.573061 -0.620133 -0.535758
vn -0.573061 -0.620133 -0.535758
vn -0.654063 -0.712441 -0.254223
vn -0.654063 -0.712441 -0.254223
vn -0.654063 -0.712441 -0.254223
vn -0.749685 -0.600511 -0.278136
vn -0.749685 -0.600511 -0.278136
vn -0.749685 -0.600511 -0.278136
vn -0.812227 -0.434044 -0.389734
vn -0.812227 -0.434044 -0.389734
vn -0.812227 -0.434044 -0.389734
vn -0.873715 -0.200322 -0.443275
vn -0.873715 -0.200322 -0.443275
vn -0.873715 -0.200322 -0.443275
vn -0.889813 0.075556 -0.450026
vn -0.889813 0.075556 -0.450026
vn -0.889813 0.075556 -0.450026
vn -0.707810 0.348589 -0.614402
vn -0.707810 0.348589 -0.614402
vn -0.707810 0.348589 -0.614402
vn 0.319074 0.861118 -0.395812
vn 0.319074 0.861118 -0.395812
vn 0.319074 0.861118 -0.395812
vn -0.110698 0.245439 -0.963071
vn -0.110698 0.245440 -0.963071
vn -0.110698 0.245440 -0.963071
vn -0.753503 0.131147 -0.644231
vn -0.753503 0.131147 -0.644231
vn -0.753503 0.131147 -0.644231
vn -0.731097 0.170662 -0.660585
vn -0.731097 0.170662 -0.660585
vn -0.731097 0.170662 -0.660585
vn -0.943220 0.294674 -0.153309
vn -0.943220 0.294674 -0.153309
vn -0.943220 0.294674 -0.153309
vn -0.287903 -0.816535 -0.500383
vn -0.287903 -0.816535 -0.500383
vn -0.287903 -0.816535 -0.500383
vn 0.585595 0.591712 0.554035
vn 0.585595 0.591712 0.554035
vn 0.585595 0.591712 0.554035
vn 0.808827 0.468078 -0.355952
vn 0.808827 0.468078 -0.355952
vn 0.808827 0.468078 -0.355952
vn -0.460358 0.655856 -0.598267
vn -0.460358 0.655856 -0.598267
vn -0.460358 0.655856 -0.598267
vn 0.021382 -0.999430 -0.026109
vn 0.021382 -0.999430 -0.026109
vn 0.021382 -0.999430 -0.026109
vn -0.841307 -0.223950 -0.491985
vn -0.841307 -0.223950 -0.491985
vn -0.841307 -0.223950 -0.491984
vn -0.964465 -0.001015 -0.264209
vn -0.964465 -0.001015 -0.264209
vn -0.964465 -0.001015 -0.264209
vn -0.891092 0.190945 -0.411697
vn -0.891092 0.190945 -0.411697
vn -0.891092 0.190945 -0.411697
vn -0.870474 0.283099 -0.402654
vn -0.870474 0.283099 -0.402654
vn -0.870474 0.283099 -0.402654
vn -0.804978 0.353593 -0.476427
vn -0.804978 0.353593 -0.476427
vn -0.804978 0.353593 -0.476427
vn -0.219199 0.796483 -0.563530
vn -0.219199 0.796483 -0.563530
vn -0.219199 0.796483 -0.563530
vn 0.253493 -0.962863 0.092932
vn 0.253493 -0.962863 0.092932
vn 0.253493 -0.962863 0.092932
vn -0.828926 0.085522 -0.552782
vn -0.828926 0.085522 -0.552782
vn -0.828926 0.085522 -0.552782
vn -0.738975 0.189291 -0.646594
vn -0.738975 0.189291 -0.646595
vn -0.738975 0.189291 -0.646595
vn -0.721749 0.285657 -0.630460
vn -0.721749 0.285657 -0.630459
vn -0.721748 0.285657 -0.630460
vn -0.690231 0.369929 -0.621879
vn -0.690231 0.369929 -0.621879
vn -0.690231 0.369929 -0.621879
vn -0.594713 0.679494 -0.429656
vn -0.594713 0.679494 -0.429656
vn -0.594713 0.679494 -0.429656
vn -0.413579 0.803476 -0.428227
vn -0.413579 0.803476 -0.428227
vn -0.413579 0.803476 -0.428227
vn -0.402578 0.821922 -0.402958
vn -0.402578 0.821922 -0.402958
vn -0.402578 0.821922 -0.402958
vn -0.776515 -0.026591 -0.629537
vn -0.776515 -0.026591 -0.629537
vn -0.776515 -0.026591 -0.629537
vn -0.894779 -0.331846 -0.298745
vn -0.894779 -0.331846 -0.298745
vn -0.894779 -0.331846 -0.298745
vn -0.900031 0.176435 -0.398516
vn -0.900031 0.176435 -0.398515
vn -0.900031 0.176435 -0.398516
vn -0.807056 -0.041936 -0.588984
vn -0.807056 -0.041936 -0.588984
vn -0.807056 -0.041936 -0.588984
vn -0.803767 0.029167 -0.594228
vn -0.803767 0.029167 -0.594228
vn -0.803767 0.029167 -0.594228
vn 0.559965 0.161923 -0.812539
vn 0.559965 0.161923 -0.812539
vn 0.559965 0.161923 -0.812539
vn -0.608159 0.160407 -0.777439
vn -0.608159 0.160407 -0.777439
vn -0.608159 0.160407 -0.777439
vn -0.810259 0.232663 -0.537912
vn -0.810259 0.232663 -0.537912
vn -0.810259 0.232663 -0.537912
vn -0.668765 0.261866 -0.695830
vn -0.668765 0.261866 -0.695830
vn -0.668765 0.261866 -0.695830
vn -0.713932 0.369149 -0.595004
vn -0.713932 0.369149 -0.595004
vn -0.713932 0.369150 -0.595004
vn -0.975464 0.116555 -0.186774
vn -0.975464 0.116555 -0.186774
vn -0.975464 0.116555 -0.186774
vn -0.729114 -0.611462 -0.307419
vn -0.729114 -0.611462 -0.307419
vn -0.729114 -0.611462 -0.307419
vn -0.896536 -0.305942 -0.320349
vn -0.896536 -0.305942 -0.320349
vn -0.896536 -0.305942 -0.320349
vn -0.807940 -0.521764 -0.273854
vn -0.807940 -0.521764 -0.273854
vn -0.807940 -0.521764 -0.273854
vn -0.949821 0.073588 -0.304015
vn -0.949821 0.073588 -0.304015
vn -0.949821 0.073588 -0.304015
vn -0.624242 -0.415858 -0.661350
vn -0.624242 -0.415858 -0.661350
vn -0.624242 -0.415858 -0.661350
vn -0.611628 -0.438250 -0.658672
vn -0.611628 -0.438250 -0.658672
vn -0.611628 -0.438250 -0.658672
vn -0.851883 -0.058652 -0.520437
vn -0.851883 -0.058652 -0.520437
vn -0.851883 -0.058652 -0.520437
vn -0.701426 0.229123 -0.674911
vn -0.701425 0.229123 -0.674911
vn -0.701425 0.229123 -0.674911
vn 0.523841 0.454433 -0.720473
vn 0.523841 0.454433 -0.720473
vn 0.523841 0.454433 -0.720473
vn -0.765103 0.245028 -0.595465
vn -0.765103 0.245028 -0.595465
vn -0.765103 0.245028 -0.595465
vn -0.797525 0.269806 -0.539592
vn -0.797525 0.269806 -0.539592
vn -0.797525 0.269806 -0.539592
vn -0.761095 0.484007 -0.431823
vn -0.761095 0.484007 -0.431822
vn -0.761095 0.484007 -0.431823
vn -0.734552 0.605878 -0.305524
vn -0.734552 0.605878 -0.305524
vn -0.734552 0.605878 -0.305524
vn -0.682734 0.730602 -0.009743
vn -0.682734 0.730602 -0.009743
vn -0.682734 0.730602 -0.009743
vn -0.827810 0.530769 -0.181701
vn -0.827810 0.530768 -0.181701
vn -0.827810 0.530768 -0.181701
vn -0.980208 0.135554 0.144282
vn -0.980208 0.135554 0.144282
vn -0.980208 0.135554 0.144282
vn -0.708381 0.658953 0.252937
vn -0.708382 0.658953 0.252937
vn -0.708381 0.658953 0.252937
vn -0.734180 0.652988 -0.185974
vn -0.734180 0.652988 -0.185974
vn -0.734180 0.652988 -0.185974
vn -0.975119 0.125798 -0.182533
vn -0.975119 0.125798 -0.182533
vn -0.975119 0.125798 -0.182533
vn -0.865534 -0.474322 -0.160843
vn -0.865534 -0.474322 -0.160843
vn -0.865534 -0.474322 -0.160843
vn -0.585848 -0.749941 -0.307198
vn -0.585848 -0.749941 -0.307198
vn -0.585848 -0.749941 -0.307198
vn -0.654237 -0.710473 -0.259233
vn -0.654237 -0.710473 -0.259233
vn -0.654237 -0.710473 -0.259233
vn -0.727902 -0.615223 -0.302753
vn -0.727902 -0.615223 -0.302753
vn -0.727902 -0.615223 -0.302753
vn -0.877269 -0.291846 -0.381085
vn -0.877269 -0.291846 -0.381085
vn -0.877269 -0.291846 -0.381085
vn -0.939879 0.065881 -0.335094
vn -0.939879 0.065881 -0.335094
vn -0.939879 0.065881 -0.335094
vn -0.931859 -0.015468 -0.362491
vn -0.931859 -0.015468 -0.362491
vn -0.931859 -0.015468 -0.362491
vn -0.905373 0.173233 -0.387673
vn -0.905373 0.173233 -0.387673
vn -0.905373 0.173233 -0.387673
vn -0.804884 0.335771 -0.489306
vn -0.804884 0.335771 -0.489306
vn -0.804884 0.335771 -0.489306
vn -0.852423 0.130873 -0.506209
vn -0.852423 0.130873 -0.506209
vn -0.852423 0.130873 -0.506209
vn -0.867413 0.161337 -0.470707
vn -0.867413 0.161337 -0.470707
vn -0.867413 0.161337 -0.470707
vn -0.855726 0.212453 -0.471802
vn -0.855726 0.212453 -0.471802
vn -0.855726 0.212453 -0.471802
vn -0.693311 0.278209 -0.664770
vn -0.693312 0.278209 -0.664770
vn -0.693312 0.278209 -0.664770
vn -0.650293 0.311479 -0.692892
vn -0.650293 0.311479 -0.692892
vn -0.650293 0.311479 -0.692892
vn -0.832543 0.131065 -0.538232
vn -0.832543 0.131065 -0.538232
vn -0.832543 0.131065 -0.538232
vn -0.802305 0.554338 -0.221395
vn -0.802305 0.554338 -0.221395
vn -0.802305 0.554338 -0.221395
vn -0.823931 0.541583 -0.166813
vn -0.823931 0.541583 -0.166813
vn -0.823931 0.541583 -0.166813
vn -0.989545 0.067768 -0.127308
vn -0.989545 0.067768 -0.127308
vn -0.989545 0.067768 -0.127308
vn -0.943940 -0.062180 -0.324208
vn -0.943940 -0.062180 -0.324208
vn -0.943940 -0.062180 -0.324208
vn -0.625127 -0.426947 -0.653400
vn -0.625127 -0.426947 -0.653400
vn -0.625127 -0.426947 -0.653400
vn -0.733750 0.177711 -0.655766
vn -0.733751 0.177711 -0.655766
vn -0.733750 0.177711 -0.655766
vn -0.485201 0.725320 -0.488356
vn -0.485201 0.725320 -0.488356
vn -0.485201 0.725320 -0.488356
vn 0.486735 0.124572 -0.864622
vn 0.486735 0.124572 -0.864622
vn 0.486735 0.124572 -0.864622
vn -0.112962 -0.426427 -0.897440
vn -0.112962 -0.426427 -0.897441
vn -0.112962 -0.426427 -0.897440
vn -0.557269 0.809721 -0.183855
vn -0.557269 0.809721 -0.183855
vn -0.557269 0.809721 -0.183855
vn -0.672286 0.740025 0.019880
vn -0.672286 0.740025 0.019880
vn -0.672286 0.740025 0.019880
vn -0.393215 0.889603 -0.232356
vn -0.393215 0.889603 -0.232355
vn -0.393215 0.889603 -0.232355
vn -0.417879 0.874682 -0.245577
vn -0.417879 0.874682 -0.245577
vn -0.417879 0.874682 -0.245577
vn -0.077728 0.473774 -0.877210
vn -0.077728 0.473774 -0.877210
vn -0.077728 0.473774 -0.877210
vn -0.775378 -0.602557 -0.188981
vn -0.775378 -0.602558 -0.188981
vn -0.775378 -0.602557 -0.188981
vn -0.899086 -0.307547 -0.311542
vn -0.899086 -0.307547 -0.311542
vn -0.899086 -0.307547 -0.311542
vn -0.908969 0.112850 -0.401297
vn -0.908969 0.112850 -0.401297
vn -0.908969 0.112850 -0.401297
vn -0.930982 -0.026719 -0.364086
vn -0.930982 -0.026719 -0.364086
vn -0.930982 -0.026719 -0.364086
vn -0.901130 0.181524 -0.393718
vn -0.901130 0.181524 -0.393718
vn -0.901130 0.181524 -0.393718
vn -0.886947 0.296232 -0.354361
vn -0.886947 0.296232 -0.354361
vn -0.886947 0.296232 -0.354361
vn -0.917549 0.054266 -0.393902
vn -0.917549 0.054266 -0.393902
vn -0.917549 0.054266 -0.393902
vn -0.820408 0.324746 -0.470607
vn -0.820408 0.324746 -0.470607
vn -0.820408 0.324746 -0.470607
vn -0.484819 -0.189956 0.853737
vn -0.484819 -0.189956 0.853737
vn -0.484819 -0.189956 0.853737
vn -0.933964 0.318643 0.161797
vn -0.933964 0.318643 0.161797
vn -0.933964 0.318643 0.161797
vn -0.680049 0.731703 -0.046315
vn -0.680049 0.731703 -0.046315
vn -0.680049 0.731703 -0.046315
vn -0.974612 0.172751 0.142436
vn -0.974612 0.172751 0.142436
vn -0.974612 0.172751 0.142436
vn -0.340426 0.935760 -0.091993
vn -0.340426 0.935760 -0.091993
vn -0.340426 0.935760 -0.091993
vn -0.979995 0.179322 0.086327
vn -0.979995 0.179322 0.086327
vn -0.979995 0.179322 0.086327
vn -0.965899 -0.209127 0.152661
vn -0.965899 -0.209127 0.152661
vn -0.965899 -0.209127 0.152661
vn -0.023212 -0.412368 -0.910721
vn -0.023212 -0.412368 -0.910722
vn -0.023212 -0.412368 -0.910721
vn 0.014907 -0.288143 -0.957472
vn 0.014907 -0.288143 -0.957472
vn 0.014907 -0.288143 -0.957472
vn -0.245032 -0.086558 -0.965643
vn -0.245032 -0.086558 -0.965643
vn -0.245032 -0.086558 -0.965643
vn -0.751327 -0.597547 -0.280080
vn -0.751327 -0.597547 -0.280080
vn -0.751327 -0.597547 -0.280080
vn -0.827417 -0.505799 -0.244026
vn -0.827417 -0.505799 -0.244026
vn -0.827417 -0.505799 -0.244026
vn -0.887763 -0.396632 -0.233579
vn -0.887763 -0.396632 -0.233579
vn -0.887763 -0.396632 -0.233579
vn -0.716237 -0.430505 -0.549245
vn -0.716237 -0.430505 -0.549245
vn -0.716237 -0.430504 -0.549245
vn -0.702838 -0.417305 -0.576086
vn -0.702838 -0.417305 -0.576086
vn -0.702838 -0.417305 -0.576086
vn -0.855465 -0.130051 -0.501264
vn -0.855465 -0.130051 -0.501264
vn -0.855465 -0.130051 -0.501264
vn 0.374918 0.545907 -0.749281
vn 0.374918 0.545907 -0.749281
vn 0.374918 0.545907 -0.749281
vn 0.401164 0.270394 -0.875188
vn 0.401164 0.270394 -0.875188
vn 0.401164 0.270394 -0.875188
vn 0.482018 0.537471 -0.691942
vn 0.482018 0.537471 -0.691942
vn 0.482018 0.537471 -0.691942
vn 0.651127 -0.249205 -0.716890
vn 0.651127 -0.249205 -0.716890
vn 0.651127 -0.249205 -0.716890
vn 0.419178 0.292199 -0.859599
vn 0.419178 0.292199 -0.859599
vn 0.419178 0.292199 -0.859599
vn -0.066907 0.758858 -0.647810
vn -0.066907 0.758858 -0.647810
vn -0.066907 0.758858 -0.647810
vn 0.623183 0.747991 -0.228369
vn 0.623183 0.747991 -0.228369
vn 0.623183 0.747991 -0.228369
vn -0.013188 0.737756 -0.674938
vn -0.013188 0.737756 -0.674938
vn -0.013188 0.737756 -0.674938
vn -0.252234 0.604800 -0.755378
vn -0.252234 0.604800 -0.755378
vn -0.252234 0.604800 -0.755378
vn 0.669342 -0.693150 -0.267440
vn 0.669342 -0.693150 -0.267440
vn 0.669342 -0.693150 -0.267440
vn -0.100810 0.690463 -0.716309
vn -0.100810 0.690463 -0.716309
vn -0.100810 0.690463 -0.716309
vn 0.150199 0.886503 -0.437668
vn 0.150199 0.886503 -0.437668
vn 0.150199 0.886503 -0.437668
vn -0.330568 0.890398 -0.312916
vn -0.330568 0.890398 -0.312916
vn -0.330568 0.890398 -0.312916
vn 0.576958 0.618881 -0.533016
vn 0.576958 0.618881 -0.533016
vn 0.576958 0.618881 -0.533016
vn 0.539456 0.635362 -0.552542
vn 0.539455 0.635362 -0.552542
vn 0.539455 0.635362 -0.552542
vn -0.132063 0.018946 -0.991060
vn -0.132063 0.018946 -0.991060
vn -0.132063 0.018946 -0.991060
vn 0.728040 0.153086 -0.668223
vn 0.728040 0.153086 -0.668223
vn 0.728040 0.153087 -0.668223
vn -0.347183 0.904737 -0.246808
vn -0.347183 0.904737 -0.246808
vn -0.347183 0.904737 -0.246808
vn -0.172084 0.910320 -0.376437
vn -0.172084 0.910320 -0.376437
vn -0.172084 0.910320 -0.376437
vn 0.401656 0.322240 -0.857224
vn 0.401656 0.322240 -0.857224
vn 0.401656 0.322240 -0.857224
vn 0.162549 0.349271 -0.922815
vn 0.162549 0.349271 -0.922815
vn 0.162549 0.349271 -0.922815
vn 0.817233 0.542795 0.193660
vn 0.817233 0.542795 0.193660
vn 0.817233 0.542795 0.193660
vn 0.992616 0.103831 0.062706
vn 0.992616 0.103831 0.062706
vn 0.992616 0.103831 0.062706
vn 0.159150 -0.972118 -0.172212
vn 0.159150 -0.972118 -0.172212
vn 0.159150 -0.972119 -0.172212
vn 0.454702 0.730910 -0.508937
vn 0.454702 0.730910 -0.508937
vn 0.454702 0.730910 -0.508937
vn 0.531612 0.545633 -0.647822
vn 0.531612 0.545633 -0.647822
vn 0.531612 0.545633 -0.647822
vn 0.448191 0.373533 -0.812156
vn 0.448191 0.373533 -0.812156
vn 0.448191 0.373533 -0.812156
vn -0.033705 0.472307 -0.880789
vn -0.033705 0.472307 -0.880790
vn -0.033705 0.472307 -0.880790
vn 0.922948 -0.101939 -0.371180
vn 0.922948 -0.101939 -0.371180
vn 0.922948 -0.101939 -0.371180
vn 0.323867 -0.438823 0.838179
vn 0.323867 -0.438823 0.838179
vn 0.323867 -0.438823 0.838179
vn 0.699598 0.430299 -0.570443
vn 0.699598 0.430299 -0.570443
vn 0.699598 0.430299 -0.570443
vn 0.914975 -0.126329 -0.383226
vn 0.914975 -0.126329 -0.383226
vn 0.914975 -0.126329 -0.383226
vn 0.686922 0.288194 -0.667145
vn 0.686922 0.288194 -0.667145
vn 0.686922 0.288194 -0.667145
vn 0.693311 0.429508 -0.578656
vn 0.693311 0.429508 -0.578656
vn 0.693311 0.429508 -0.578656
vn -0.274452 -0.946454 -0.170005
vn -0.274452 -0.946454 -0.170005
vn -0.274452 -0.946454 -0.170005
vn 0.621308 0.159928 -0.767072
vn 0.621308 0.159928 -0.767072
vn 0.621308 0.159928 -0.767072
vn 0.190201 0.472881 -0.860353
vn 0.190201 0.472881 -0.860353
vn 0.190201 0.472881 -0.860353
vn 0.303585 0.647678 -0.698820
vn 0.303585 0.647678 -0.698820
vn 0.303585 0.647678 -0.698820
vn -0.107229 0.834388 -0.540646
vn -0.107229 0.834388 -0.540646
vn -0.107229 0.834388 -0.540646
vn -0.112804 0.907556 -0.404497
vn -0.112804 0.907556 -0.404497
vn -0.112804 0.907556 -0.404497
vn 0.346772 0.762884 -0.545672
vn 0.346772 0.762884 -0.545672
vn 0.346772 0.762884 -0.545672
vn 0.494852 0.332085 -0.803020
vn 0.494852 0.332085 -0.803020
vn 0.494852 0.332085 -0.803020
vn 0.425664 0.462657 -0.777662
vn 0.425664 0.462657 -0.777662
vn 0.425664 0.462657 -0.777662
vn 0.402157 0.719066 -0.566758
vn 0.402157 0.719066 -0.566758
vn 0.402157 0.719066 -0.566758
vn 0.535773 0.687632 -0.490011
vn 0.535773 0.687632 -0.490011
vn 0.535773 0.687632 -0.490011
vn 0.450240 0.380463 -0.807795
vn 0.450240 0.380463 -0.807795
vn 0.450240 0.380463 -0.807795
vn 0.387438 0.414312 -0.823551
vn 0.387438 0.414312 -0.823551
vn 0.387438 0.414312 -0.823551
vn 0.364766 0.290227 -0.884711
vn 0.364766 0.290227 -0.884711
vn 0.364766 0.290227 -0.884711
vn 0.234496 0.768886 -0.594833
vn 0.234496 0.768886 -0.594833
vn 0.234496 0.768886 -0.594833
vn 0.340608 0.533878 -0.773925
vn 0.340608 0.533878 -0.773925
vn 0.340608 0.533878 -0.773925
vn 0.429745 0.644118 -0.632797
vn 0.429745 0.644118 -0.632797
vn 0.429745 0.644118 -0.632797
vn 0.186380 0.423452 -0.886539
vn 0.186380 0.423452 -0.886539
vn 0.186380 0.423452 -0.886539
vn 0.215686 0.355651 -0.909391
vn 0.215686 0.355652 -0.909391
vn 0.215686 0.355652 -0.909391
vn -0.088744 0.231329 -0.968820
vn -0.088744 0.231329 -0.968819
vn -0.088744 0.231329 -0.968820
vn 0.679130 0.228096 -0.697678
vn 0.679130 0.228096 -0.697678
vn 0.679130 0.228096 -0.697678
vn -0.306208 0.856945 -0.414586
vn -0.306208 0.856945 -0.414586
vn -0.306208 0.856945 -0.414586
vn -0.610458 0.581945 0.537290
vn -0.610458 0.581945 0.537290
vn -0.610458 0.581945 0.537290
vn -0.586178 0.519374 -0.621808
vn -0.586178 0.519374 -0.621808
vn -0.586178 0.519374 -0.621808
vn 0.034701 -0.997477 0.061933
vn 0.034701 -0.997477 0.061933
vn 0.034701 -0.997477 0.061933
vn 0.391024 0.618060 -0.681984
vn 0.391024 0.618060 -0.681984
vn 0.391024 0.618060 -0.681984
vn 0.341364 0.262971 -0.902395
vn 0.341364 0.262971 -0.902395
vn 0.341364 0.262971 -0.902395
vn 0.647468 0.205711 -0.733804
vn 0.647468 0.205711 -0.733804
vn 0.647468 0.205711 -0.733804
vn -0.548510 0.053772 -0.834413
vn -0.548510 0.053772 -0.834413
vn -0.548510 0.053772 -0.834413
vn -0.729602 -0.131388 0.671132
vn -0.729602 -0.131388 0.671132
vn -0.729602 -0.131388 0.671132
vn 0.739707 0.473597 -0.478059
vn 0.739707 0.473597 -0.478059
vn 0.739707 0.473597 -0.478059
vn 0.448643 0.211134 -0.868413
vn 0.448643 0.211134 -0.868413
vn 0.448643 0.211134 -0.868413
vn 0.596956 -0.144024 -0.789240
vn 0.596956 -0.144024 -0.789240
vn 0.596956 -0.144024 -0.789240
vn -0.124259 0.255887 -0.958688
vn -0.124259 0.255887 -0.958688
vn -0.124259 0.255887 -0.958688
vn 0.678069 0.592256 -0.435265
vn 0.678069 0.592256 -0.435265
vn 0.678069 0.592256 -0.435265
vn -0.112832 0.718365 -0.686455
vn -0.112832 0.718365 -0.686455
vn -0.112832 0.718365 -0.686455
vn -0.086352 0.879629 -0.467756
vn -0.086352 0.879629 -0.467756
vn -0.086352 0.879629 -0.467756
vn 0.308265 0.480844 -0.820829
vn 0.308265 0.480844 -0.820829
vn 0.308265 0.480844 -0.820830
vn 0.508369 0.532328 -0.676895
vn 0.508369 0.532328 -0.676896
vn 0.508369 0.532328 -0.676896
vn 0.712184 0.424730 -0.558926
vn 0.712184 0.424730 -0.558926
vn 0.712184 0.424730 -0.558926
vn -0.003142 0.898386 -0.439195
vn -0.003142 0.898386 -0.439195
vn -0.003142 0.898386 -0.439195
vn -0.075507 0.548869 -0.832491
vn -0.075507 0.548869 -0.832491
vn -0.075507 0.548869 -0.832491
vn 0.516437 0.511222 -0.686983
vn 0.516437 0.511222 -0.686983
vn 0.516437 0.511222 -0.686983
vn 0.277863 0.811235 -0.514480
vn 0.277863 0.811235 -0.514480
vn 0.277863 0.811235 -0.514480
vn 0.034700 -0.998412 0.044382
vn 0.034700 -0.998412 0.044382
vn 0.034700 -0.998412 0.044382
vn 0.466184 0.596187 -0.653631
vn 0.466184 0.596187 -0.653631
vn 0.466184 0.596187 -0.653631
vn 0.121565 0.785808 -0.606406
vn 0.121565 0.785808 -0.606406
vn 0.121565 0.785808 -0.606406
vn -0.011610 0.472611 -0.881194
vn -0.011610 0.472611 -0.881194
vn -0.011610 0.472611 -0.881194
vn 0.676131 -0.580744 0.453414
vn 0.676131 -0.580744 0.453414
vn 0.676131 -0.580744 0.453414
vn -0.010394 0.925113 -0.379550
vn -0.010394 0.925113 -0.379550
vn -0.010394 0.925113 -0.379550
vn -0.175235 0.906297 -0.384601
vn -0.175235 0.906297 -0.384601
vn -0.175235 0.906297 -0.384601
vn 0.609450 0.248068 -0.753016
vn 0.609450 0.248068 -0.753015
vn 0.609450 0.248068 -0.753015
vn 0.298449 0.560206 -0.772721
vn 0.298449 0.560206 -0.772721
vn 0.298449 0.560206 -0.772721
vn 0.453881 0.284180 -0.844532
vn 0.453881 0.284180 -0.844532
vn 0.453881 0.284180 -0.844532
vn 0.385822 0.492769 -0.779949
vn 0.385822 0.492769 -0.779949
vn 0.385822 0.492769 -0.779949
vn 0.792622 0.010474 -0.609623
vn 0.792622 0.010474 -0.609623
vn 0.792622 0.010474 -0.609623
vn 0.385540 0.794281 -0.469550
vn 0.385540 0.794281 -0.469550
vn 0.385540 0.794281 -0.469550
vn 0.179706 0.110559 -0.977488
vn 0.179706 0.110559 -0.977488
vn 0.179706 0.110559 -0.977488
vn 0.758220 -0.116433 -0.641518
vn 0.758220 -0.116433 -0.641518
vn 0.758220 -0.116433 -0.641518
vn 0.046777 0.975195 -0.216349
vn 0.046777 0.975195 -0.216349
vn 0.046777 0.975195 -0.216349
vn 0.073899 0.966965 -0.243961
vn 0.073899 0.966965 -0.243961
vn 0.073899 0.966965 -0.243961
vn 0.117820 0.557285 -0.821920
vn 0.117820 0.557285 -0.821920
vn 0.117820 0.557285 -0.821920
vn -0.057133 0.632649 -0.772328
vn -0.057133 0.632649 -0.772328
vn -0.057133 0.632649 -0.772328
vn -0.155083 0.723341 -0.672850
vn -0.155083 0.723341 -0.672850
vn -0.155083 0.723341 -0.672850
vn 0.067882 0.717872 -0.692857
vn 0.067882 0.717872 -0.692857
vn 0.067882 0.717872 -0.692857
vn 0.700017 0.490807 -0.518734
vn 0.700017 0.490807 -0.518734
vn 0.700017 0.490807 -0.518734
vn 0.099867 0.989935 0.100273
vn 0.099867 0.989935 0.100273
vn 0.099867 0.989935 0.100273
vn -0.821420 0.481951 -0.304947
vn -0.821420 0.481951 -0.304947
vn -0.821420 0.481951 -0.304947
vn 0.691341 0.621780 -0.368017
vn 0.691341 0.621780 -0.368017
vn 0.691341 0.621780 -0.368017
vn -0.233004 0.707237 -0.667476
vn -0.233004 0.707237 -0.667476
vn -0.233004 0.707237 -0.667476
vn 0.639499 0.546351 -0.540871
vn 0.639499 0.546351 -0.540871
vn 0.639499 0.546351 -0.540871
vn 0.406466 0.607738 -0.682231
vn 0.406466 0.607738 -0.682231
vn 0.406466 0.607738 -0.682231
vn 0.287562 0.764346 -0.577134
vn 0.287562 0.764346 -0.577134
vn 0.287562 0.764346 -0.577134
vn 0.291554 0.717971 -0.632071
vn 0.291554 0.717971 -0.632071
vn 0.291554 0.717971 -0.632071
vn 0.019792 -0.999185 0.035171
vn 0.019792 -0.999185 0.035171
vn 0.019792 -0.999185 0.035171
vn -0.018108 0.401427 -0.915712
vn -0.018108 0.401427 -0.915712
vn -0.018108 0.401427 -0.915712
vn -0.289903 0.170139 -0.941812
vn -0.289903 0.170139 -0.941812
vn -0.289903 0.170139 -0.941812
vn -0.078026 0.519761 -0.850741
vn -0.078026 0.519761 -0.850741
vn -0.078026 0.519761 -0.850741
vn 0.030365 -0.999430 0.014744
vn 0.030365 -0.999430 0.014744
vn 0.030365 -0.999430 0.014744
vn -0.133122 0.553057 -0.822439
vn -0.133122 0.553057 -0.822440
vn -0.133122 0.553057 -0.822439
vn -0.942837 -0.111971 -0.313880
vn -0.942837 -0.111971 -0.313880
vn -0.942837 -0.111971 -0.313880
vn -0.117334 0.790685 -0.600875
vn -0.117334 0.790685 -0.600874
vn -0.117334 0.790685 -0.600874
vn 0.499049 0.507833 -0.702180
vn 0.499049 0.507833 -0.702180
vn 0.499049 0.507833 -0.702180
vn 0.588040 0.574848 -0.568998
vn 0.588040 0.574848 -0.568998
vn 0.588040 0.574848 -0.568998
vn 0.272115 0.561127 -0.781722
vn 0.272115 0.561127 -0.781722
vn 0.272115 0.561127 -0.781722
vn 0.040487 0.582788 -0.811615
vn 0.040487 0.582788 -0.811615
vn 0.040487 0.582788 -0.811615
vn -0.694931 0.622816 -0.359405
vn -0.694931 0.622816 -0.359405
vn -0.694931 0.622816 -0.359405
vn -0.394356 0.292697 -0.871098
vn -0.394356 0.292697 -0.871098
vn -0.394356 0.292697 -0.871098
vn -0.358571 0.341804 -0.868676
vn -0.358571 0.341804 -0.868676
vn -0.358571 0.341804 -0.868676
vn 0.687477 0.195024 -0.699529
vn 0.687477 0.195024 -0.699529
vn 0.687477 0.195024 -0.699529
vn 0.042961 0.200173 -0.978818
vn 0.042961 0.200173 -0.978818
vn 0.042961 0.200173 -0.978818
vn 0.275617 0.354242 -0.893615
vn 0.275617 0.354242 -0.893615
vn 0.275617 0.354242 -0.893615
vn -0.379910 0.872364 -0.307652
vn -0.379910 0.872364 -0.307652
vn -0.379910 0.872364 -0.307652
vn -0.255627 0.514792 -0.818318
vn -0.255627 0.514792 -0.818318
vn -0.255627 0.514792 -0.818318
vn -0.646828 0.325908 -0.689491
vn -0.646828 0.325908 -0.689491
vn -0.646828 0.325908 -0.689491
vn 0.420419 0.464064 -0.779675
vn 0.420419 0.464064 -0.779675
vn 0.420419 0.464064 -0.779675
vn -0.107296 0.942831 -0.315527
vn -0.107296 0.942831 -0.315527
vn -0.107296 0.942831 -0.315527
vn -0.141918 0.893912 -0.425184
vn -0.141918 0.893912 -0.425184
vn -0.141918 0.893912 -0.425184
vn -0.208535 0.890796 -0.403726
vn -0.208535 0.890796 -0.403726
vn -0.208535 0.890796 -0.403726
vn 0.044893 0.522724 -0.851319
vn 0.044893 0.522724 -0.851319
vn 0.044893 0.522724 -0.851319
vn 0.680973 0.027498 -0.731792
vn 0.680973 0.027498 -0.731792
vn 0.680973 0.027498 -0.731792
vn 0.004883 0.438270 -0.898830
vn 0.004883 0.438271 -0.898830
vn 0.004883 0.438270 -0.898830
vn 0.065468 0.780496 -0.621724
vn 0.065468 0.780496 -0.621724
vn 0.065468 0.780496 -0.621724
vn -0.050722 0.477826 -0.876989
vn -0.050722 0.477826 -0.876989
vn -0.050722 0.477826 -0.876989
vn -0.048294 0.695194 -0.717198
vn -0.048294 0.695194 -0.717198
vn -0.048294 0.695194 -0.717198
vn -0.023257 0.616921 -0.786681
vn -0.023257 0.616921 -0.786681
vn -0.023257 0.616921 -0.786681
vn 0.375204 -0.624299 -0.685181
vn 0.375204 -0.624299 -0.685181
vn 0.375204 -0.624299 -0.685181
vn 0.428840 0.314516 -0.846862
vn 0.428840 0.314516 -0.846862
vn 0.428840 0.314516 -0.846862
vn 0.414497 0.445146 -0.793748
vn 0.414497 0.445146 -0.793748
vn 0.414497 0.445146 -0.793748
vn 0.133913 0.147245 -0.979993
vn 0.133913 0.147245 -0.979993
vn 0.133913 0.147245 -0.979993
vn 0.021351 0.656517 -0.754009
vn 0.021351 0.656517 -0.754009
vn 0.021351 0.656517 -0.754009
vn -0.308300 0.807733 -0.502513
vn -0.308300 0.807733 -0.502513
vn -0.308300 0.807733 -0.502513
vn -0.513652 -0.155961 -0.843705
vn -0.513652 -0.155961 -0.843705
vn -0.513652 -0.155961 -0.843705
vn -0.096979 -0.521392 -0.847789
vn -0.096979 -0.521392 -0.847789
vn -0.096979 -0.521392 -0.847789
vn 0.957755 -0.270002 -0.099017
vn 0.957755 -0.270002 -0.099017
vn 0.957755 -0.270002 -0.099017
vn 0.763133 0.005126 -0.646221
vn 0.763133 0.005126 -0.646221
vn 0.763133 0.005126 -0.646221
vn -0.373788 0.728291 -0.574348
vn -0.373788 0.728290 -0.574348
vn -0.373788 0.728290 -0.574348
vn 0.046802 0.544545 -0.837425
vn 0.046802 0.544545 -0.837425
vn 0.046802 0.544545 -0.837425
vn 0.214409 -0.752947 -0.622174
vn 0.214409 -0.752947 -0.622174
vn 0.214409 -0.752947 -0.622174
vn 0.005434 0.697471 -0.716592
vn 0.005434 0.697471 -0.716592
vn 0.005434 0.697472 -0.716592
vn -0.483339 0.793577 -0.369620
vn -0.483338 0.793577 -0.369620
vn -0.483339 0.793577 -0.369620
vn -0.168338 0.648834 -0.742076
vn -0.168338 0.648834 -0.742076
vn -0.168338 0.648834 -0.742076
vn 0.651966 -0.593697 -0.471661
vn 0.651966 -0.593697 -0.471661
vn 0.651966 -0.593697 -0.471661
vn -0.019588 0.437155 -0.899173
vn -0.019588 0.437155 -0.899173
vn -0.019588 0.437155 -0.899173
vn -0.415380 0.158762 0.895687
vn -0.415380 0.158762 0.895687
vn -0.415380 0.158762 0.895687
vn -0.006646 0.676763 -0.736171
vn -0.006646 0.676763 -0.736171
vn -0.006646 0.676763 -0.736171
vn 0.049366 0.565316 -0.823396
vn 0.049366 0.565316 -0.823396
vn 0.049366 0.565316 -0.823396
vn 0.040803 0.545500 -0.837117
vn 0.040803 0.545500 -0.837117
vn 0.040803 0.545500 -0.837117
vn 0.483478 0.290970 -0.825582
vn 0.483478 0.290970 -0.825582
vn 0.483478 0.290970 -0.825582
vn 0.474241 0.258867 -0.841477
vn 0.474241 0.258867 -0.841477
vn 0.474241 0.258867 -0.841477
vn 0.074652 0.436414 -0.896643
vn 0.074652 0.436414 -0.896643
vn 0.074652 0.436415 -0.896643
vn 0.578559 0.007716 -0.815604
vn 0.578559 0.007716 -0.815604
vn 0.578559 0.007716 -0.815604
vn 0.250595 0.605562 -0.755312
vn 0.250595 0.605562 -0.755312
vn 0.250595 0.605562 -0.755312
vn 0.566512 0.267875 -0.779299
vn 0.566512 0.267875 -0.779299
vn 0.566512 0.267875 -0.779299
vn -0.673839 -0.681299 -0.285959
vn -0.673840 -0.681299 -0.285959
vn -0.673840 -0.681299 -0.285959
vn 0.223827 0.968868 -0.105810
vn 0.223827 0.968868 -0.105810
vn 0.223827 0.968868 -0.105810
vn -0.065916 0.593438 -0.802176
vn -0.065916 0.593438 -0.802176
vn -0.065916 0.593438 -0.802176
vn 0.012404 0.936981 -0.349159
vn 0.012404 0.936981 -0.349159
vn 0.012404 0.936982 -0.349159
vn -0.048976 0.583513 -0.810626
vn -0.048976 0.583513 -0.810626
vn -0.048976 0.583513 -0.810626
vn 0.354047 -0.889900 0.287626
vn 0.354048 -0.889900 0.287626
vn 0.354047 -0.889900 0.287626
vn -0.049824 0.550975 -0.833033
vn -0.049824 0.550975 -0.833033
vn -0.049824 0.550975 -0.833033
vn 0.889874 -0.120320 -0.440054
vn 0.889874 -0.120320 -0.440054
vn 0.889874 -0.120320 -0.440054
vn 0.299974 0.472896 -0.828483
vn 0.299974 0.472896 -0.828483
vn 0.299974 0.472896 -0.828483
vn 0.232178 0.802490 -0.549639
vn 0.232178 0.802490 -0.549639
vn 0.232178 0.802490 -0.549639
vn -0.265542 -0.656376 -0.706157
vn -0.265542 -0.656376 -0.706157
vn -0.265542 -0.656376 -0.706157
vn -0.249717 0.827874 -0.502261
vn -0.249717 0.827874 -0.502261
vn -0.249717 0.827874 -0.502261
vn 0.161936 0.332538 -0.929083
vn 0.161936 0.332538 -0.929083
vn 0.161936 0.332538 -0.929083
vn 0.361958 0.808530 -0.463968
vn 0.361958 0.808530 -0.463968
vn 0.361958 0.808530 -0.463968
vn -0.141646 0.896296 -0.420225
vn -0.141646 0.896296 -0.420225
vn -0.141646 0.896296 -0.420225
vn 0.228769 0.208417 -0.950908
vn 0.228769 0.208417 -0.950908
vn 0.228770 0.208417 -0.950908
vn 0.795026 -0.299363 -0.527557
vn 0.795026 -0.299363 -0.527557
vn 0.795026 -0.299363 -0.527557
vn 0.659377 0.305593 -0.686903
vn 0.659377 0.305593 -0.686903
vn 0.659377 0.305593 -0.686903
vn -0.035109 0.801789 -0.596574
vn -0.035109 0.801789 -0.596574
vn -0.035109 0.801789 -0.596574
vn -0.010923 0.797751 -0.602888
vn -0.010923 0.797751 -0.602888
vn -0.010923 0.797751 -0.602888
vn 0.140454 0.637577 -0.757475
vn 0.140454 0.637577 -0.757475
vn 0.140454 0.637577 -0.757475
vn 0.798119 -0.062082 0.599293
vn 0.798119 -0.062082 0.599292
vn 0.798119 -0.062082 0.599292
vn 0.170143 0.007265 -0.985393
vn 0.170143 0.007265 -0.985392
vn 0.170143 0.007265 -0.985393
vn 0.074848 0.794177 -0.603059
vn 0.074848 0.794177 -0.603059
vn 0.074848 0.794177 -0.603059
vn 0.749920 0.373602 -0.545932
vn 0.749920 0.373602 -0.545932
vn 0.749920 0.373602 -0.545932
vn 0.014939 0.436816 -0.899427
vn 0.014939 0.436816 -0.899427
vn 0.014939 0.436816 -0.899427
vn -0.228219 0.715474 -0.660313
vn -0.228219 0.715474 -0.660313
vn -0.228219 0.715474 -0.660313
vn -0.258379 0.622606 -0.738649
vn -0.258379 0.622606 -0.738649
vn -0.258379 0.622606 -0.738649
vn -0.229583 0.571345 -0.787945
vn -0.229583 0.571345 -0.787945
vn -0.229583 0.571345 -0.787945
vn 0.781250 0.159489 -0.603500
vn 0.781250 0.159489 -0.603500
vn 0.781250 0.159489 -0.603500
vn -0.311384 0.937518 0.155241
vn -0.311384 0.937518 0.155241
vn -0.311384 0.937518 0.155241
vn -0.360342 0.483131 -0.797959
vn -0.360342 0.483131 -0.797959
vn -0.360342 0.483131 -0.797959
vn 0.008461 0.923340 -0.383891
vn 0.008461 0.923340 -0.383891
vn 0.008461 0.923340 -0.383891
vn 0.382786 0.800301 -0.461511
vn 0.382786 0.800301 -0.461511
vn 0.382786 0.800301 -0.461511
vn 0.143257 -0.203220 -0.968596
vn 0.143257 -0.203220 -0.968596
vn 0.143257 -0.203220 -0.968596
vn 0.303447 0.645794 -0.700622
vn 0.303447 0.645794 -0.700622
vn 0.303447 0.645794 -0.700622
vn -0.378889 0.656186 -0.652582
vn -0.378889 0.656186 -0.652582
vn -0.378889 0.656186 -0.652582
vn -0.120999 0.793448 -0.596489
vn -0.120999 0.793448 -0.596489
vn -0.120999 0.793448 -0.596489
vn 0.396780 0.479991 -0.782415
vn 0.396780 0.479992 -0.782415
vn 0.396780 0.479992 -0.782415
vn -0.174689 0.774273 -0.608264
vn -0.174689 0.774273 -0.608264
vn -0.174689 0.774273 -0.608264
vn 0.906602 0.401441 0.130071
vn 0.906602 0.401441 0.130071
vn 0.906602 0.401441 0.130071
vn 0.435883 0.828542 -0.351459
vn 0.435883 0.828542 -0.351459
vn 0.435883 0.828542 -0.351459
vn 0.155315 0.779306 -0.607091
vn 0.155315 0.779306 -0.607091
vn 0.155315 0.779306 -0.607090
vn 0.521204 0.269957 -0.809611
vn 0.521204 0.269957 -0.809611
vn 0.521204 0.269957 -0.809611
vn 0.280469 0.245045 -0.928057
vn 0.280469 0.245045 -0.928057
vn 0.280469 0.245045 -0.928057
vn 0.308247 0.464598 -0.830140
vn 0.308247 0.464598 -0.830140
vn 0.308247 0.464598 -0.830140
vn 0.051505 0.641776 -0.765160
vn 0.051505 0.641776 -0.765160
vn 0.051505 0.641776 -0.765160
vn -0.457462 0.654664 -0.601784
vn -0.457462 0.654664 -0.601784
vn -0.457462 0.654664 -0.601784
vn -0.392315 0.652041 -0.648792
vn -0.392315 0.652041 -0.648792
vn -0.392315 0.652041 -0.648792
vn 0.802376 0.595318 -0.042297
vn 0.802376 0.595318 -0.042297
vn 0.802376 0.595318 -0.042297
vn 0.366457 0.672978 -0.642503
vn 0.366457 0.672978 -0.642503
vn 0.366457 0.672978 -0.642503
vn 0.096769 0.789546 -0.606014
vn 0.096769 0.789546 -0.606014
vn 0.096769 0.789546 -0.606014
vn 0.602453 0.355152 -0.714785
vn 0.602453 0.355152 -0.714785
vn 0.602453 0.355152 -0.714785
vn 0.606809 0.313792 -0.730286
vn 0.606809 0.313792 -0.730286
vn 0.606809 0.313792 -0.730286
vn 0.604261 0.307551 -0.735038
vn 0.604261 0.307551 -0.735038
vn 0.604261 0.307551 -0.735038
vn -0.204564 0.610274 -0.765323
vn -0.204564 0.610274 -0.765323
vn -0.204564 0.610274 -0.765323
vn -0.525082 0.819298 -0.230303
vn -0.525082 0.819298 -0.230303
vn -0.525082 0.819298 -0.230303
vn 0.811035 0.462682 -0.357976
vn 0.811035 0.462682 -0.357976
vn 0.811035 0.462682 -0.357976
vn 0.494873 0.188922 -0.848180
vn 0.494873 0.188922 -0.848180
vn 0.494873 0.188922 -0.848180
vn 0.529841 0.373532 -0.761408
vn 0.529841 0.373532 -0.761408
vn 0.529841 0.373532 -0.761408
vn -0.195718 0.758975 -0.621008
vn -0.195718 0.758975 -0.621008
vn -0.195718 0.758975 -0.621008
vn -0.199530 0.725964 -0.658152
vn -0.199530 0.725964 -0.658152
vn -0.199530 0.725964 -0.658152
vn -0.124624 0.419563 -0.899131
vn -0.124624 0.419563 -0.899131
vn -0.124624 0.419563 -0.899131
vn 0.093901 0.664813 -0.741084
vn 0.093901 0.664813 -0.741084
vn 0.093901 0.664813 -0.741084
vn 0.045779 0.840817 -0.539380
vn 0.045779 0.840817 -0.539380
vn 0.045779 0.840817 -0.539380
vn 0.006094 0.516073 -0.856523
vn 0.006094 0.516073 -0.856523
vn 0.006094 0.516073 -0.856523
vn -0.211398 0.606753 -0.766265
vn -0.211398 0.606753 -0.766265
vn -0.211398 0.606753 -0.766265
vn -0.188357 0.792525 -0.580023
vn -0.188357 0.792525 -0.580023
vn -0.188357 0.792525 -0.580023
vn 0.768591 0.378282 -0.515917
vn 0.768591 0.378282 -0.515917
vn 0.768591 0.378282 -0.515917
vn 0.767731 0.370448 -0.522836
vn 0.767731 0.370449 -0.522836
vn 0.767731 0.370448 -0.522836
vn -0.130184 0.749252 -0.649364
vn -0.130184 0.749252 -0.649364
vn -0.130184 0.749252 -0.649364
vn 0.063685 0.447836 -0.891844
vn 0.063685 0.447836 -0.891845
vn 0.063685 0.447837 -0.891845
vn -0.065365 0.826720 -0.558804
vn -0.065365 0.826720 -0.558804
vn -0.065365 0.826720 -0.558804
vn -0.654063 0.588821 -0.474860
vn -0.654063 0.588821 -0.474860
vn -0.654063 0.588821 -0.474860
vn 0.876233 0.417492 -0.240656
vn 0.876233 0.417492 -0.240656
vn 0.876233 0.417492 -0.240656
vn -0.022906 0.803259 -0.595189
vn -0.022906 0.803259 -0.595189
vn -0.022906 0.803259 -0.595189
vn 0.509948 0.538274 -0.670980
vn 0.509948 0.538274 -0.670980
vn 0.509948 0.538274 -0.670980
vn -0.022725 0.840880 -0.540745
vn -0.022725 0.840880 -0.540745
vn -0.022725 0.840880 -0.540745
vn -0.132152 0.683208 -0.718166
vn -0.132152 0.683208 -0.718166
vn -0.132152 0.683208 -0.718166
vn -0.254901 0.901275 -0.350328
vn -0.254901 0.901275 -0.350328
vn -0.254901 0.901275 -0.350328
vn 0.028011 0.515281 -0.856563
vn 0.028011 0.515281 -0.856563
vn 0.028011 0.515281 -0.856563
vn -0.055766 0.530602 -0.845785
vn -0.055766 0.530602 -0.845785
vn -0.055766 0.530602 -0.845785
vn 0.558503 0.312885 -0.768230
vn 0.558503 0.312885 -0.768230
vn 0.558503 0.312885 -0.768230
vn -0.264843 0.897615 -0.352342
vn -0.264843 0.897615 -0.352342
vn -0.264843 0.897615 -0.352342
vn 0.007998 0.913539 -0.406673
vn 0.007998 0.913539 -0.406673
vn 0.007998 0.913539 -0.406673
vn 0.538568 0.272463 -0.797313
vn 0.538568 0.272463 -0.797313
vn 0.538568 0.272463 -0.797313
vn 0.746049 0.175080 -0.642462
vn 0.746049 0.175080 -0.642462
vn 0.746049 0.175080 -0.642462
vn -0.255080 0.680492 -0.686924
vn -0.255080 0.680492 -0.686924
vn -0.255080 0.680492 -0.686924
vn 0.890830 0.399550 -0.216291
vn 0.890830 0.399550 -0.216291
vn 0.890830 0.399550 -0.216291
vn 0.442799 0.846248 -0.296300
vn 0.442799 0.846248 -0.296299
vn 0.442799 0.846248 -0.296299
vn -0.058375 0.438300 -0.896931
vn -0.058375 0.438300 -0.896931
vn -0.058375 0.438300 -0.896931
vn 0.548345 0.686210 -0.477947
vn 0.548345 0.686210 -0.477947
vn 0.548345 0.686210 -0.477947
vn 0.010162 0.834187 -0.551388
vn 0.010162 0.834187 -0.551388
vn 0.010162 0.834187 -0.551388
vn -0.025657 0.742654 -0.669183
vn -0.025657 0.742654 -0.669183
vn -0.025657 0.742654 -0.669183
vn 0.030043 0.595998 -0.802423
vn 0.030043 0.595998 -0.802423
vn 0.030043 0.595998 -0.802423
vn 0.015707 0.351755 -0.935960
vn 0.015707 0.351755 -0.935960
vn 0.015707 0.351755 -0.935960
vn -0.063788 0.825458 -0.560848
vn -0.063788 0.825458 -0.560848
vn -0.063788 0.825457 -0.560848
vn -0.196900 0.902432 -0.383206
vn -0.196900 0.902432 -0.383206
vn -0.196900 0.902432 -0.383206
vn 0.180682 0.902130 -0.391809
vn 0.180682 0.902131 -0.391809
vn 0.180682 0.902131 -0.391809
vn 0.628364 0.109491 -0.770175
vn 0.628364 0.109491 -0.770175
vn 0.628364 0.109491 -0.770175
vn -0.664471 0.558086 -0.497010
vn -0.664471 0.558086 -0.497010
vn -0.664471 0.558086 -0.497010
vn 0.113871 0.956748 -0.267707
vn 0.113871 0.956748 -0.267707
vn 0.113871 0.956748 -0.267707
vn 0.125586 0.923401 -0.362710
vn 0.125586 0.923401 -0.362710
vn 0.125586 0.923401 -0.362710
vn 0.015845 0.836512 -0.547719
vn 0.015845 0.836512 -0.547719
vn 0.015845 0.836512 -0.547719
vn 0.028691 0.438513 -0.898267
vn 0.028691 0.438513 -0.898267
vn 0.028691 0.438513 -0.898267
vn 0.040538 0.416317 -0.908316
vn 0.040538 0.416317 -0.908315
vn 0.040538 0.416317 -0.908315
vn -0.456267 -0.542944 0.705005
vn -0.456267 -0.542944 0.705005
vn -0.456267 -0.542944 0.705005
vn -0.016740 0.537582 -0.843045
vn -0.016740 0.537582 -0.843045
vn -0.016740 0.537582 -0.843045
vn 0.724287 0.573979 -0.382043
vn 0.724287 0.573979 -0.382043
vn 0.724287 0.573979 -0.382043
vn -0.017443 0.825189 -0.564588
vn -0.017443 0.825189 -0.564588
vn -0.017443 0.825189 -0.564588
vn 0.057461 -0.183508 -0.981337
vn 0.057461 -0.183508 -0.981337
vn 0.057461 -0.183508 -0.981337
vn 0.453001 0.743936 -0.491274
vn 0.453001 0.743936 -0.491274
vn 0.453001 0.743936 -0.491274
vn 0.001277 0.199536 -0.979890
vn 0.001277 0.199536 -0.979890
vn 0.001277 0.199536 -0.979890
vn -0.009717 0.673592 -0.739040
vn -0.009717 0.673592 -0.739040
vn -0.009717 0.673592 -0.739040
vn -0.363945 -0.305231 0.879987
vn -0.363945 -0.305231 0.879988
vn -0.363945 -0.305231 0.879988
vn -0.051715 0.085352 -0.995008
vn -0.051715 0.085352 -0.995008
vn -0.051715 0.085352 -0.995008
vn 0.160178 0.957695 -0.239087
vn 0.160178 0.957695 -0.239087
vn 0.160178 0.957695 -0.239087
vn 0.138651 0.596830 -0.790297
vn 0.138651 0.596830 -0.790297
vn 0.138651 0.596830 -0.790297
vn 0.390276 -0.901711 -0.186017
vn 0.390276 -0.901711 -0.186017
vn 0.390276 -0.901711 -0.186017
vn 0.315701 -0.203585 0.926761
vn 0.315701 -0.203585 0.926761
vn 0.315701 -0.203585 0.926761
vn 0.198324 0.377061 -0.904706
vn 0.198324 0.377061 -0.904706
vn 0.198324 0.377061 -0.904706
vn 0.553518 0.458166 -0.695486
vn 0.553518 0.458166 -0.695486
vn 0.553518 0.458166 -0.695486
vn -0.146772 0.552814 -0.820277
vn -0.146772 0.552814 -0.820277
vn -0.146772 0.552813 -0.820277
vn 0.078663 0.662302 -0.745096
vn 0.078663 0.662302 -0.745096
vn 0.078663 0.662302 -0.745096
vn 0.063209 0.532537 -0.844043
vn 0.063209 0.532537 -0.844043
vn 0.063209 0.532537 -0.844043
vn 0.175836 0.424119 -0.888372
vn 0.175836 0.424119 -0.888372
vn 0.175836 0.424119 -0.888372
vn -0.112439 0.662652 -0.740439
vn -0.112439 0.662652 -0.740439
vn -0.112439 0.662652 -0.740439
vn 0.092096 0.837819 -0.538124
vn 0.092096 0.837819 -0.538124
vn 0.092096 0.837819 -0.538124
vn 0.534748 0.521310 -0.665042
vn 0.534748 0.521310 -0.665042
vn 0.534748 0.521310 -0.665042
vn 0.436025 0.803271 -0.405755
vn 0.436025 0.803271 -0.405755
vn 0.436025 0.803272 -0.405755
vn 0.525469 0.761339 -0.379797
vn 0.525469 0.761339 -0.379797
vn 0.525469 0.761339 -0.379797
vn 0.142439 0.734411 0.663590
vn 0.142439 0.734411 0.663590
vn 0.142439 0.734411 0.663590
vn 0.204814 0.802575 -0.560290
vn 0.204814 0.802575 -0.560290
vn 0.204814 0.802575 -0.560290
vn -0.092970 0.448836 -0.888765
vn -0.092970 0.448836 -0.888765
vn -0.092970 0.448836 -0.888765
vn 0.400267 0.286825 -0.870355
vn 0.400267 0.286825 -0.870355
vn 0.400267 0.286825 -0.870355
vn 0.033791 0.798152 -0.601508
vn 0.033791 0.798152 -0.601508
vn 0.033791 0.798152 -0.601508
vn 0.139657 0.617405 -0.774149
vn 0.139657 0.617405 -0.774149
vn 0.139657 0.617405 -0.774149
vn 0.361520 0.457655 -0.812314
vn 0.361520 0.457655 -0.812314
vn 0.361520 0.457655 -0.812314
vn 0.593776 0.533097 -0.602691
vn 0.593776 0.533097 -0.602691
vn 0.593776 0.533097 -0.602691
vn -0.266544 0.888436 -0.373679
vn -0.266544 0.888436 -0.373679
vn -0.266544 0.888436 -0.373679
vn 0.322359 0.393375 -0.861012
vn 0.322359 0.393375 -0.861012
vn 0.322359 0.393375 -0.861012
vn 0.608094 0.298715 -0.735521
vn 0.608094 0.298715 -0.735521
vn 0.608094 0.298715 -0.735521
vn -0.632379 -0.774597 -0.009878
vn -0.632379 -0.774597 -0.009878
vn -0.632379 -0.774597 -0.009878
vn -0.007985 0.794956 -0.606614
vn -0.007985 0.794956 -0.606614
vn -0.007985 0.794956 -0.606614
vn 0.642073 0.470001 -0.605675
vn 0.642073 0.470001 -0.605675
vn 0.642073 0.470001 -0.605675
vn 0.306015 0.247904 -0.919183
vn 0.306015 0.247904 -0.919183
vn 0.306015 0.247904 -0.919183
vn 0.306290 0.736166 -0.603527
vn 0.306290 0.736167 -0.603528
vn 0.306290 0.736166 -0.603528
vn -0.302703 0.818055 -0.489036
vn -0.302703 0.818055 -0.489037
vn -0.302703 0.818055 -0.489037
vn -0.574472 0.778736 -0.252093
vn -0.574472 0.778736 -0.252093
vn -0.574472 0.778736 -0.252093
vn 0.647721 0.418538 -0.636619
vn 0.647721 0.418538 -0.636619
vn 0.647721 0.418538 -0.636619
vn -0.681977 0.567382 -0.461504
vn -0.681977 0.567382 -0.461504
vn -0.681977 0.567382 -0.461504
vn 0.143251 0.766106 -0.626547
vn 0.143251 0.766106 -0.626546
vn 0.143251 0.766106 -0.626547
vn 0.117671 0.415504 -0.901948
vn 0.117671 0.415504 -0.901948
vn 0.117671 0.415504 -0.901948
vn 0.077333 0.803503 -0.590257
vn 0.077333 0.803503 -0.590257
vn 0.077333 0.803503 -0.590257
vn 0.462064 -0.830382 -0.311388
vn 0.462064 -0.830382 -0.311388
vn 0.462064 -0.830382 -0.311388
vn 0.255179 0.732472 -0.631165
vn 0.255179 0.732472 -0.631165
vn 0.255179 0.732472 -0.631164
vn -0.030721 0.511740 -0.858591
vn -0.030721 0.511740 -0.858591
vn -0.030721 0.511740 -0.858591
vn -0.060676 0.569881 -0.819484
vn -0.060676 0.569881 -0.819484
vn -0.060676 0.569881 -0.819484
vn -0.118430 0.487708 -0.864936
vn -0.118430 0.487708 -0.864937
vn -0.118430 0.487708 -0.864937
vn -0.086203 0.407118 -0.909299
vn -0.086203 0.407118 -0.909299
vn -0.086203 0.407118 -0.909299
vn -0.075196 0.842896 -0.532797
vn -0.075196 0.842896 -0.532797
vn -0.075196 0.842896 -0.532797
vn -0.190155 0.911008 -0.365932
vn -0.190155 0.911008 -0.365932
vn -0.190155 0.911008 -0.365932
vn 0.386428 0.383237 -0.838930
vn 0.386428 0.383237 -0.838930
vn 0.386428 0.383237 -0.838930
vn -0.025135 0.788996 -0.613884
vn -0.025135 0.788996 -0.613884
vn -0.025135 0.788996 -0.613884
vn -0.639526 0.304314 -0.705974
vn -0.639526 0.304314 -0.705974
vn -0.639526 0.304314 -0.705974
vn 0.577766 0.078839 -0.812386
vn 0.577766 0.078839 -0.812386
vn 0.577766 0.078839 -0.812386
vn 0.331488 0.308820 -0.891485
vn 0.331488 0.308820 -0.891485
vn 0.331488 0.308820 -0.891485
vn 0.248746 0.916674 -0.312785
vn 0.248746 0.916674 -0.312785
vn 0.248746 0.916674 -0.312785
vn 0.254533 0.900961 -0.351399
vn 0.254533 0.900961 -0.351399
vn 0.254533 0.900961 -0.351399
vn 0.351010 0.687961 -0.635218
vn 0.351010 0.687961 -0.635218
vn 0.351010 0.687961 -0.635218
vn 0.261845 0.678638 -0.686213
vn 0.261845 0.678638 -0.686213
vn 0.261845 0.678638 -0.686213
vn 0.331471 0.479124 -0.812753
vn 0.331471 0.479124 -0.812753
vn 0.331471 0.479124 -0.812753
vn 0.177573 0.667455 -0.723168
vn 0.177573 0.667455 -0.723167
vn 0.177573 0.667455 -0.723168
vn 0.173840 0.682311 -0.710092
vn 0.173840 0.682312 -0.710092
vn 0.173840 0.682311 -0.710092
vn -0.044385 0.626908 -0.777828
vn -0.044385 0.626907 -0.777828
vn -0.044385 0.626907 -0.777828
vn 0.380956 0.687908 -0.617782
vn 0.380956 0.687908 -0.617782
vn 0.380956 0.687908 -0.617782
vn -0.519599 0.644667 -0.560732
vn -0.519599 0.644667 -0.560732
vn -0.519599 0.644667 -0.560732
vn 0.030043 0.589848 -0.806955
vn 0.030043 0.589848 -0.806955
vn 0.030043 0.589848 -0.806956
vn 0.709001 0.582210 -0.397931
vn 0.709001 0.582210 -0.397931
vn 0.709001 0.582210 -0.397931
vn -0.292382 0.204348 -0.934213
vn -0.292382 0.204348 -0.934213
vn -0.292382 0.204348 -0.934213
vn 0.251823 0.900632 -0.354185
vn 0.251823 0.900632 -0.354185
vn 0.251823 0.900632 -0.354185
vn 0.035548 0.567858 -0.822358
vn 0.035548 0.567858 -0.822358
vn 0.035548 0.567858 -0.822358
vn 0.352876 0.549236 -0.757508
vn 0.352876 0.549236 -0.757508
vn 0.352876 0.549236 -0.757508
vn 0.093898 0.864977 -0.492948
vn 0.093898 0.864977 -0.492948
vn 0.093898 0.864977 -0.492948
vn 0.025262 0.619934 -0.784247
vn 0.025262 0.619934 -0.784247
vn 0.025262 0.619934 -0.784247
vn 0.309576 -0.944035 -0.113840
vn 0.309576 -0.944035 -0.113840
vn 0.309576 -0.944035 -0.113840
vn -0.658117 0.738852 -0.144844
vn -0.658117 0.738852 -0.144844
vn -0.658117 0.738852 -0.144844
vn -0.565667 -0.534815 -0.627689
vn -0.565667 -0.534815 -0.627689
vn -0.565667 -0.534815 -0.627689
vn 0.363913 0.831782 -0.419174
vn 0.363913 0.831782 -0.419174
vn 0.363913 0.831782 -0.419174
vn 0.372759 0.740345 -0.559411
vn 0.372759 0.740345 -0.559411
vn 0.372759 0.740345 -0.559411
vn 0.040233 0.392720 -0.918778
vn 0.040233 0.392720 -0.918778
vn 0.040233 0.392720 -0.918778
vn -0.574929 0.422136 -0.700898
vn -0.574929 0.422136 -0.700898
vn -0.574929 0.422136 -0.700898
vn -0.026553 0.955987 0.292207
vn -0.026553 0.955987 0.292207
vn -0.026553 0.955987 0.292207
vn 0.521122 0.153673 -0.839534
vn 0.521122 0.153673 -0.839534
vn 0.521122 0.153673 -0.839534
vn 0.214636 0.648922 -0.729953
vn 0.214636 0.648922 -0.729953
vn 0.214636 0.648922 -0.729953
vn -0.094375 0.213581 -0.972356
vn -0.094375 0.213581 -0.972356
vn -0.094375 0.213581 -0.972356
vn -0.024401 0.321079 -0.946738
vn -0.024401 0.321079 -0.946738
vn -0.024401 0.321079 -0.946738
vn -0.581375 0.179546 -0.793578
vn -0.581375 0.179546 -0.793578
vn -0.581375 0.179546 -0.793578
vn -0.578750 0.806396 0.121549
vn -0.578750 0.806396 0.121549
vn -0.578750 0.806396 0.121549
vn -0.624668 0.343674 -0.701198
vn -0.624668 0.343673 -0.701198
vn -0.624668 0.343673 -0.701198
vn -0.362794 0.174364 -0.915411
vn -0.362794 0.174364 -0.915411
vn -0.362794 0.174364 -0.915411
vn -0.422338 0.133384 -0.896571
vn -0.422338 0.133384 -0.896571
vn -0.422338 0.133384 -0.896571
vn -0.506269 0.433389 -0.745564
vn -0.506269 0.433389 -0.745564
vn -0.506269 0.433389 -0.745564
vn -0.697640 0.162314 -0.697820
vn -0.697640 0.162314 -0.697820
vn -0.697640 0.162314 -0.697820
vn -0.373840 0.534989 -0.757648
vn -0.373840 0.534989 -0.757648
vn -0.373840 0.534989 -0.757648
vn -0.460267 0.398423 -0.793356
vn -0.460267 0.398423 -0.793356
vn -0.460267 0.398423 -0.793356
vn -0.380716 -0.124459 -0.916278
vn -0.380716 -0.124459 -0.916278
vn -0.380716 -0.124459 -0.916278
vn 0.032342 0.852119 0.522347
vn 0.032342 0.852119 0.522347
vn 0.032342 0.852119 0.522347
vn 0.083199 -0.583286 -0.807995
vn 0.083199 -0.583286 -0.807995
vn 0.083199 -0.583286 -0.807995
vn -0.379961 -0.088074 -0.920800
vn -0.379961 -0.088074 -0.920800
vn -0.379961 -0.088074 -0.920800
vn -0.396299 -0.107650 -0.911789
vn -0.396299 -0.107650 -0.911789
vn -0.396299 -0.107650 -0.911789
vn 0.649452 -0.230876 -0.724506
vn 0.649452 -0.230876 -0.724506
vn 0.649452 -0.230876 -0.724506
vn -0.440081 0.067371 -0.895427
vn -0.440081 0.067371 -0.895427
vn -0.440081 0.067371 -0.895427
vn 0.515731 -0.160299 -0.841621
vn 0.515731 -0.160299 -0.841621
vn 0.515731 -0.160299 -0.841621
vn 0.516171 -0.160848 -0.841246
vn 0.516171 -0.160848 -0.841246
vn 0.516171 -0.160848 -0.841246
vn -0.125139 0.268866 -0.955014
vn -0.125139 0.268866 -0.955014
vn -0.125139 0.268866 -0.955014
vn -0.459240 0.198832 -0.865774
vn -0.459240 0.198832 -0.865774
vn -0.459240 0.198832 -0.865774
vn 0.353233 -0.074623 -0.932554
vn 0.353233 -0.074623 -0.932554
vn 0.353233 -0.074623 -0.932554
vn 0.192467 0.125113 -0.973295
vn 0.192467 0.125113 -0.973295
vn 0.192467 0.125113 -0.973295
vn -0.319906 0.466789 -0.824480
vn -0.319906 0.466789 -0.824480
vn -0.319906 0.466789 -0.824480
vn 0.454193 -0.347386 -0.820385
vn 0.454193 -0.347386 -0.820385
vn 0.454193 -0.347386 -0.820385
vn 0.465464 -0.412363 -0.783135
vn 0.465464 -0.412363 -0.783135
vn 0.465463 -0.412363 -0.783135
vn 0.076618 -0.605049 -0.792493
vn 0.076618 -0.605049 -0.792493
vn 0.076618 -0.605049 -0.792493
vn 0.642466 -0.057081 -0.764186
vn 0.642466 -0.057081 -0.764186
vn 0.642466 -0.057081 -0.764186
vn -0.496655 -0.333487 -0.801324
vn -0.496656 -0.333487 -0.801324
vn -0.496655 -0.333487 -0.801324
vn -0.308762 -0.394679 -0.865387
vn -0.308762 -0.394679 -0.865387
vn -0.308762 -0.394679 -0.865387
vn -0.350176 -0.700446 -0.621894
vn -0.350176 -0.700446 -0.621894
vn -0.350176 -0.700446 -0.621894
vn 0.094120 -0.889131 -0.447871
vn 0.094120 -0.889131 -0.447871
vn 0.094120 -0.889131 -0.447871
vn -0.897930 -0.039675 -0.438347
vn -0.897930 -0.039675 -0.438347
vn -0.897930 -0.039675 -0.438347
vn 0.336522 -0.188669 -0.922582
vn 0.336522 -0.188669 -0.922582
vn 0.336522 -0.188669 -0.922582
vn -0.637434 -0.184798 -0.748015
vn -0.637434 -0.184798 -0.748015
vn -0.637434 -0.184798 -0.748015
vn -0.615051 -0.133358 -0.777128
vn -0.615051 -0.133358 -0.777128
vn -0.615051 -0.133358 -0.777128
vn -0.350540 0.098628 -0.931340
vn -0.350540 0.098628 -0.931340
vn -0.350540 0.098628 -0.931340
vn -0.432037 -0.646664 -0.628625
vn -0.432037 -0.646664 -0.628625
vn -0.432037 -0.646664 -0.628625
vn -0.575830 0.054713 -0.815736
vn -0.575830 0.054713 -0.815736
vn -0.575830 0.054713 -0.815736
vn -0.524007 -0.607975 -0.596476
vn -0.524007 -0.607975 -0.596476
vn -0.524007 -0.607975 -0.596476
vn -0.530302 -0.663648 -0.527590
vn -0.530302 -0.663648 -0.527590
vn -0.530302 -0.663648 -0.527590
vn 0.337099 -0.675945 -0.655334
vn 0.337099 -0.675945 -0.655334
vn 0.337099 -0.675945 -0.655334
vn 0.206648 -0.461669 -0.862646
vn 0.206648 -0.461669 -0.862646
vn 0.206648 -0.461669 -0.862646
vn 0.289638 -0.516599 -0.805751
vn 0.289638 -0.516599 -0.805752
vn 0.289638 -0.516599 -0.805751
vn -0.160313 0.410193 -0.897798
vn -0.160313 0.410193 -0.897798
vn -0.160313 0.410193 -0.897798
vn -0.482268 -0.715668 -0.505210
vn -0.482268 -0.715668 -0.505210
vn -0.482268 -0.715668 -0.505210
vn -0.622548 -0.431098 -0.653137
vn -0.622549 -0.431098 -0.653137
vn -0.622549 -0.431098 -0.653137
vn -0.243947 0.236625 -0.940478
vn -0.243947 0.236625 -0.940478
vn -0.243947 0.236625 -0.940478
vn -0.397625 0.269307 -0.877136
vn -0.397625 0.269307 -0.877136
vn -0.397625 0.269307 -0.877136
vn -0.106969 0.496213 -0.861586
vn -0.106969 0.496213 -0.861586
vn -0.106969 0.496213 -0.861586
vn -0.560507 -0.295230 -0.773738
vn -0.560507 -0.295230 -0.773738
vn -0.560507 -0.295230 -0.773738
vn 0.087099 -0.167876 -0.981953
vn 0.087099 -0.167876 -0.981953
vn 0.087099 -0.167876 -0.981953
vn 0.097827 -0.134738 -0.986040
vn 0.097827 -0.134738 -0.986040
vn 0.097827 -0.134738 -0.986040
vn 0.001204 0.155288 -0.987868
vn 0.001204 0.155288 -0.987868
vn 0.001204 0.155288 -0.987868
vn 0.028732 0.118176 -0.992577
vn 0.028732 0.118176 -0.992577
vn 0.028732 0.118176 -0.992577
vn 0.110025 -0.903231 -0.414810
vn 0.110025 -0.903231 -0.414810
vn 0.110025 -0.903231 -0.414810
vn 0.185498 -0.886504 -0.423912
vn 0.185498 -0.886504 -0.423912
vn 0.185498 -0.886504 -0.423912
vn 0.012944 -0.569382 -0.821971
vn 0.012944 -0.569382 -0.821971
vn 0.012944 -0.569382 -0.821971
vn -0.073690 -0.372246 -0.925204
vn -0.073690 -0.372246 -0.925204
vn -0.073690 -0.372246 -0.925204
vn 0.011699 -0.997337 -0.071988
vn 0.011699 -0.997337 -0.071988
vn 0.011699 -0.997337 -0.071988
vn -0.703971 0.288382 -0.649046
vn -0.703971 0.288382 -0.649046
vn -0.703971 0.288382 -0.649046
vn -0.252530 0.483579 -0.838081
vn -0.252530 0.483579 -0.838081
vn -0.252530 0.483579 -0.838081
vn -0.045075 0.447129 -0.893333
vn -0.045075 0.447129 -0.893333
vn -0.045075 0.447130 -0.893333
vn 0.230282 0.270451 -0.934787
vn 0.230282 0.270451 -0.934787
vn 0.230282 0.270451 -0.934787
vn -0.150203 -0.008820 -0.988616
vn -0.150203 -0.008820 -0.988616
vn -0.150203 -0.008820 -0.988616
vn -0.260665 0.164084 -0.951383
vn -0.260665 0.164084 -0.951383
vn -0.260665 0.164084 -0.951383
vn -0.266332 0.111443 -0.957417
vn -0.266332 0.111443 -0.957417
vn -0.266332 0.111443 -0.957417
vn -0.481631 -0.338205 -0.808486
vn -0.481631 -0.338205 -0.808486
vn -0.481631 -0.338205 -0.808486
vn -0.501979 -0.263579 -0.823737
vn -0.501979 -0.263579 -0.823737
vn -0.501979 -0.263579 -0.823737
vn -0.104546 0.041423 -0.993657
vn -0.104546 0.041423 -0.993657
vn -0.104546 0.041423 -0.993657
vn 0.227899 0.103911 -0.968124
vn 0.227899 0.103911 -0.968124
vn 0.227899 0.103911 -0.968124
vn -0.552436 0.707718 -0.440397
vn -0.552436 0.707718 -0.440397
vn -0.552436 0.707718 -0.440397
vn -0.356402 -0.016211 -0.934192
vn -0.356402 -0.016211 -0.934192
vn -0.356401 -0.016211 -0.934192
vn -0.147742 -0.089117 -0.985003
vn -0.147742 -0.089117 -0.985003
vn -0.147742 -0.089117 -0.985003
vn 0.356021 -0.623366 -0.696178
vn 0.356021 -0.623366 -0.696178
vn 0.356021 -0.623366 -0.696178
vn -0.533768 0.125273 -0.836301
vn -0.533768 0.125273 -0.836301
vn -0.533768 0.125273 -0.836301
vn -0.155002 0.273968 -0.949166
vn -0.155002 0.273968 -0.949166
vn -0.155002 0.273968 -0.949166
vn -0.495801 -0.337540 -0.800155
vn -0.495801 -0.337540 -0.800155
vn -0.495801 -0.337540 -0.800155
vn -0.032943 -0.428256 -0.903057
vn -0.032943 -0.428256 -0.903057
vn -0.032943 -0.428256 -0.903057
vn 0.270701 0.245835 -0.930745
vn 0.270701 0.245835 -0.930745
vn 0.270701 0.245835 -0.930745
vn 0.296070 0.068968 -0.952673
vn 0.296070 0.068968 -0.952673
vn 0.296070 0.068968 -0.952673
vn -0.528497 0.148983 -0.835760
vn -0.528497 0.148983 -0.835760
vn -0.528497 0.148983 -0.835760
vn 0.203668 -0.524116 -0.826935
vn 0.203668 -0.524116 -0.826935
vn 0.203668 -0.524116 -0.826935
vn 0.189342 -0.483049 -0.854876
vn 0.189342 -0.483049 -0.854876
vn 0.189342 -0.483049 -0.854876
vn -0.724267 -0.642313 -0.250742
vn -0.724267 -0.642313 -0.250742
vn -0.724267 -0.642313 -0.250742
vn -0.475521 0.401679 -0.782645
vn -0.475521 0.401679 -0.782645
vn -0.475521 0.401679 -0.782645
vn 0.104884 0.024040 -0.994194
vn 0.104884 0.024040 -0.994194
vn 0.104884 0.024040 -0.994194
vn 0.063506 -0.151083 -0.986479
vn 0.063506 -0.151083 -0.986479
vn 0.063506 -0.151083 -0.986479
vn -0.327138 0.195303 -0.924574
vn -0.327138 0.195303 -0.924574
vn -0.327138 0.195302 -0.924574
vn -0.392707 0.285099 -0.874357
vn -0.392707 0.285099 -0.874357
vn -0.392707 0.285099 -0.874357
vn -0.287677 0.087773 -0.953697
vn -0.287677 0.087773 -0.953697
vn -0.287677 0.087773 -0.953697
vn 0.347763 0.158770 -0.924042
vn 0.347763 0.158770 -0.924042
vn 0.347763 0.158770 -0.924042
vn -0.296519 -0.006783 -0.955003
vn -0.296519 -0.006783 -0.955003
vn -0.296519 -0.006783 -0.955003
vn -0.307636 0.068418 -0.949041
vn -0.307636 0.068418 -0.949041
vn -0.307636 0.068418 -0.949041
vn -0.031381 -0.334890 -0.941735
vn -0.031381 -0.334890 -0.941735
vn -0.031381 -0.334890 -0.941735
vn -0.684075 -0.040821 -0.728269
vn -0.684075 -0.040821 -0.728269
vn -0.684075 -0.040821 -0.728269
vn -0.722371 -0.266311 -0.638169
vn -0.722371 -0.266311 -0.638169
vn -0.722371 -0.266311 -0.638169
vn -0.425843 0.018650 -0.904605
vn -0.425843 0.018650 -0.904605
vn -0.425843 0.018650 -0.904605
vn 0.026120 -0.143966 -0.989238
vn 0.026120 -0.143966 -0.989238
vn 0.026120 -0.143966 -0.989238
vn 0.078905 0.159492 -0.984041
vn 0.078905 0.159492 -0.984041
vn 0.078905 0.159492 -0.984041
vn 0.133737 -0.320704 -0.937690
vn 0.133737 -0.320704 -0.937690
vn 0.133737 -0.320704 -0.937690
vn -0.260708 0.369044 -0.892097
vn -0.260708 0.369044 -0.892097
vn -0.260708 0.369044 -0.892097
vn 0.067326 -0.516558 -0.853601
vn 0.067326 -0.516558 -0.853601
vn 0.067326 -0.516558 -0.853601
vn -0.277163 0.252830 -0.926962
vn -0.277163 0.252830 -0.926962
vn -0.277163 0.252830 -0.926962
vn 0.660948 0.020251 -0.750159
vn 0.660948 0.020251 -0.750159
vn 0.660948 0.020251 -0.750159
vn 0.065703 0.288607 -0.955191
vn 0.065703 0.288607 -0.955191
vn 0.065703 0.288607 -0.955191
vn 0.058548 0.056285 -0.996697
vn 0.058548 0.056285 -0.996697
vn 0.058548 0.056285 -0.996697
vn 0.044604 -0.038078 -0.998279
vn 0.044604 -0.038078 -0.998279
vn 0.044604 -0.038078 -0.998279
vn -0.360352 -0.114018 -0.925822
vn -0.360351 -0.114018 -0.925822
vn -0.360351 -0.114018 -0.925822
vn 0.076283 0.188094 -0.979184
vn 0.076283 0.188094 -0.979184
vn 0.076283 0.188094 -0.979184
vn 0.096152 -0.428228 -0.898541
vn 0.096152 -0.428228 -0.898541
vn 0.096152 -0.428228 -0.898541
vn 0.278606 -0.887848 -0.366204
vn 0.278606 -0.887848 -0.366204
vn 0.278606 -0.887848 -0.366204
vn -0.093630 0.441060 -0.892580
vn -0.093630 0.441060 -0.892580
vn -0.093630 0.441060 -0.892580
vn 0.005988 -0.107932 -0.994140
vn 0.005988 -0.107932 -0.994140
vn 0.005988 -0.107932 -0.994140
vn -0.444487 0.048636 -0.894464
vn -0.444487 0.048636 -0.894464
vn -0.444487 0.048636 -0.894464
vn 0.162697 -0.457545 -0.874175
vn 0.162697 -0.457545 -0.874175
vn 0.162697 -0.457545 -0.874175
vn 0.044262 -0.101534 -0.993847
vn 0.044262 -0.101534 -0.993847
vn 0.044262 -0.101534 -0.993847
vn -0.374928 0.008422 -0.927016
vn -0.374928 0.008422 -0.927016
vn -0.374928 0.008422 -0.927016
vn 0.027588 -0.381460 -0.923974
vn 0.027588 -0.381460 -0.923974
vn 0.027588 -0.381460 -0.923974
vn 0.431561 -0.018316 -0.901898
vn 0.431561 -0.018316 -0.901898
vn 0.431561 -0.018316 -0.901898
vn -0.002337 0.201078 -0.979572
vn -0.002337 0.201078 -0.979572
vn -0.002337 0.201078 -0.979572
vn 0.220266 -0.301204 -0.927771
vn 0.220266 -0.301204 -0.927771
vn 0.220266 -0.301204 -0.927771
vn -0.876646 -0.168372 -0.450713
vn -0.876646 -0.168372 -0.450713
vn -0.876646 -0.168372 -0.450713
vn -0.354381 0.103095 -0.929401
vn -0.354381 0.103095 -0.929401
vn -0.354381 0.103095 -0.929401
vn 0.559343 0.161755 -0.813001
vn 0.559343 0.161755 -0.813001
vn 0.559343 0.161755 -0.813001
vn -0.316113 -0.418239 -0.851557
vn -0.316113 -0.418239 -0.851557
vn -0.316113 -0.418239 -0.851557
vn -0.113820 -0.106561 -0.987770
vn -0.113820 -0.106561 -0.987770
vn -0.113820 -0.106561 -0.987770
vn -0.243485 -0.475383 -0.845415
vn -0.243485 -0.475383 -0.845415
vn -0.243485 -0.475383 -0.845415
vn -0.184516 -0.690318 -0.699582
vn -0.184516 -0.690318 -0.699582
vn -0.184516 -0.690318 -0.699582
vn -0.531148 0.276027 -0.801056
vn -0.531148 0.276027 -0.801056
vn -0.531148 0.276027 -0.801056
vn 0.086699 0.349761 -0.932819
vn 0.086699 0.349761 -0.932819
vn 0.086699 0.349761 -0.932819
vn -0.698254 -0.058383 -0.713465
vn -0.698254 -0.058383 -0.713465
vn -0.698254 -0.058383 -0.713465
vn -0.573488 -0.783254 -0.240051
vn -0.573488 -0.783254 -0.240051
vn -0.573488 -0.783254 -0.240051
vn 0.114304 -0.435533 -0.892886
vn 0.114304 -0.435533 -0.892886
vn 0.114304 -0.435533 -0.892886
vn -0.040078 -0.472706 -0.880308
vn -0.040078 -0.472706 -0.880308
vn -0.040078 -0.472706 -0.880308
vn 0.820122 0.498551 0.280795
vn 0.820123 0.498551 0.280795
vn 0.820123 0.498551 0.280795
vn -0.690260 -0.383848 -0.613352
vn -0.690260 -0.383848 -0.613352
vn -0.690260 -0.383848 -0.613352
vn -0.466661 -0.669671 -0.577727
vn -0.466661 -0.669671 -0.577727
vn -0.466661 -0.669671 -0.577727
vn -0.035973 -0.609708 -0.791809
vn -0.035973 -0.609708 -0.791809
vn -0.035973 -0.609708 -0.791809
vn -0.078209 -0.150707 0.985480
vn -0.078209 -0.150707 0.985480
vn -0.078209 -0.150707 0.985480
vn -0.220932 -0.185379 -0.957509
vn -0.220932 -0.185379 -0.957509
vn -0.220932 -0.185379 -0.957509
vn -0.202001 -0.716923 -0.667246
vn -0.202001 -0.716923 -0.667246
vn -0.202001 -0.716923 -0.667246
vn -0.245299 -0.719276 -0.649978
vn -0.245299 -0.719276 -0.649978
vn -0.245299 -0.719276 -0.649978
vn -0.106975 -0.123527 -0.986558
vn -0.106975 -0.123527 -0.986558
vn -0.106975 -0.123527 -0.986558
vn 0.658845 0.252196 -0.708745
vn 0.658845 0.252196 -0.708745
vn 0.658845 0.252196 -0.708745
vn 0.582695 0.009792 -0.812632
vn 0.582695 0.009792 -0.812632
vn 0.582695 0.009792 -0.812632
vn 0.083554 -0.948119 0.306741
vn 0.083554 -0.948119 0.306741
vn 0.083554 -0.948119 0.306741
vn -0.254191 -0.260560 -0.931394
vn -0.254191 -0.260560 -0.931394
vn -0.254191 -0.260560 -0.931394
vn 0.103249 -0.993786 0.041571
vn 0.103249 -0.993786 0.041571
vn 0.103249 -0.993786 0.041571
vn -0.384385 -0.120701 -0.915248
vn -0.384385 -0.120701 -0.915248
vn -0.384385 -0.120701 -0.915248
vn -0.226521 -0.863160 -0.451269
vn -0.226521 -0.863160 -0.451269
vn -0.226521 -0.863160 -0.451269
vn -0.182445 -0.368892 -0.911391
vn -0.182445 -0.368892 -0.911391
vn -0.182445 -0.368892 -0.911391
vn 0.601832 0.052266 -0.796911
vn 0.601832 0.052266 -0.796911
vn 0.601832 0.052266 -0.796911
vn -0.079835 -0.076002 -0.993906
vn -0.079835 -0.076002 -0.993907
vn -0.079835 -0.076002 -0.993907
vn -0.431509 -0.297868 -0.851513
vn -0.431509 -0.297868 -0.851513
vn -0.431509 -0.297868 -0.851513
vn -0.136419 -0.028554 -0.990240
vn -0.136419 -0.028554 -0.990240
vn -0.136419 -0.028554 -0.990240
vn 0.294241 -0.684781 -0.666706
vn 0.294241 -0.684781 -0.666706
vn 0.294241 -0.684781 -0.666706
vn 0.154000 -0.465594 -0.871497
vn 0.154000 -0.465594 -0.871497
vn 0.154000 -0.465594 -0.871497
vn -0.537006 -0.225145 -0.812979
vn -0.537006 -0.225145 -0.812979
vn -0.537006 -0.225145 -0.812979
vn 0.980856 -0.176172 -0.082981
vn 0.980856 -0.176172 -0.082981
vn 0.980856 -0.176172 -0.082981
vn -0.385715 -0.228885 -0.893776
vn -0.385715 -0.228885 -0.893776
vn -0.385715 -0.228885 -0.893776
vn 0.117601 0.246776 -0.961910
vn 0.117601 0.246776 -0.961910
vn 0.117601 0.246776 -0.961910
vn 0.082699 0.081220 -0.993259
vn 0.082699 0.081220 -0.993259
vn 0.082699 0.081220 -0.993259
vn -0.520214 -0.231691 -0.822008
vn -0.520214 -0.231691 -0.822008
vn -0.520214 -0.231691 -0.822008
vn 0.454110 -0.445382 -0.771634
vn 0.454110 -0.445382 -0.771634
vn 0.454110 -0.445382 -0.771634
vn 0.146274 0.335381 -0.930658
vn 0.146274 0.335381 -0.930657
vn 0.146274 0.335381 -0.930658
vn -0.110235 -0.096777 -0.989183
vn -0.110235 -0.096777 -0.989183
vn -0.110235 -0.096777 -0.989183
vn 0.633623 -0.557707 -0.536176
vn 0.633623 -0.557707 -0.536176
vn 0.633623 -0.557707 -0.536176
vn 0.010880 -0.991882 0.126697
vn 0.010880 -0.991882 0.126697
vn 0.010880 -0.991882 0.126697
vn 0.581348 0.099921 -0.807496
vn 0.581348 0.099921 -0.807496
vn 0.581348 0.099921 -0.807496
vn 0.542434 0.126965 -0.830449
vn 0.542434 0.126965 -0.830449
vn 0.542434 0.126965 -0.830449
vn -0.181498 -0.368600 -0.911698
vn -0.181498 -0.368600 -0.911698
vn -0.181498 -0.368600 -0.911697
vn 0.026962 0.103351 -0.994279
vn 0.026962 0.103351 -0.994279
vn 0.026962 0.103351 -0.994279
vn -0.225984 -0.123263 -0.966301
vn -0.225984 -0.123263 -0.966301
vn -0.225984 -0.123263 -0.966301
vn 0.698464 -0.261651 -0.666099
vn 0.698464 -0.261651 -0.666099
vn 0.698464 -0.261651 -0.666099
vn 0.481578 0.065709 -0.873937
vn 0.481578 0.065709 -0.873937
vn 0.481578 0.065709 -0.873937
vn -0.013866 0.274110 -0.961598
vn -0.013866 0.274110 -0.961598
vn -0.013866 0.274110 -0.961598
vn -0.476933 0.351278 -0.805692
vn -0.476933 0.351278 -0.805692
vn -0.476933 0.351278 -0.805692
vn -0.495436 -0.337812 -0.800267
vn -0.495436 -0.337812 -0.800266
vn -0.495436 -0.337812 -0.800266
vn -0.987644 0.154720 0.024916
vn -0.987644 0.154720 0.024916
vn -0.987644 0.154720 0.024916
vn 0.509519 -0.498173 -0.701580
vn 0.509519 -0.498173 -0.701580
vn 0.509519 -0.498173 -0.701580
vn 0.577206 -0.157519 -0.801262
vn 0.577206 -0.157519 -0.801262
vn 0.577206 -0.157519 -0.801262
vn -0.693258 0.431490 -0.577244
vn -0.693258 0.431490 -0.577244
vn -0.693258 0.431490 -0.577244
vn 0.754013 -0.115603 -0.646606
vn 0.754013 -0.115603 -0.646606
vn 0.754013 -0.115603 -0.646606
vn 0.615701 -0.079971 -0.783911
vn 0.615701 -0.079971 -0.783911
vn 0.615701 -0.079971 -0.783911
vn 0.208766 0.395540 -0.894407
vn 0.208766 0.395540 -0.894407
vn 0.208766 0.395540 -0.894407
vn -0.048500 0.186897 -0.981182
vn -0.048500 0.186897 -0.981182
vn -0.048500 0.186897 -0.981182
vn 0.036784 0.137312 -0.989845
vn 0.036784 0.137312 -0.989845
vn 0.036784 0.137312 -0.989845
vn -0.831984 -0.021021 -0.554401
vn -0.831984 -0.021021 -0.554401
vn -0.831984 -0.021021 -0.554401
vn -0.228629 -0.342344 -0.911334
vn -0.228629 -0.342344 -0.911334
vn -0.228629 -0.342344 -0.911334
vn -0.361332 -0.306683 -0.880559
vn -0.361332 -0.306683 -0.880559
vn -0.361332 -0.306683 -0.880559
vn 0.622852 -0.399386 -0.672716
vn 0.622852 -0.399386 -0.672716
vn 0.622852 -0.399386 -0.672716
vn 0.511116 -0.025998 -0.859118
vn 0.511116 -0.025998 -0.859118
vn 0.511116 -0.025998 -0.859118
vn 0.443842 0.077330 -0.892762
vn 0.443842 0.077330 -0.892762
vn 0.443842 0.077330 -0.892762
vn -0.429129 -0.557028 -0.711033
vn -0.429129 -0.557028 -0.711033
vn -0.429129 -0.557028 -0.711033
vn 0.020353 -0.035106 -0.999176
vn 0.020353 -0.035106 -0.999176
vn 0.020353 -0.035106 -0.999176
vn -0.080023 -0.232921 -0.969198
vn -0.080023 -0.232921 -0.969198
vn -0.080023 -0.232921 -0.969198
vn 0.436733 -0.579301 -0.688240
vn 0.436733 -0.579301 -0.688240
vn 0.436733 -0.579301 -0.688240
vn 0.633631 -0.409833 -0.656163
vn 0.633631 -0.409833 -0.656163
vn 0.633631 -0.409833 -0.656163
vn 0.592515 -0.130574 -0.794907
vn 0.592515 -0.130574 -0.794907
vn 0.592515 -0.130574 -0.794907
vn 0.501428 0.087757 -0.860737
vn 0.501428 0.087757 -0.860737
vn 0.501428 0.087757 -0.860737
vn 0.532924 -0.188131 -0.824984
vn 0.532924 -0.188131 -0.824984
vn 0.532924 -0.188131 -0.824984
vn 0.533565 -0.188659 -0.824449
vn 0.533565 -0.188659 -0.824449
vn 0.533565 -0.188659 -0.824449
vn 0.539666 -0.020419 -0.841631
vn 0.539666 -0.020419 -0.841631
vn 0.539666 -0.020419 -0.841631
vn 0.497132 0.004843 -0.867661
vn 0.497132 0.004843 -0.867661
vn 0.497132 0.004843 -0.867661
vn 0.423767 0.154117 -0.892563
vn 0.423767 0.154117 -0.892563
vn 0.423767 0.154117 -0.892563
vn 0.415223 0.062692 -0.907557
vn 0.415223 0.062692 -0.907557
vn 0.415223 0.062692 -0.907557
vn 0.077204 -0.252789 -0.964436
vn 0.077204 -0.252789 -0.964436
vn 0.077204 -0.252789 -0.964436
vn -0.029405 -0.999051 0.032118
vn -0.029405 -0.999051 0.032118
vn -0.029405 -0.999051 0.032118
vn -0.311928 -0.366099 -0.876740
vn -0.311928 -0.366099 -0.876740
vn -0.311928 -0.366099 -0.876740
vn -0.237114 -0.724367 -0.647356
vn -0.237114 -0.724367 -0.647356
vn -0.237114 -0.724367 -0.647356
vn -0.201062 0.219794 -0.954602
vn -0.201062 0.219794 -0.954602
vn -0.201062 0.219794 -0.954602
vn -0.297688 0.428738 -0.852974
vn -0.297688 0.428738 -0.852974
vn -0.297688 0.428738 -0.852974
vn 0.272206 -0.584247 -0.764565
vn 0.272206 -0.584247 -0.764565
vn 0.272206 -0.584247 -0.764565
vn 0.328392 -0.077661 -0.941343
vn 0.328392 -0.077661 -0.941344
vn 0.328392 -0.077661 -0.941344
vn 0.452455 0.042587 -0.890770
vn 0.452455 0.042587 -0.890770
vn 0.452455 0.042587 -0.890770
vn -0.371930 0.924904 -0.078868
vn -0.371930 0.924904 -0.078868
vn -0.371930 0.924904 -0.078868
vn -0.577610 -0.803038 -0.146619
vn -0.577610 -0.803038 -0.146619
vn -0.577610 -0.803038 -0.146619
vn -0.294203 0.319319 -0.900822
vn -0.294203 0.319319 -0.900822
vn -0.294203 0.319319 -0.900822
vn -0.064676 -0.591437 -0.803753
vn -0.064676 -0.591437 -0.803753
vn -0.064676 -0.591437 -0.803753
vn -0.771746 0.561253 -0.299004
vn -0.771746 0.561253 -0.299004
vn -0.771746 0.561253 -0.299004
vn -0.530794 0.062720 -0.845177
vn -0.530794 0.062720 -0.845177
vn -0.530794 0.062720 -0.845177
vn 0.093627 -0.577057 -0.811319
vn 0.093627 -0.577057 -0.811319
vn 0.093627 -0.577057 -0.811319
vn 0.363808 0.038443 -0.930680
vn 0.363808 0.038443 -0.930680
vn 0.363808 0.038443 -0.930680
vn 0.351662 0.063717 -0.933956
vn 0.351662 0.063717 -0.933956
vn 0.351662 0.063717 -0.933956
vn -0.288346 -0.133061 -0.948236
vn -0.288346 -0.133061 -0.948236
vn -0.288346 -0.133061 -0.948236
vn -0.037600 -0.256937 -0.965696
vn -0.037600 -0.256937 -0.965696
vn -0.037600 -0.256937 -0.965696
vn 0.113265 0.204223 -0.972350
vn 0.113265 0.204223 -0.972350
vn 0.113265 0.204223 -0.972350
vn -0.222827 0.394724 -0.891370
vn -0.222827 0.394724 -0.891370
vn -0.222827 0.394724 -0.891370
vn -0.550623 0.260441 -0.793086
vn -0.550623 0.260441 -0.793086
vn -0.550623 0.260441 -0.793086
vn 0.363346 -0.202902 -0.909291
vn 0.363346 -0.202902 -0.909291
vn 0.363346 -0.202902 -0.909291
vn 0.403873 0.072108 -0.911969
vn 0.403873 0.072108 -0.911969
vn 0.403873 0.072108 -0.911969
vn 0.616305 0.087969 -0.782579
vn 0.616305 0.087969 -0.782579
vn 0.616305 0.087969 -0.782579
vn -0.226248 0.060158 -0.972210
vn -0.226248 0.060158 -0.972210
vn -0.226248 0.060158 -0.972210
vn -0.144533 -0.435854 -0.888337
vn -0.144533 -0.435854 -0.888337
vn -0.144533 -0.435854 -0.888337
vn -0.042565 -0.321992 -0.945785
vn -0.042565 -0.321992 -0.945785
vn -0.042565 -0.321993 -0.945785
vn -0.435451 -0.308114 -0.845842
vn -0.435451 -0.308114 -0.845841
vn -0.435451 -0.308114 -0.845842
vn -0.626925 -0.745871 0.225035
vn -0.626925 -0.745871 0.225035
vn -0.626925 -0.745871 0.225035
vn -0.185403 -0.798353 -0.572938
vn -0.185403 -0.798353 -0.572938
vn -0.185403 -0.798353 -0.572938
vn 0.293677 -0.442405 -0.847368
vn 0.293677 -0.442405 -0.847368
vn 0.293677 -0.442405 -0.847368
vn -0.151349 -0.394728 -0.906247
vn -0.151349 -0.394728 -0.906247
vn -0.151349 -0.394728 -0.906247
vn 0.044721 -0.260202 -0.964518
vn 0.044721 -0.260202 -0.964518
vn 0.044721 -0.260202 -0.964518
vn 0.015645 -0.314594 -0.949097
vn 0.015645 -0.314594 -0.949097
vn 0.015645 -0.314594 -0.949097
vn 0.310592 -0.345803 -0.885411
vn 0.310593 -0.345803 -0.885411
vn 0.310593 -0.345803 -0.885411
vn 0.447769 0.005480 -0.894133
vn 0.447769 0.005480 -0.894133
vn 0.447769 0.005480 -0.894133
vn 0.506593 -0.388264 -0.769815
vn 0.506593 -0.388264 -0.769815
vn 0.506593 -0.388264 -0.769815
vn 0.372851 -0.184243 -0.909415
vn 0.372851 -0.184243 -0.909415
vn 0.372851 -0.184243 -0.909415
vn 0.330734 -0.117067 -0.936435
vn 0.330734 -0.117068 -0.936435
vn 0.330734 -0.117068 -0.936435
vn 0.404561 0.019002 -0.914314
vn 0.404561 0.019002 -0.914314
vn 0.404561 0.019002 -0.914314
vn -0.639246 0.497302 -0.586562
vn -0.639246 0.497302 -0.586562
vn -0.639246 0.497302 -0.586562
vn 0.447730 0.242514 -0.860654
vn 0.447730 0.242514 -0.860654
vn 0.447730 0.242514 -0.860654
vn 0.124268 0.281494 -0.951482
vn 0.124268 0.281494 -0.951482
vn 0.124268 0.281494 -0.951482
vn -0.034607 0.361840 -0.931598
vn -0.034607 0.361840 -0.931598
vn -0.034607 0.361840 -0.931598
vn -0.688535 -0.389453 -0.611756
vn -0.688535 -0.389453 -0.611756
vn -0.688535 -0.389453 -0.611756
vn -0.655066 -0.754705 -0.036183
vn -0.655066 -0.754705 -0.036183
vn -0.655066 -0.754705 -0.036183
vn -0.556688 0.118412 -0.822239
vn -0.556688 0.118412 -0.822239
vn -0.556688 0.118412 -0.822239
vn -0.194779 -0.563733 -0.802662
vn -0.194779 -0.563733 -0.802662
vn -0.194779 -0.563733 -0.802662
vn -0.157431 0.118279 -0.980421
vn -0.157431 0.118279 -0.980421
vn -0.157431 0.118279 -0.980421
vn 0.477691 -0.385357 -0.789501
vn 0.477691 -0.385357 -0.789501
vn 0.477691 -0.385357 -0.789501
vn 0.269487 -0.439964 -0.856626
vn 0.269487 -0.439964 -0.856626
vn 0.269487 -0.439964 -0.856626
vn 0.233412 0.012439 -0.972298
vn 0.233412 0.012439 -0.972298
vn 0.233412 0.012439 -0.972298
vn 0.382506 0.071146 -0.921210
vn 0.382506 0.071146 -0.921210
vn 0.382506 0.071146 -0.921210
vn -0.177266 -0.060193 -0.982320
vn -0.177266 -0.060193 -0.982321
vn -0.177266 -0.060193 -0.982320
vn -0.178961 0.326109 -0.928238
vn -0.178961 0.326109 -0.928238
vn -0.178961 0.326109 -0.928238
vn -0.153550 0.045226 -0.987105
vn -0.153550 0.045226 -0.987105
vn -0.153550 0.045226 -0.987105
vn -0.494368 -0.412353 -0.765222
vn -0.494368 -0.412353 -0.765222
vn -0.494368 -0.412353 -0.765222
vn 0.493392 -0.370361 -0.787018
vn 0.493392 -0.370361 -0.787018
vn 0.493392 -0.370361 -0.787018
vn 0.051313 -0.282970 -0.957755
vn 0.051313 -0.282970 -0.957755
vn 0.051313 -0.282970 -0.957755
vn 0.365793 -0.138870 -0.920277
vn 0.365793 -0.138870 -0.920277
vn 0.365793 -0.138870 -0.920277
vn 0.358751 0.114273 -0.926412
vn 0.358751 0.114273 -0.926412
vn 0.358751 0.114273 -0.926412
vn 0.443813 -0.002028 -0.896117
vn 0.443813 -0.002028 -0.896117
vn 0.443813 -0.002028 -0.896117
vn 0.450227 0.110852 -0.886006
vn 0.450227 0.110852 -0.886006
vn 0.450227 0.110852 -0.886006
vn 0.398595 0.028270 -0.916691
vn 0.398595 0.028270 -0.916691
vn 0.398595 0.028270 -0.916691
vn -0.466542 -0.107927 -0.877890
vn -0.466542 -0.107927 -0.877890
vn -0.466542 -0.107927 -0.877890
vn -0.393119 0.744610 -0.539456
vn -0.393119 0.744610 -0.539456
vn -0.393119 0.744610 -0.539456
vn -0.252371 0.329400 -0.909837
vn -0.252371 0.329400 -0.909837
vn -0.252371 0.329400 -0.909837
vn 0.027539 -0.999294 -0.025574
vn 0.027539 -0.999294 -0.025574
vn 0.027539 -0.999294 -0.025574
vn 0.207982 -0.346272 -0.914789
vn 0.207982 -0.346272 -0.914789
vn 0.207982 -0.346272 -0.914789
vn 0.115230 -0.497644 -0.859693
vn 0.115230 -0.497644 -0.859693
vn 0.115230 -0.497644 -0.859693
vn 0.302407 -0.218043 -0.927905
vn 0.302407 -0.218043 -0.927905
vn 0.302407 -0.218043 -0.927905
vn 0.286033 -0.035884 -0.957548
vn 0.286033 -0.035884 -0.957548
vn 0.286033 -0.035884 -0.957548
vn 0.251087 -0.208400 -0.945265
vn 0.251087 -0.208400 -0.945265
vn 0.251087 -0.208400 -0.945265
vn 0.415836 -0.775252 -0.475462
vn 0.415836 -0.775252 -0.475462
vn 0.415836 -0.775252 -0.475462
vn -0.962686 0.185873 -0.196689
vn -0.962686 0.185873 -0.196690
vn -0.962686 0.185873 -0.196689
vn 0.612380 0.093019 -0.785072
vn 0.612380 0.093019 -0.785072
vn 0.612380 0.093019 -0.785072
vn 0.085262 -0.045840 -0.995303
vn 0.085262 -0.045840 -0.995303
vn 0.085262 -0.045840 -0.995304
vn 0.184482 -0.574555 -0.797404
vn 0.184482 -0.574555 -0.797404
vn 0.184482 -0.574555 -0.797404
vn 0.336885 -0.358298 -0.870707
vn 0.336885 -0.358298 -0.870707
vn 0.336885 -0.358298 -0.870707
vn 0.297578 -0.063700 -0.952570
vn 0.297578 -0.063700 -0.952570
vn 0.297578 -0.063700 -0.952570
vn 0.370718 -0.726635 -0.578420
vn 0.370718 -0.726635 -0.578420
vn 0.370718 -0.726635 -0.578420
vn 0.274772 -0.055636 -0.959899
vn 0.274772 -0.055636 -0.959898
vn 0.274772 -0.055636 -0.959899
vn 0.385558 0.086438 -0.918626
vn 0.385558 0.086438 -0.918626
vn 0.385558 0.086438 -0.918626
vn 0.423245 -0.038745 -0.905186
vn 0.423245 -0.038745 -0.905186
vn 0.423245 -0.038745 -0.905187
vn -0.079511 0.439833 -0.894553
vn -0.079511 0.439833 -0.894553
vn -0.079511 0.439832 -0.894553
vn -0.130643 0.120631 -0.984063
vn -0.130643 0.120631 -0.984063
vn -0.130643 0.120631 -0.984063
vn -0.258553 0.314668 -0.913310
vn -0.258553 0.314668 -0.913310
vn -0.258553 0.314668 -0.913310
vn 0.533542 -0.841370 0.086196
vn 0.533542 -0.841370 0.086196
vn 0.533542 -0.841370 0.086196
vn 0.061482 -0.423949 -0.903597
vn 0.061482 -0.423949 -0.903597
vn 0.061482 -0.423949 -0.903597
vn 0.334588 -0.080300 -0.938937
vn 0.334588 -0.080300 -0.938937
vn 0.334588 -0.080300 -0.938937
vn 0.044187 -0.348609 -0.936226
vn 0.044187 -0.348609 -0.936226
vn 0.044187 -0.348609 -0.936226
vn -0.052033 0.373516 -0.926163
vn -0.052033 0.373516 -0.926163
vn -0.052033 0.373516 -0.926163
vn -0.666734 0.222479 -0.711315
vn -0.666734 0.222479 -0.711315
vn -0.666734 0.222479 -0.711315
vn 0.192965 -0.154234 -0.969008
vn 0.192965 -0.154234 -0.969008
vn 0.192965 -0.154234 -0.969008
vn -0.008765 -0.294972 -0.955466
vn -0.008765 -0.294972 -0.955466
vn -0.008765 -0.294972 -0.955466
vn 0.292791 0.032570 -0.955622
vn 0.292791 0.032570 -0.955622
vn 0.292791 0.032570 -0.955621
vn 0.247175 -0.382294 -0.890368
vn 0.247175 -0.382294 -0.890368
vn 0.247175 -0.382294 -0.890368
vn 0.239026 -0.334333 -0.911640
vn 0.239026 -0.334333 -0.911640
vn 0.239026 -0.334333 -0.911640
vn 0.588804 -0.351485 -0.727851
vn 0.588804 -0.351485 -0.727851
vn 0.588804 -0.351485 -0.727852
vn 0.332611 0.079628 -0.939696
vn 0.332611 0.079628 -0.939696
vn 0.332611 0.079628 -0.939696
vn 0.580730 0.000074 -0.814096
vn 0.580730 0.000074 -0.814096
vn 0.580730 0.000074 -0.814096
vn 0.422193 0.127101 -0.897551
vn 0.422193 0.127101 -0.897551
vn 0.422193 0.127101 -0.897551
vn 0.394354 0.027739 -0.918540
vn 0.394354 0.027739 -0.918540
vn 0.394354 0.027739 -0.918540
vn -0.178277 0.067332 -0.981674
vn -0.178277 0.067332 -0.981674
vn -0.178277 0.067332 -0.981674
vn -0.051584 -0.080997 -0.995379
vn -0.051584 -0.080997 -0.995379
vn -0.051584 -0.080997 -0.995379
vn -0.269074 0.060333 -0.961228
vn -0.269074 0.060333 -0.961228
vn -0.269074 0.060333 -0.961228
vn -0.350240 -0.364849 0.862681
vn -0.350240 -0.364849 0.862681
vn -0.350240 -0.364849 0.862681
vn -0.434878 0.257167 -0.862987
vn -0.434878 0.257167 -0.862987
vn -0.434878 0.257167 -0.862987
vn 0.169700 0.194628 -0.966086
vn 0.169700 0.194628 -0.966086
vn 0.169700 0.194628 -0.966086
vn 0.417970 -0.688500 -0.592679
vn 0.417970 -0.688500 -0.592679
vn 0.417970 -0.688501 -0.592679
vn -0.606469 0.266118 -0.749251
vn -0.606469 0.266118 -0.749251
vn -0.606469 0.266118 -0.749251
vn 0.374633 0.235569 -0.896748
vn 0.374633 0.235569 -0.896748
vn 0.374633 0.235569 -0.896748
vn 0.153469 -0.358025 -0.921013
vn 0.153469 -0.358025 -0.921013
vn 0.153469 -0.358025 -0.921013
vn 0.155392 -0.154183 -0.975746
vn 0.155392 -0.154183 -0.975746
vn 0.155392 -0.154183 -0.975746
vn 0.475996 0.052405 -0.877885
vn 0.475996 0.052405 -0.877884
vn 0.475996 0.052405 -0.877885
vn 0.459433 0.153842 -0.874788
vn 0.459433 0.153842 -0.874788
vn 0.459433 0.153842 -0.874788
vn 0.380685 0.052996 -0.923185
vn 0.380685 0.052996 -0.923185
vn 0.380685 0.052996 -0.923185
vn 0.003372 -0.999631 0.026952
vn 0.003372 -0.999631 0.026952
vn 0.003372 -0.999631 0.026952
vn -0.469867 -0.122001 -0.874266
vn -0.469866 -0.122001 -0.874266
vn -0.469867 -0.122001 -0.874266
vn -0.399539 0.008795 -0.916674
vn -0.399539 0.008795 -0.916674
vn -0.399539 0.008795 -0.916674
vn -0.253442 -0.305824 -0.917735
vn -0.253442 -0.305824 -0.917736
vn -0.253442 -0.305824 -0.917736
vn 0.180860 0.107745 -0.977589
vn 0.180860 0.107745 -0.977589
vn 0.180860 0.107745 -0.977589
vn 0.093914 -0.880375 -0.464887
vn 0.093914 -0.880375 -0.464887
vn 0.093914 -0.880375 -0.464887
vn -0.293594 0.142739 -0.945213
vn -0.293594 0.142739 -0.945213
vn -0.293594 0.142739 -0.945213
vn -0.494866 0.331148 -0.803399
vn -0.494866 0.331148 -0.803399
vn -0.494866 0.331148 -0.803399
vn -0.285586 -0.293220 -0.912394
vn -0.285586 -0.293220 -0.912394
vn -0.285586 -0.293220 -0.912394
vn -0.463553 0.314230 -0.828480
vn -0.463553 0.314230 -0.828480
vn -0.463553 0.314230 -0.828480
vn 0.184610 -0.015044 -0.982697
vn 0.184610 -0.015044 -0.982697
vn 0.184610 -0.015044 -0.982697
vn 0.053302 -0.539136 -0.840531
vn 0.053302 -0.539136 -0.840531
vn 0.053302 -0.539136 -0.840531
vn 0.157772 -0.363084 -0.918302
vn 0.157772 -0.363084 -0.918302
vn 0.157772 -0.363084 -0.918302
vn 0.196308 -0.049932 -0.979270
vn 0.196308 -0.049932 -0.979270
vn 0.196308 -0.049932 -0.979270
vn 0.298105 -0.157207 -0.941498
vn 0.298105 -0.157207 -0.941498
vn 0.298105 -0.157207 -0.941498
vn 0.278805 0.023708 -0.960055
vn 0.278805 0.023708 -0.960055
vn 0.278805 0.023708 -0.960055
vn 0.254894 -0.002551 -0.966965
vn 0.254894 -0.002551 -0.966966
vn 0.254894 -0.002551 -0.966966
vn -0.342546 0.327829 -0.880449
vn -0.342546 0.327829 -0.880449
vn -0.342546 0.327829 -0.880449
vn -0.312036 0.232385 -0.921212
vn -0.312036 0.232385 -0.921212
vn -0.312036 0.232385 -0.921212
vn -0.428726 0.329635 -0.841151
vn -0.428726 0.329635 -0.841151
vn -0.428726 0.329635 -0.841151
vn 0.080483 0.284634 -0.955252
vn 0.080483 0.284634 -0.955252
vn 0.080483 0.284634 -0.955252
vn -0.087461 0.474014 -0.876163
vn -0.087461 0.474014 -0.876163
vn -0.087461 0.474014 -0.876163
vn -0.286010 0.212986 -0.934257
vn -0.286010 0.212986 -0.934257
vn -0.286010 0.212986 -0.934257
vn 0.267793 -0.461889 -0.845545
vn 0.267793 -0.461889 -0.845545
vn 0.267793 -0.461889 -0.845545
vn 0.167509 -0.331734 -0.928382
vn 0.167509 -0.331734 -0.928382
vn 0.167509 -0.331734 -0.928382
vn -0.177662 -0.305864 -0.935352
vn -0.177662 -0.305864 -0.935352
vn -0.177662 -0.305864 -0.935352
vn 0.122272 0.125207 -0.984567
vn 0.122272 0.125207 -0.984567
vn 0.122272 0.125207 -0.984567
vn 0.121027 0.079642 -0.989449
vn 0.121027 0.079642 -0.989449
vn 0.121027 0.079642 -0.989449
vn -0.581773 0.030729 -0.812771
vn -0.581773 0.030729 -0.812771
vn -0.581773 0.030729 -0.812771
vn -0.114256 -0.975210 -0.189504
vn -0.114256 -0.975210 -0.189504
vn -0.114256 -0.975210 -0.189504
vn 0.581736 -0.473544 -0.661316
vn 0.581736 -0.473544 -0.661316
vn 0.581736 -0.473544 -0.661316
vn -0.356748 -0.243602 -0.901881
vn -0.356748 -0.243602 -0.901881
vn -0.356748 -0.243602 -0.901881
vn 0.177933 -0.024146 -0.983746
vn 0.177933 -0.024146 -0.983746
vn 0.177933 -0.024146 -0.983746
vn 0.382085 -0.284183 -0.879347
vn 0.382085 -0.284183 -0.879347
vn 0.382085 -0.284183 -0.879347
vn 0.231048 0.044773 -0.971912
vn 0.231048 0.044773 -0.971912
vn 0.231048 0.044773 -0.971912
vn 0.325496 0.156446 -0.932511
vn 0.325496 0.156446 -0.932511
vn 0.325496 0.156446 -0.932511
vn -0.305345 -0.202379 -0.930487
vn -0.305345 -0.202379 -0.930487
vn -0.305345 -0.202379 -0.930487
vn 0.300939 0.275177 -0.913079
vn 0.300939 0.275177 -0.913079
vn 0.300939 0.275177 -0.913079
vn -0.294487 -0.195717 -0.935399
vn -0.294487 -0.195717 -0.935399
vn -0.294487 -0.195717 -0.935400
vn -0.320147 -0.279799 -0.905107
vn -0.320147 -0.279799 -0.905107
vn -0.320147 -0.279799 -0.905107
vn 0.370054 -0.237048 -0.898259
vn 0.370054 -0.237048 -0.898259
vn 0.370054 -0.237048 -0.898259
vn 0.172146 -0.359099 -0.917286
vn 0.172146 -0.359099 -0.917286
vn 0.172146 -0.359099 -0.917286
vn 0.170866 -0.234348 -0.957019
vn 0.170866 -0.234348 -0.957019
vn 0.170866 -0.234348 -0.957019
vn 0.161468 -0.001638 -0.986877
vn 0.161467 -0.001638 -0.986877
vn 0.161467 -0.001638 -0.986877
vn 0.322247 0.177844 -0.929800
vn 0.322247 0.177844 -0.929800
vn 0.322247 0.177844 -0.929800
vn -0.698328 0.187606 -0.690754
vn -0.698329 0.187607 -0.690754
vn -0.698328 0.187606 -0.690754
vn 0.123263 0.245951 -0.961413
vn 0.123263 0.245951 -0.961413
vn 0.123263 0.245951 -0.961413
vn -0.240636 -0.274829 -0.930894
vn -0.240636 -0.274829 -0.930894
vn -0.240636 -0.274829 -0.930894
vn -0.171436 -0.069701 -0.982727
vn -0.171436 -0.069701 -0.982727
vn -0.171436 -0.069701 -0.982727
vn -0.793528 -0.255387 -0.552350
vn -0.793528 -0.255387 -0.552350
vn -0.793528 -0.255387 -0.552350
vn 0.278208 -0.246533 -0.928343
vn 0.278208 -0.246533 -0.928343
vn 0.278208 -0.246533 -0.928343
vn 0.255669 0.010567 -0.966707
vn 0.255669 0.010567 -0.966707
vn 0.255669 0.010567 -0.966707
vn 0.115536 -0.356664 -0.927061
vn 0.115536 -0.356664 -0.927061
vn 0.115536 -0.356664 -0.927061
vn 0.302121 -0.202181 -0.931582
vn 0.302121 -0.202181 -0.931582
vn 0.302121 -0.202181 -0.931582
vn 0.374758 -0.292001 -0.879938
vn 0.374758 -0.292001 -0.879938
vn 0.374758 -0.292001 -0.879939
vn 0.024301 0.119671 -0.992516
vn 0.024301 0.119671 -0.992516
vn 0.024301 0.119671 -0.992516
vn 0.070974 0.151086 -0.985970
vn 0.070974 0.151086 -0.985969
vn 0.070974 0.151086 -0.985969
vn -0.101091 0.569906 -0.815468
vn -0.101091 0.569906 -0.815468
vn -0.101091 0.569906 -0.815468
vn -0.624016 -0.053706 -0.779564
vn -0.624016 -0.053706 -0.779564
vn -0.624016 -0.053706 -0.779564
vn -0.888056 -0.060436 -0.455745
vn -0.888056 -0.060436 -0.455745
vn -0.888056 -0.060436 -0.455745
vn 0.062935 -0.349345 -0.934878
vn 0.062935 -0.349345 -0.934878
vn 0.062935 -0.349345 -0.934878
vn 0.139695 -0.729384 -0.669690
vn 0.139695 -0.729383 -0.669690
vn 0.139695 -0.729384 -0.669690
vn 0.261038 0.024413 -0.965020
vn 0.261038 0.024413 -0.965020
vn 0.261038 0.024413 -0.965020
vn 0.266834 0.062047 -0.961743
vn 0.266834 0.062047 -0.961743
vn 0.266834 0.062047 -0.961743
vn 0.124143 -0.713416 -0.689656
vn 0.124143 -0.713416 -0.689656
vn 0.124143 -0.713416 -0.689656
vn 0.124755 -0.670059 -0.731749
vn 0.124755 -0.670059 -0.731749
vn 0.124755 -0.670059 -0.731749
vn 0.240899 -0.272399 -0.931540
vn 0.240899 -0.272399 -0.931540
vn 0.240899 -0.272399 -0.931540
vn 0.278581 -0.225588 -0.933543
vn 0.278581 -0.225588 -0.933543
vn 0.278581 -0.225588 -0.933543
vn 0.220641 -0.148416 -0.963997
vn 0.220641 -0.148416 -0.963997
vn 0.220641 -0.148416 -0.963997
vn 0.257756 0.021296 -0.965975
vn 0.257756 0.021296 -0.965975
vn 0.257756 0.021296 -0.965975
vn 0.137659 -0.447618 -0.883566
vn 0.137659 -0.447618 -0.883566
vn 0.137659 -0.447618 -0.883566
vn -0.392824 0.052768 -0.918098
vn -0.392824 0.052768 -0.918098
vn -0.392824 0.052768 -0.918098
vn 0.139823 -0.143624 -0.979705
vn 0.139823 -0.143624 -0.979705
vn 0.139823 -0.143624 -0.979705
vn 0.155531 -0.700544 -0.696454
vn 0.155531 -0.700544 -0.696454
vn 0.155531 -0.700544 -0.696454
vn 0.172833 -0.355038 -0.918737
vn 0.172833 -0.355038 -0.918737
vn 0.172833 -0.355038 -0.918737
vn 0.127620 -0.362564 -0.923179
vn 0.127620 -0.362564 -0.923179
vn 0.127620 -0.362564 -0.923179
vn 0.174882 -0.239199 -0.955092
vn 0.174882 -0.239199 -0.955092
vn 0.174882 -0.239199 -0.955092
vn 0.602052 -0.085778 -0.793836
vn 0.602052 -0.085778 -0.793836
vn 0.602052 -0.085778 -0.793836
vn -0.583864 0.032530 -0.811200
vn -0.583864 0.032530 -0.811200
vn -0.583864 0.032530 -0.811200
vn 0.439095 -0.581454 -0.684914
vn 0.439095 -0.581454 -0.684914
vn 0.439095 -0.581454 -0.684914
vn 0.170505 0.163429 -0.971709
vn 0.170505 0.163429 -0.971709
vn 0.170505 0.163429 -0.971709
vn -0.190273 -0.396593 -0.898059
vn -0.190273 -0.396593 -0.898059
vn -0.190273 -0.396593 -0.898059
vn -0.241183 0.186838 -0.952325
vn -0.241183 0.186838 -0.952325
vn -0.241183 0.186838 -0.952325
vn 0.086308 -0.536657 -0.839375
vn 0.086308 -0.536657 -0.839375
vn 0.086308 -0.536657 -0.839375
vn 0.110142 -0.242705 -0.963827
vn 0.110142 -0.242705 -0.963827
vn 0.110142 -0.242705 -0.963827
vn 0.187604 0.143704 -0.971676
vn 0.187604 0.143704 -0.971676
vn 0.187604 0.143704 -0.971676
vn 0.242919 -0.228218 -0.942819
vn 0.242919 -0.228218 -0.942819
vn 0.242919 -0.228218 -0.942819
vn 0.183962 -0.054365 -0.981429
vn 0.183962 -0.054365 -0.981429
vn 0.183962 -0.054365 -0.981429
vn 0.356761 0.170897 -0.918431
vn 0.356761 0.170897 -0.918431
vn 0.356761 0.170897 -0.918431
vn 0.208963 0.339514 -0.917096
vn 0.208964 0.339514 -0.917096
vn 0.208963 0.339514 -0.917096
vn 0.405362 0.121033 -0.906108
vn 0.405362 0.121033 -0.906108
vn 0.405362 0.121033 -0.906108
vn 0.125874 0.358049 -0.925179
vn 0.125874 0.358049 -0.925179
vn 0.125874 0.358049 -0.925179
vn 0.137317 -0.010673 -0.990470
vn 0.137317 -0.010673 -0.990470
vn 0.137317 -0.010673 -0.990470
vn 0.139214 -0.002237 -0.990260
vn 0.139214 -0.002237 -0.990260
vn 0.139214 -0.002237 -0.990260
vn 0.121002 -0.299235 -0.946476
vn 0.121002 -0.299235 -0.946476
vn 0.121002 -0.299235 -0.946476
vn 0.276471 -0.315966 -0.907596
vn 0.276470 -0.315966 -0.907596
vn 0.276470 -0.315966 -0.907596
vn 0.265590 -0.128285 -0.955513
vn 0.265590 -0.128285 -0.955513
vn 0.265590 -0.128285 -0.955513
vn 0.388789 0.269973 -0.880884
vn 0.388789 0.269973 -0.880884
vn 0.388789 0.269973 -0.880884
vn -0.287475 -0.237011 -0.928000
vn -0.287475 -0.237011 -0.928000
vn -0.287475 -0.237011 -0.928000
vn -0.312747 -0.347472 -0.883998
vn -0.312747 -0.347472 -0.883998
vn -0.312747 -0.347472 -0.883998
vn -0.749952 0.117983 -0.650886
vn -0.749952 0.117983 -0.650886
vn -0.749952 0.117983 -0.650886
vn 0.116218 -0.444367 -0.888275
vn 0.116218 -0.444367 -0.888275
vn 0.116218 -0.444367 -0.888275
vn 0.138055 -0.155334 -0.978168
vn 0.138055 -0.155334 -0.978168
vn 0.138055 -0.155334 -0.978168
vn 0.217454 -0.000702 -0.976070
vn 0.217454 -0.000702 -0.976070
vn 0.217454 -0.000702 -0.976070
vn 0.144156 -0.283299 -0.948135
vn 0.144156 -0.283299 -0.948135
vn 0.144156 -0.283299 -0.948135
vn 0.324801 -0.112605 -0.939055
vn 0.324801 -0.112605 -0.939055
vn 0.324801 -0.112605 -0.939055
vn 0.320395 -0.063981 -0.945121
vn 0.320395 -0.063981 -0.945121
vn 0.320395 -0.063981 -0.945121
vn 0.253398 0.168490 -0.952576
vn 0.253398 0.168490 -0.952576
vn 0.253398 0.168490 -0.952576
vn -0.622595 0.148036 -0.768414
vn -0.622595 0.148036 -0.768414
vn -0.622595 0.148036 -0.768414
vn 0.134640 -0.248222 -0.959301
vn 0.134640 -0.248222 -0.959301
vn 0.134640 -0.248222 -0.959301
vn -0.574097 0.192649 -0.795801
vn -0.574097 0.192649 -0.795801
vn -0.574097 0.192649 -0.795801
vn 0.235541 -0.186303 -0.953840
vn 0.235541 -0.186303 -0.953841
vn 0.235541 -0.186303 -0.953840
vn -0.277384 0.349264 -0.895027
vn -0.277384 0.349264 -0.895027
vn -0.277384 0.349264 -0.895027
vn -0.225778 0.476514 -0.849682
vn -0.225778 0.476514 -0.849682
vn -0.225778 0.476514 -0.849682
vn -0.512904 -0.079901 -0.854720
vn -0.512904 -0.079901 -0.854720
vn -0.512904 -0.079901 -0.854720
vn -0.498277 -0.042012 -0.866000
vn -0.498277 -0.042012 -0.866000
vn -0.498277 -0.042012 -0.866000
vn -0.157750 0.149516 -0.976094
vn -0.157750 0.149516 -0.976094
vn -0.157750 0.149516 -0.976094
vn 0.126533 -0.105270 -0.986361
vn 0.126533 -0.105270 -0.986361
vn 0.126533 -0.105270 -0.986361
vn 0.084270 -0.723379 -0.685289
vn 0.084270 -0.723379 -0.685290
vn 0.084270 -0.723379 -0.685289
vn 0.030312 -0.340279 -0.939836
vn 0.030312 -0.340279 -0.939836
vn 0.030312 -0.340279 -0.939836
vn 0.196561 -0.335430 -0.921331
vn 0.196561 -0.335430 -0.921331
vn 0.196561 -0.335430 -0.921331
vn 0.220966 -0.225408 -0.948876
vn 0.220966 -0.225408 -0.948876
vn 0.220966 -0.225408 -0.948876
vn 0.238600 -0.222097 -0.945380
vn 0.238600 -0.222097 -0.945380
vn 0.238600 -0.222097 -0.945380
vn 0.215502 -0.196756 -0.956476
vn 0.215502 -0.196756 -0.956476
vn 0.215502 -0.196756 -0.956476
vn 0.823868 -0.535001 -0.187122
vn 0.823868 -0.535001 -0.187122
vn 0.823868 -0.535001 -0.187122
vn 0.170036 0.345293 -0.922963
vn 0.170036 0.345293 -0.922963
vn 0.170036 0.345293 -0.922963
vn -0.622837 -0.189879 -0.758960
vn -0.622837 -0.189879 -0.758960
vn -0.622837 -0.189879 -0.758960
vn -0.015733 -0.973235 0.229272
vn -0.015733 -0.973235 0.229272
vn -0.015733 -0.973235 0.229272
vn -0.381320 -0.320083 -0.867261
vn -0.381320 -0.320083 -0.867261
vn -0.381320 -0.320083 -0.867261
vn 0.117776 -0.793612 -0.596917
vn 0.117776 -0.793612 -0.596917
vn 0.117776 -0.793612 -0.596917
vn 0.058156 -0.590893 -0.804651
vn 0.058156 -0.590893 -0.804651
vn 0.058156 -0.590893 -0.804651
vn 0.130327 -0.706874 -0.695230
vn 0.130327 -0.706874 -0.695230
vn 0.130327 -0.706874 -0.695230
vn 0.105680 -0.409810 -0.906029
vn 0.105680 -0.409810 -0.906028
vn 0.105680 -0.409810 -0.906028
vn 0.184592 -0.180039 -0.966184
vn 0.184592 -0.180039 -0.966184
vn 0.184592 -0.180039 -0.966184
vn 0.166321 0.105491 -0.980413
vn 0.166321 0.105491 -0.980413
vn 0.166321 0.105491 -0.980413
vn 0.297769 0.263946 -0.917424
vn 0.297769 0.263946 -0.917424
vn 0.297769 0.263946 -0.917424
vn -0.181693 0.239815 -0.953665
vn -0.181693 0.239815 -0.953665
vn -0.181693 0.239815 -0.953665
vn -0.019328 0.254262 -0.966942
vn -0.019328 0.254262 -0.966942
vn -0.019328 0.254262 -0.966942
vn 0.201274 -0.258413 -0.944834
vn 0.201274 -0.258413 -0.944834
vn 0.201274 -0.258413 -0.944834
vn 0.220348 -0.173578 -0.959853
vn 0.220348 -0.173578 -0.959853
vn 0.220348 -0.173578 -0.959853
vn 0.219660 0.177858 -0.959227
vn 0.219660 0.177858 -0.959227
vn 0.219660 0.177858 -0.959227
vn 0.167126 0.338550 -0.925988
vn 0.167126 0.338550 -0.925988
vn 0.167126 0.338550 -0.925988
vn -0.435261 0.023934 -0.899986
vn -0.435261 0.023934 -0.899986
vn -0.435261 0.023934 -0.899986
vn -0.582258 -0.110232 -0.805497
vn -0.582258 -0.110232 -0.805497
vn -0.582258 -0.110232 -0.805497
vn 0.130740 -0.460574 -0.877940
vn 0.130740 -0.460574 -0.877940
vn 0.130740 -0.460574 -0.877940
vn 0.198757 -0.262208 -0.944321
vn 0.198757 -0.262208 -0.944321
vn 0.198757 -0.262208 -0.944321
vn 0.012868 -0.374148 -0.927280
vn 0.012868 -0.374148 -0.927280
vn 0.012868 -0.374148 -0.927280
vn 0.088897 -0.124529 -0.988226
vn 0.088897 -0.124529 -0.988226
vn 0.088897 -0.124529 -0.988226
vn 0.122848 -0.023185 -0.992155
vn 0.122848 -0.023185 -0.992155
vn 0.122848 -0.023185 -0.992155
vn -0.525414 -0.238543 -0.816724
vn -0.525414 -0.238543 -0.816724
vn -0.525414 -0.238543 -0.816724
vn -0.052083 0.143633 -0.988260
vn -0.052083 0.143633 -0.988260
vn -0.052083 0.143633 -0.988260
vn -0.680531 -0.364668 -0.635527
vn -0.680532 -0.364668 -0.635527
vn -0.680532 -0.364668 -0.635527
vn -0.430926 -0.264762 -0.862673
vn -0.430926 -0.264762 -0.862673
vn -0.430926 -0.264762 -0.862673
vn -0.351038 0.451333 -0.820409
vn -0.351038 0.451333 -0.820409
vn -0.351038 0.451333 -0.820409
vn -0.890629 0.167809 -0.422635
vn -0.890629 0.167809 -0.422635
vn -0.890629 0.167809 -0.422635
vn -0.327301 0.525437 -0.785360
vn -0.327301 0.525437 -0.785360
vn -0.327301 0.525437 -0.785360
vn -0.007677 -0.299100 -0.954191
vn -0.007677 -0.299100 -0.954191
vn -0.007677 -0.299100 -0.954191
vn 0.153130 -0.087061 -0.984363
vn 0.153130 -0.087061 -0.984363
vn 0.153130 -0.087061 -0.984364
vn 0.328623 -0.169024 -0.929213
vn 0.328623 -0.169024 -0.929213
vn 0.328623 -0.169024 -0.929213
vn 0.361506 -0.260756 -0.895165
vn 0.361506 -0.260756 -0.895165
vn 0.361506 -0.260756 -0.895165
vn 0.183020 -0.185257 -0.965496
vn 0.183020 -0.185257 -0.965496
vn 0.183020 -0.185257 -0.965496
vn 0.195115 -0.805232 -0.559939
vn 0.195115 -0.805232 -0.559939
vn 0.195115 -0.805232 -0.559939
vn -0.593840 0.165663 -0.787343
vn -0.593840 0.165663 -0.787343
vn -0.593840 0.165663 -0.787343
vn -0.223317 0.176382 -0.958655
vn -0.223317 0.176382 -0.958655
vn -0.223317 0.176382 -0.958655
vn 0.129096 -0.263576 -0.955961
vn 0.129096 -0.263576 -0.955961
vn 0.129096 -0.263576 -0.955961
vn 0.114743 -0.035592 -0.992757
vn 0.114743 -0.035592 -0.992757
vn 0.114743 -0.035592 -0.992757
vn 0.199845 -0.193815 -0.960468
vn 0.199845 -0.193815 -0.960468
vn 0.199845 -0.193815 -0.960468
vn 0.168258 -0.004362 -0.985733
vn 0.168258 -0.004362 -0.985733
vn 0.168258 -0.004362 -0.985733
vn 0.125723 -0.114252 -0.985465
vn 0.125723 -0.114252 -0.985465
vn 0.125723 -0.114252 -0.985464
vn 0.149229 -0.055788 -0.987228
vn 0.149229 -0.055788 -0.987228
vn 0.149229 -0.055788 -0.987228
vn 0.148284 0.036439 -0.988273
vn 0.148284 0.036439 -0.988273
vn 0.148284 0.036439 -0.988273
vn -0.478916 -0.690447 -0.542146
vn -0.478916 -0.690447 -0.542146
vn -0.478916 -0.690447 -0.542146
vn -0.031292 -0.021295 -0.999283
vn -0.031292 -0.021295 -0.999283
vn -0.031292 -0.021295 -0.999283
vn -0.491403 -0.436566 -0.753613
vn -0.491403 -0.436566 -0.753613
vn -0.491403 -0.436566 -0.753613
vn 0.303007 0.276699 -0.911934
vn 0.303007 0.276699 -0.911934
vn 0.303007 0.276699 -0.911934
vn -0.016065 -0.534753 -0.844856
vn -0.016065 -0.534753 -0.844856
vn -0.016065 -0.534753 -0.844856
vn 0.254814 -0.324899 -0.910775
vn 0.254814 -0.324899 -0.910775
vn 0.254814 -0.324899 -0.910775
vn 0.116969 -0.081134 -0.989816
vn 0.116969 -0.081134 -0.989816
vn 0.116969 -0.081134 -0.989816
vn -0.239825 0.240185 -0.940636
vn -0.239825 0.240185 -0.940635
vn -0.239825 0.240185 -0.940636
vn 0.391623 0.864423 -0.315286
vn 0.391623 0.864423 -0.315286
vn 0.391623 0.864423 -0.315286
vn -0.928411 0.310900 -0.203454
vn -0.928411 0.310900 -0.203454
vn -0.928411 0.310900 -0.203454
vn -0.921070 0.182499 -0.343983
vn -0.921070 0.182499 -0.343983
vn -0.921070 0.182499 -0.343983
vn -0.374146 0.165372 -0.912506
vn -0.374146 0.165372 -0.912506
vn -0.374146 0.165372 -0.912506
vn 0.173146 -0.276289 -0.945349
vn 0.173146 -0.276289 -0.945349
vn 0.173146 -0.276289 -0.945349
vn 0.145813 0.227787 -0.962731
vn 0.145813 0.227787 -0.962731
vn 0.145813 0.227787 -0.962731
vn 0.259447 -0.194289 -0.946012
vn 0.259447 -0.194289 -0.946012
vn 0.259447 -0.194289 -0.946012
vn 0.343556 -0.260446 -0.902296
vn 0.343556 -0.260446 -0.902296
vn 0.343556 -0.260446 -0.902296
vn 0.920314 -0.357783 -0.158157
vn 0.920314 -0.357783 -0.158157
vn 0.920314 -0.357783 -0.158157
vn -0.362128 0.093822 -0.927394
vn -0.362128 0.093822 -0.927395
vn -0.362128 0.093822 -0.927394
vn 0.617729 -0.147504 -0.772433
vn 0.617729 -0.147504 -0.772433
vn 0.617729 -0.147504 -0.772434
vn 0.006553 -0.107681 -0.994164
vn 0.006553 -0.107681 -0.994164
vn 0.006553 -0.107681 -0.994164
vn 0.443357 -0.856697 -0.263638
vn 0.443357 -0.856697 -0.263638
vn 0.443357 -0.856697 -0.263638
vn -0.126636 -0.579750 0.804893
vn -0.126636 -0.579750 0.804893
vn -0.126636 -0.579750 0.804893
vn -0.842161 0.069507 -0.534727
vn -0.842162 0.069507 -0.534727
vn -0.842162 0.069507 -0.534727
vn -0.491484 -0.377154 -0.784983
vn -0.491484 -0.377154 -0.784983
vn -0.491484 -0.377154 -0.784983
vn -0.559038 -0.253395 -0.789472
vn -0.559038 -0.253395 -0.789473
vn -0.559038 -0.253395 -0.789472
vn 0.002460 -0.218156 -0.975911
vn 0.002460 -0.218156 -0.975911
vn 0.002460 -0.218156 -0.975911
vn 0.214607 -0.180275 -0.959919
vn 0.214607 -0.180275 -0.959919
vn 0.214607 -0.180275 -0.959919
vn 0.163933 -0.101557 -0.981230
vn 0.163934 -0.101557 -0.981230
vn 0.163933 -0.101557 -0.981230
vn -0.033447 -0.803224 -0.594738
vn -0.033447 -0.803224 -0.594738
vn -0.033447 -0.803224 -0.594738
vn 0.162598 -0.257386 -0.952530
vn 0.162598 -0.257386 -0.952530
vn 0.162598 -0.257386 -0.952530
vn -0.050809 -0.610939 -0.790046
vn -0.050809 -0.610939 -0.790046
vn -0.050809 -0.610939 -0.790046
vn 0.047226 -0.400737 -0.914975
vn 0.047226 -0.400737 -0.914975
vn 0.047226 -0.400737 -0.914975
vn 0.182053 -0.252103 -0.950421
vn 0.182053 -0.252103 -0.950421
vn 0.182053 -0.252103 -0.950421
vn 0.201654 -0.284470 -0.937237
vn 0.201654 -0.284470 -0.937237
vn 0.201654 -0.284470 -0.937237
vn 0.068409 0.091589 -0.993444
vn 0.068409 0.091589 -0.993444
vn 0.068409 0.091589 -0.993444
vn 0.782235 0.525322 -0.334881
vn 0.782235 0.525322 -0.334881
vn 0.782235 0.525322 -0.334881
vn -0.375550 0.561325 -0.737480
vn -0.375550 0.561325 -0.737480
vn -0.375550 0.561325 -0.737480
vn 0.068711 -0.105141 0.992081
vn 0.068711 -0.105141 0.992081
vn 0.068711 -0.105141 0.992081
vn -0.018944 0.332349 -0.942966
vn -0.018944 0.332349 -0.942966
vn -0.018944 0.332349 -0.942966
vn -0.429684 0.325528 -0.842261
vn -0.429684 0.325528 -0.842261
vn -0.429684 0.325528 -0.842261
vn -0.092791 0.464592 -0.880650
vn -0.092791 0.464592 -0.880650
vn -0.092791 0.464592 -0.880650
vn 0.771950 -0.596463 0.219829
vn 0.771950 -0.596463 0.219829
vn 0.771950 -0.596463 0.219829
vn 0.526272 0.238444 -0.816200
vn 0.526272 0.238444 -0.816200
vn 0.526272 0.238444 -0.816200
vn 0.183348 0.001229 -0.983047
vn 0.183349 0.001229 -0.983047
vn 0.183348 0.001229 -0.983047
vn 0.360953 -0.226681 -0.904615
vn 0.360953 -0.226681 -0.904615
vn 0.360953 -0.226681 -0.904615
vn 0.178462 -0.073779 -0.981177
vn 0.178462 -0.073779 -0.981177
vn 0.178462 -0.073779 -0.981177
vn 0.171904 -0.090177 -0.980978
vn 0.171904 -0.090177 -0.980978
vn 0.171904 -0.090177 -0.980978
vn 0.203924 0.030789 -0.978503
vn 0.203924 0.030789 -0.978502
vn 0.203924 0.030789 -0.978503
vn 0.189198 -0.131368 -0.973112
vn 0.189198 -0.131368 -0.973112
vn 0.189198 -0.131368 -0.973112
vn -0.949887 0.016597 -0.312152
vn -0.949887 0.016597 -0.312152
vn -0.949887 0.016597 -0.312152
vn -0.142131 -0.016945 -0.989703
vn -0.142131 -0.016945 -0.989703
vn -0.142131 -0.016945 -0.989703
vn -0.543016 0.276936 -0.792742
vn -0.543016 0.276936 -0.792742
vn -0.543016 0.276936 -0.792742
vn -0.383667 -0.736765 -0.556755
vn -0.383667 -0.736765 -0.556755
vn -0.383667 -0.736765 -0.556755
vn -0.066008 -0.994054 -0.086604
vn -0.066008 -0.994054 -0.086604
vn -0.066008 -0.994054 -0.086604
vn -0.478433 -0.105622 -0.871749
vn -0.478433 -0.105622 -0.871749
vn -0.478433 -0.105622 -0.871749
vn 0.719672 -0.657274 0.223750
vn 0.719672 -0.657274 0.223750
vn 0.719672 -0.657273 0.223750
vn -0.541934 -0.481114 -0.689084
vn -0.541934 -0.481114 -0.689084
vn -0.541934 -0.481114 -0.689084
vn -0.437880 -0.081608 -0.895322
vn -0.437880 -0.081608 -0.895322
vn -0.437880 -0.081608 -0.895322
vn -0.735240 -0.151900 -0.660567
vn -0.735240 -0.151900 -0.660567
vn -0.735240 -0.151900 -0.660567
vn -0.655494 -0.178527 0.733796
vn -0.655494 -0.178527 0.733796
vn -0.655494 -0.178527 0.733796
vn -0.087500 -0.534528 -0.840609
vn -0.087500 -0.534528 -0.840609
vn -0.087500 -0.534528 -0.840609
vn -0.084112 -0.507875 -0.857314
vn -0.084112 -0.507875 -0.857314
vn -0.084112 -0.507875 -0.857314
vn -0.151852 -0.343331 -0.926858
vn -0.151852 -0.343331 -0.926857
vn -0.151852 -0.343331 -0.926857
vn -0.017967 -0.369708 -0.928974
vn -0.017967 -0.369708 -0.928974
vn -0.017967 -0.369708 -0.928974
vn -0.037812 -0.410825 -0.910930
vn -0.037812 -0.410825 -0.910930
vn -0.037812 -0.410825 -0.910930
vn 0.107021 0.121887 -0.986757
vn 0.107021 0.121887 -0.986757
vn 0.107021 0.121887 -0.986757
vn -0.366633 -0.094355 -0.925569
vn -0.366633 -0.094355 -0.925569
vn -0.366633 -0.094355 -0.925569
vn -0.308775 0.183296 -0.933306
vn -0.308775 0.183296 -0.933306
vn -0.308776 0.183296 -0.933306
vn -0.056332 0.266649 -0.962146
vn -0.056332 0.266649 -0.962146
vn -0.056332 0.266649 -0.962146
vn -0.587281 0.065626 -0.806718
vn -0.587281 0.065626 -0.806718
vn -0.587281 0.065626 -0.806718
vn -0.342829 0.155801 -0.926388
vn -0.342829 0.155801 -0.926388
vn -0.342829 0.155801 -0.926388
vn -0.787286 0.117330 -0.605322
vn -0.787286 0.117330 -0.605322
vn -0.787286 0.117330 -0.605322
vn 0.302134 -0.772658 0.558314
vn 0.302134 -0.772658 0.558314
vn 0.302134 -0.772658 0.558314
vn 0.496636 0.150955 -0.854731
vn 0.496636 0.150955 -0.854731
vn 0.496636 0.150955 -0.854731
vn -0.779248 -0.253623 -0.573104
vn -0.779248 -0.253623 -0.573104
vn -0.779248 -0.253623 -0.573104
vn 0.059018 -0.179528 -0.981981
vn 0.059018 -0.179528 -0.981981
vn 0.059018 -0.179528 -0.981981
vn 0.067998 -0.149098 -0.986482
vn 0.067998 -0.149098 -0.986482
vn 0.067998 -0.149098 -0.986482
vn -0.227229 0.312783 -0.922244
vn -0.227229 0.312783 -0.922244
vn -0.227229 0.312783 -0.922244
vn -0.454910 -0.292902 -0.840991
vn -0.454910 -0.292902 -0.840991
vn -0.454910 -0.292902 -0.840991
vn -0.111375 0.371480 -0.921736
vn -0.111375 0.371480 -0.921736
vn -0.111375 0.371480 -0.921736
vn -0.725148 -0.083598 -0.683500
vn -0.725148 -0.083598 -0.683500
vn -0.725148 -0.083598 -0.683499
vn 0.309249 -0.795162 0.521615
vn 0.309249 -0.795162 0.521615
vn 0.309249 -0.795162 0.521615
vn -0.599065 -0.233832 -0.765796
vn -0.599065 -0.233832 -0.765796
vn -0.599065 -0.233832 -0.765796
vn 0.185971 -0.227126 -0.955944
vn 0.185971 -0.227126 -0.955944
vn 0.185971 -0.227126 -0.955944
vn -0.206113 -0.413561 -0.886840
vn -0.206113 -0.413561 -0.886840
vn -0.206113 -0.413561 -0.886840
vn -0.207379 -0.414474 -0.886118
vn -0.207379 -0.414474 -0.886118
vn -0.207379 -0.414474 -0.886118
vn 0.071798 -0.173577 -0.982200
vn 0.071798 -0.173577 -0.982200
vn 0.071798 -0.173577 -0.982200
vn 0.044088 0.132993 -0.990136
vn 0.044088 0.132993 -0.990136
vn 0.044088 0.132993 -0.990136
vn -0.438981 -0.719906 -0.537616
vn -0.438981 -0.719906 -0.537616
vn -0.438981 -0.719906 -0.537616
vn -0.796987 0.246271 -0.551510
vn -0.796986 0.246271 -0.551510
vn -0.796986 0.246271 -0.551510
vn -0.276660 0.020645 -0.960746
vn -0.276660 0.020645 -0.960746
vn -0.276660 0.020645 -0.960746
vn 0.280500 -0.909801 -0.305911
vn 0.280500 -0.909801 -0.305911
vn 0.280500 -0.909801 -0.305911
vn -0.524048 -0.126380 -0.842260
vn -0.524048 -0.126380 -0.842260
vn -0.524048 -0.126380 -0.842260
vn -0.639114 0.012181 -0.769015
vn -0.639114 0.012181 -0.769015
vn -0.639114 0.012181 -0.769015
vn -0.520599 0.425988 -0.739940
vn -0.520599 0.425988 -0.739940
vn -0.520599 0.425988 -0.739940
vn -0.101209 -0.342556 -0.934030
vn -0.101209 -0.342556 -0.934030
vn -0.101209 -0.342556 -0.934030
vn -0.100916 0.262802 -0.959558
vn -0.100916 0.262802 -0.959558
vn -0.100916 0.262802 -0.959558
vn -0.106308 0.324095 -0.940032
vn -0.106308 0.324095 -0.940032
vn -0.106308 0.324095 -0.940032
vn -0.282840 -0.690308 -0.665940
vn -0.282841 -0.690308 -0.665940
vn -0.282841 -0.690308 -0.665940
vn -0.425630 -0.087189 -0.900687
vn -0.425630 -0.087189 -0.900687
vn -0.425630 -0.087189 -0.900687
vn -0.736229 0.333348 -0.588936
vn -0.736229 0.333348 -0.588936
vn -0.736229 0.333348 -0.588936
vn -0.270594 -0.742925 -0.612243
vn -0.270594 -0.742925 -0.612243
vn -0.270594 -0.742925 -0.612243
vn -0.514457 -0.531376 -0.673033
vn -0.514457 -0.531376 -0.673033
vn -0.514457 -0.531376 -0.673033
vn -0.405350 -0.423667 -0.810060
vn -0.405350 -0.423667 -0.810060
vn -0.405350 -0.423667 -0.810060
vn -0.024646 -0.100691 -0.994612
vn -0.024646 -0.100691 -0.994612
vn -0.024646 -0.100691 -0.994612
vn -0.285185 -0.272341 -0.918967
vn -0.285185 -0.272341 -0.918967
vn -0.285185 -0.272341 -0.918967
vn -0.209616 -0.519975 -0.828062
vn -0.209616 -0.519975 -0.828062
vn -0.209616 -0.519975 -0.828062
vn -0.271905 -0.027018 -0.961945
vn -0.271905 -0.027018 -0.961945
vn -0.271905 -0.027018 -0.961945
vn 0.026606 0.112979 -0.993241
vn 0.026606 0.112979 -0.993241
vn 0.026606 0.112979 -0.993241
vn 0.058074 -0.435773 -0.898181
vn 0.058074 -0.435773 -0.898181
vn 0.058074 -0.435773 -0.898181
vn 0.006669 -0.997550 0.069637
vn 0.006669 -0.997550 0.069637
vn 0.006669 -0.997550 0.069637
vn -0.390416 0.133811 -0.910862
vn -0.390416 0.133811 -0.910862
vn -0.390416 0.133811 -0.910862
vn -0.016784 -0.102063 -0.994636
vn -0.016784 -0.102063 -0.994636
vn -0.016784 -0.102063 -0.994636
vn -0.152185 -0.551738 -0.820015
vn -0.152185 -0.551738 -0.820015
vn -0.152185 -0.551738 -0.820015
vn -0.312815 -0.362479 -0.877927
vn -0.312815 -0.362479 -0.877927
vn -0.312815 -0.362480 -0.877927
vn -0.291561 -0.185421 -0.938409
vn -0.291561 -0.185421 -0.938409
vn -0.291561 -0.185421 -0.938409
vn 0.092590 0.075148 -0.992864
vn 0.092590 0.075148 -0.992864
vn 0.092590 0.075148 -0.992864
vn 0.102491 -0.022922 -0.994470
vn 0.102491 -0.022922 -0.994470
vn 0.102491 -0.022922 -0.994470
vn 0.036799 0.302552 -0.952422
vn 0.036799 0.302552 -0.952422
vn 0.036799 0.302552 -0.952422
vn -0.620756 -0.662120 0.419832
vn -0.620756 -0.662120 0.419832
vn -0.620756 -0.662121 0.419832
vn 0.644038 -0.522351 -0.558896
vn 0.644038 -0.522351 -0.558896
vn 0.644038 -0.522351 -0.558896
vn 0.658844 -0.558442 -0.504050
vn 0.658844 -0.558443 -0.504050
vn 0.658844 -0.558442 -0.504050
vn -0.663945 -0.538999 0.518321
vn -0.663945 -0.538999 0.518321
vn -0.663945 -0.538999 0.518321
vn -0.171228 -0.519833 -0.836932
vn -0.171228 -0.519833 -0.836932
vn -0.171228 -0.519833 -0.836932
vn -0.501320 -0.365941 -0.784070
vn -0.501320 -0.365941 -0.784070
vn -0.501320 -0.365941 -0.784070
vn 0.187148 0.001860 -0.982330
vn 0.187148 0.001860 -0.982330
vn 0.187148 0.001860 -0.982330
vn -0.280555 -0.318362 -0.905502
vn -0.280555 -0.318363 -0.905502
vn -0.280555 -0.318363 -0.905502
vn -0.293597 -0.347101 -0.890686
vn -0.293597 -0.347101 -0.890686
vn -0.293597 -0.347101 -0.890686
vn -0.781411 -0.332118 -0.528295
vn -0.781411 -0.332118 -0.528295
vn -0.781411 -0.332118 -0.528295
vn 0.098337 -0.442988 -0.891118
vn 0.098337 -0.442988 -0.891118
vn 0.098337 -0.442988 -0.891118
vn -0.197630 -0.630245 -0.750822
vn -0.197630 -0.630245 -0.750822
vn -0.197630 -0.630245 -0.750822
vn -0.791376 0.484154 -0.373256
vn -0.791376 0.484154 -0.373256
vn -0.791376 0.484154 -0.373256
vn -0.655879 0.369392 -0.658310
vn -0.655879 0.369392 -0.658310
vn -0.655879 0.369392 -0.658310
vn -0.635352 0.005733 -0.772202
vn -0.635352 0.005733 -0.772202
vn -0.635352 0.005733 -0.772202
vn -0.421221 0.036917 -0.906206
vn -0.421221 0.036917 -0.906206
vn -0.421221 0.036917 -0.906206
vn 0.188565 0.009492 -0.982015
vn 0.188565 0.009492 -0.982015
vn 0.188565 0.009492 -0.982015
vn 0.107471 0.320611 -0.941094
vn 0.107471 0.320612 -0.941094
vn 0.107471 0.320612 -0.941094
vn 0.056920 -0.019631 -0.998186
vn 0.056920 -0.019631 -0.998186
vn 0.056920 -0.019631 -0.998186
vn -0.194478 -0.294108 -0.935777
vn -0.194478 -0.294108 -0.935777
vn -0.194478 -0.294108 -0.935777
vn -0.187097 -0.154793 -0.970069
vn -0.187097 -0.154793 -0.970069
vn -0.187097 -0.154793 -0.970069
vn -0.109760 -0.086751 -0.990165
vn -0.109760 -0.086751 -0.990165
vn -0.109760 -0.086751 -0.990165
vn -0.217871 0.011724 -0.975907
vn -0.217871 0.011724 -0.975907
vn -0.217871 0.011724 -0.975907
vn -0.161176 0.049745 -0.985671
vn -0.161176 0.049745 -0.985671
vn -0.161176 0.049745 -0.985671
vn -0.204198 0.180966 -0.962057
vn -0.204198 0.180966 -0.962057
vn -0.204198 0.180966 -0.962057
vn -0.393950 0.122925 -0.910875
vn -0.393950 0.122925 -0.910875
vn -0.393950 0.122925 -0.910875
vn -0.442465 -0.630207 -0.638015
vn -0.442465 -0.630207 -0.638015
vn -0.442465 -0.630207 -0.638015
vn -0.659868 0.273349 -0.699896
vn -0.659868 0.273349 -0.699896
vn -0.659868 0.273349 -0.699896
vn -0.750630 0.645795 -0.139652
vn -0.750630 0.645795 -0.139652
vn -0.750630 0.645795 -0.139652
vn 0.123228 0.280473 -0.951919
vn 0.123228 0.280473 -0.951919
vn 0.123228 0.280473 -0.951919
vn 0.225569 -0.132471 -0.965179
vn 0.225569 -0.132471 -0.965179
vn 0.225569 -0.132471 -0.965179
vn -0.474148 -0.372642 -0.797698
vn -0.474148 -0.372642 -0.797698
vn -0.474148 -0.372642 -0.797698
vn -0.080535 0.858431 0.506567
vn -0.080535 0.858431 0.506567
vn -0.080535 0.858431 0.506567
vn 0.264738 0.273623 -0.924686
vn 0.264738 0.273623 -0.924686
vn 0.264738 0.273623 -0.924686
vn 0.042285 0.288587 -0.956520
vn 0.042285 0.288587 -0.956520
vn 0.042285 0.288587 -0.956520
vn -0.646409 0.171091 -0.743562
vn -0.646409 0.171091 -0.743562
vn -0.646409 0.171091 -0.743562
vn 0.350732 0.119904 -0.928768
vn 0.350732 0.119904 -0.928768
vn 0.350732 0.119904 -0.928768
vn -0.176731 0.569447 -0.802805
vn -0.176731 0.569447 -0.802805
vn -0.176731 0.569447 -0.802805
vn -0.539112 -0.311102 -0.782671
vn -0.539111 -0.311102 -0.782671
vn -0.539111 -0.311102 -0.782671
vn -0.530009 -0.358320 -0.768568
vn -0.530009 -0.358320 -0.768568
vn -0.530009 -0.358320 -0.768568
vn -0.641621 -0.262358 -0.720757
vn -0.641621 -0.262358 -0.720757
vn -0.641621 -0.262358 -0.720757
vn -0.571419 -0.404367 -0.714121
vn -0.571419 -0.404367 -0.714121
vn -0.571419 -0.404367 -0.714121
vn -0.511757 -0.319703 -0.797430
vn -0.511757 -0.319703 -0.797430
vn -0.511757 -0.319703 -0.797430
vn 0.017368 0.242165 -0.970080
vn 0.017368 0.242165 -0.970080
vn 0.017368 0.242165 -0.970079
vn -0.034815 0.317429 -0.947643
vn -0.034815 0.317429 -0.947643
vn -0.034815 0.317429 -0.947643
vn 0.030077 0.301188 -0.953090
vn 0.030077 0.301188 -0.953090
vn 0.030077 0.301188 -0.953090
vn -0.278136 -0.369692 -0.886549
vn -0.278136 -0.369692 -0.886549
vn -0.278136 -0.369692 -0.886549
vn -0.289220 -0.309916 -0.905706
vn -0.289219 -0.309916 -0.905706
vn -0.289220 -0.309916 -0.905706
vn -0.031054 -0.558171 0.829145
vn -0.031054 -0.558171 0.829145
vn -0.031054 -0.558171 0.829145
vn -0.226870 -0.887979 0.400030
vn -0.226870 -0.887979 0.400030
vn -0.226870 -0.887979 0.400030
vn -0.369388 -0.128075 -0.920407
vn -0.369388 -0.128075 -0.920407
vn -0.369388 -0.128075 -0.920407
vn -0.274932 0.794358 -0.541671
vn -0.274932 0.794358 -0.541672
vn -0.274932 0.794358 -0.541671
vn -0.798050 0.556847 -0.230299
vn -0.798050 0.556847 -0.230299
vn -0.798050 0.556847 -0.230299
vn -0.569147 -0.206581 -0.795862
vn -0.569147 -0.206582 -0.795862
vn -0.569147 -0.206582 -0.795862
vn -0.475429 -0.093037 -0.874821
vn -0.475429 -0.093037 -0.874821
vn -0.475429 -0.093037 -0.874821
vn -0.313183 0.223424 -0.923037
vn -0.313183 0.223424 -0.923037
vn -0.313183 0.223424 -0.923037
vn -0.335056 0.308807 -0.890155
vn -0.335056 0.308807 -0.890155
vn -0.335056 0.308807 -0.890155
vn -0.816085 -0.549836 -0.178001
vn -0.816085 -0.549836 -0.178001
vn -0.816085 -0.549836 -0.178001
vn -0.377014 0.555876 -0.740852
vn -0.377014 0.555876 -0.740852
vn -0.377014 0.555876 -0.740852
vn -0.130292 0.209240 -0.969145
vn -0.130292 0.209240 -0.969145
vn -0.130292 0.209240 -0.969145
vn 0.284520 0.149895 0.946879
vn 0.284520 0.149895 0.946879
vn 0.284520 0.149895 0.946879
vn -0.735044 -0.325845 -0.594589
vn -0.735044 -0.325845 -0.594588
vn -0.735044 -0.325845 -0.594588
vn 0.028254 -0.999264 -0.025937
vn 0.028254 -0.999264 -0.025937
vn 0.028254 -0.999264 -0.025937
vn -0.016475 -0.658167 -0.752692
vn -0.016475 -0.658167 -0.752692
vn -0.016475 -0.658167 -0.752692
vn -0.119117 -0.473492 -0.872706
vn -0.119117 -0.473492 -0.872706
vn -0.119117 -0.473492 -0.872706
vn -0.249223 -0.274779 -0.928647
vn -0.249223 -0.274779 -0.928647
vn -0.249223 -0.274779 -0.928647
vn -0.495565 -0.022789 -0.868272
vn -0.495565 -0.022789 -0.868272
vn -0.495565 -0.022789 -0.868272
vn -0.663167 0.233474 -0.711126
vn -0.663166 0.233474 -0.711126
vn -0.663167 0.233474 -0.711126
vn -0.503673 0.017213 -0.863723
vn -0.503673 0.017213 -0.863723
vn -0.503673 0.017213 -0.863723
vn -0.574329 0.204237 -0.792738
vn -0.574329 0.204237 -0.792738
vn -0.574329 0.204237 -0.792738
vn -0.333678 -0.110764 -0.936157
vn -0.333678 -0.110764 -0.936157
vn -0.333678 -0.110764 -0.936157
vn -0.475420 -0.093099 -0.874819
vn -0.475420 -0.093099 -0.874819
vn -0.475420 -0.093099 -0.874819
vn -0.210727 -0.468933 -0.857727
vn -0.210727 -0.468933 -0.857727
vn -0.210727 -0.468933 -0.857727
vn -0.081577 -0.035504 -0.996035
vn -0.081577 -0.035504 -0.996035
vn -0.081577 -0.035504 -0.996035
vn 0.034563 -0.263506 -0.964038
vn 0.034563 -0.263506 -0.964038
vn 0.034563 -0.263506 -0.964038
vn -0.092714 -0.901334 0.423086
vn -0.092714 -0.901334 0.423086
vn -0.092714 -0.901334 0.423086
vn -0.521307 -0.150449 -0.840002
vn -0.521307 -0.150449 -0.840002
vn -0.521307 -0.150449 -0.840002
vn 0.072191 0.212519 -0.974487
vn 0.072191 0.212519 -0.974487
vn 0.072191 0.212519 -0.974487
vn -0.149052 0.321630 -0.935060
vn -0.149052 0.321630 -0.935060
vn -0.149052 0.321630 -0.935060
vn -0.391258 0.011733 -0.920206
vn -0.391258 0.011733 -0.920206
vn -0.391258 0.011733 -0.920206
vn -0.407427 0.087522 -0.909034
vn -0.407427 0.087522 -0.909034
vn -0.407427 0.087522 -0.909034
vn -0.397884 0.352533 -0.847000
vn -0.397884 0.352533 -0.847000
vn -0.397884 0.352533 -0.847000
vn -0.431391 0.068008 -0.899598
vn -0.431391 0.068008 -0.899598
vn -0.431391 0.068008 -0.899598
vn -0.144165 0.150707 -0.978010
vn -0.144165 0.150707 -0.978010
vn -0.144165 0.150707 -0.978010
vn -0.070666 -0.996960 0.032825
vn -0.070666 -0.996960 0.032825
vn -0.070666 -0.996960 0.032825
vn -0.005711 -0.999968 0.005513
vn -0.005711 -0.999969 0.005513
vn -0.005711 -0.999969 0.005513
vn 0.014083 -0.999204 0.037324
vn 0.014083 -0.999204 0.037324
vn 0.014083 -0.999204 0.037324
vn -0.010497 -0.998613 0.051589
vn -0.010497 -0.998613 0.051589
vn -0.010497 -0.998613 0.051589
vn 0.170968 -0.077913 0.982191
vn 0.170968 -0.077913 0.982191
vn 0.170968 -0.077913 0.982191
vn -0.107156 -0.993955 -0.023894
vn -0.107156 -0.993955 -0.023894
vn -0.107156 -0.993955 -0.023894
vn 0.005758 -0.976073 0.217365
vn 0.005758 -0.976073 0.217365
vn 0.005758 -0.976073 0.217365
vn 0.131004 -0.978746 -0.157778
vn 0.131004 -0.978746 -0.157778
vn 0.131004 -0.978746 -0.157778
vn 0.483726 -0.875186 0.007610
vn 0.483726 -0.875186 0.007610
vn 0.483726 -0.875186 0.007610
vn -0.578387 -0.756727 0.304685
vn -0.578387 -0.756727 0.304685
vn -0.578387 -0.756726 0.304685
vn -0.187118 -0.980264 0.063793
vn -0.187118 -0.980264 0.063793
vn -0.187118 -0.980264 0.063793
vn 0.406722 -0.893949 0.188235
vn 0.406722 -0.893949 0.188235
vn 0.406722 -0.893949 0.188235
vn -0.630466 -0.761210 0.151897
vn -0.630466 -0.761209 0.151897
vn -0.630466 -0.761210 0.151897
vn -0.030056 -0.996238 0.081277
vn -0.030056 -0.996238 0.081277
vn -0.030056 -0.996238 0.081277
vn 0.022078 -0.999617 -0.016715
vn 0.022078 -0.999616 -0.016715
vn 0.022078 -0.999617 -0.016715
vn -0.130652 -0.575589 0.807234
vn -0.130652 -0.575589 0.807235
vn -0.130652 -0.575589 0.807234
vn -0.402186 -0.884573 -0.236172
vn -0.402186 -0.884573 -0.236172
vn -0.402186 -0.884573 -0.236172
vn -0.442963 -0.782600 -0.437402
vn -0.442963 -0.782600 -0.437402
vn -0.442963 -0.782600 -0.437402
vn 0.167144 -0.835652 0.523210
vn 0.167144 -0.835652 0.523210
vn 0.167144 -0.835652 0.523210
vn -0.389171 -0.690235 -0.610018
vn -0.389171 -0.690235 -0.610018
vn -0.389171 -0.690235 -0.610018
vn -0.924336 -0.127815 -0.359536
vn -0.924336 -0.127815 -0.359536
vn -0.924336 -0.127815 -0.359537
vn 0.065869 -0.996073 0.059161
vn 0.065869 -0.996073 0.059161
vn 0.065869 -0.996073 0.059161
vn 0.036711 -0.998316 0.044923
vn 0.036711 -0.998316 0.044923
vn 0.036711 -0.998316 0.044923
vn -0.262015 -0.230474 0.937139
vn -0.262015 -0.230474 0.937139
vn -0.262015 -0.230474 0.937139
vn -0.187394 -0.911867 -0.365215
vn -0.187394 -0.911867 -0.365215
vn -0.187394 -0.911867 -0.365215
vn -0.673943 -0.722019 0.156490
vn -0.673943 -0.722019 0.156490
vn -0.673943 -0.722019 0.156490
vn -0.305965 -0.461861 0.832508
vn -0.305965 -0.461861 0.832508
vn -0.305965 -0.461861 0.832508
vn 0.827120 -0.521820 -0.208748
vn 0.827120 -0.521820 -0.208748
vn 0.827120 -0.521820 -0.208748
vn 0.446407 -0.828089 0.339101
vn 0.446407 -0.828089 0.339101
vn 0.446407 -0.828089 0.339101
vn 0.007219 -0.972893 -0.231143
vn 0.007219 -0.972893 -0.231143
vn 0.007219 -0.972893 -0.231143
vn -0.014305 -0.998367 0.055299
vn -0.014305 -0.998367 0.055299
vn -0.014305 -0.998367 0.055299
vn -0.425863 -0.897394 -0.115435
vn -0.425863 -0.897394 -0.115435
vn -0.425863 -0.897394 -0.115435
vn -0.148408 -0.976802 -0.154381
vn -0.148408 -0.976802 -0.154381
vn -0.148408 -0.976802 -0.154381
vn -0.451518 -0.770083 0.450670
vn -0.451518 -0.770083 0.450670
vn -0.451518 -0.770083 0.450670
vn 0.193276 -0.969526 -0.150542
vn 0.193276 -0.969527 -0.150542
vn 0.193276 -0.969526 -0.150542
vn 0.082837 -0.995990 -0.033801
vn 0.082837 -0.995990 -0.033801
vn 0.082837 -0.995990 -0.033801
vn -0.630309 -0.772057 -0.081483
vn -0.630309 -0.772057 -0.081483
vn -0.630309 -0.772057 -0.081483
vn 0.534759 -0.709420 0.459082
vn 0.534759 -0.709420 0.459082
vn 0.534759 -0.709420 0.459082
vn -0.057166 -0.583591 -0.810033
vn -0.057166 -0.583591 -0.810033
vn -0.057166 -0.583591 -0.810033
vn 0.165220 -0.830510 0.531936
vn 0.165220 -0.830510 0.531936
vn 0.165220 -0.830510 0.531936
vn 0.106951 -0.994068 0.019748
vn 0.106951 -0.994068 0.019748
vn 0.106951 -0.994068 0.019748
vn 0.174801 -0.915718 -0.361807
vn 0.174801 -0.915718 -0.361807
vn 0.174801 -0.915718 -0.361807
vn 0.025166 -0.999455 -0.021378
vn 0.025166 -0.999455 -0.021378
vn 0.025166 -0.999455 -0.021378
vn -0.941531 -0.116870 -0.316006
vn -0.941532 -0.116870 -0.316006
vn -0.941531 -0.116870 -0.316006
vn 0.015227 -0.842079 0.539140
vn 0.015227 -0.842079 0.539140
vn 0.015227 -0.842079 0.539140
vn 0.035103 -0.996704 0.073140
vn 0.035103 -0.996704 0.073140
vn 0.035103 -0.996704 0.073140
vn -0.051468 -0.997697 0.044185
vn -0.051468 -0.997697 0.044185
vn -0.051468 -0.997697 0.044185
vn 0.314780 -0.105847 0.943244
vn 0.314780 -0.105847 0.943244
vn 0.314780 -0.105847 0.943244
vn -0.599022 -0.700019 0.388776
vn -0.599022 -0.700019 0.388776
vn -0.599022 -0.700019 0.388776
vn -0.002767 -0.998360 0.057182
vn -0.002767 -0.998360 0.057182
vn -0.002767 -0.998360 0.057182
vn -0.761563 -0.590950 0.266084
vn -0.761563 -0.590950 0.266084
vn -0.761563 -0.590950 0.266084
vn -0.498174 -0.865776 0.047481
vn -0.498174 -0.865776 0.047481
vn -0.498174 -0.865776 0.047481
vn -0.646122 -0.756742 0.099337
vn -0.646122 -0.756742 0.099337
vn -0.646122 -0.756742 0.099337
vn 0.032757 -0.999266 0.019874
vn 0.032757 -0.999266 0.019874
vn 0.032757 -0.999266 0.019874
vn 0.163761 -0.048755 0.985294
vn 0.163761 -0.048755 0.985294
vn 0.163761 -0.048755 0.985294
vn -0.308832 -0.187295 0.932493
vn -0.308832 -0.187295 0.932493
vn -0.308832 -0.187295 0.932493
vn -0.663941 -0.693494 0.279728
vn -0.663941 -0.693494 0.279728
vn -0.663941 -0.693494 0.279728
vn 0.002258 -0.720885 -0.693052
vn 0.002258 -0.720885 -0.693052
vn 0.002258 -0.720885 -0.693051
vn 0.127546 0.710323 0.692223
vn 0.127546 0.710323 0.692223
vn 0.127546 0.710323 0.692223
vn 0.769561 0.146828 -0.621464
vn 0.769561 0.146828 -0.621464
vn 0.769561 0.146828 -0.621464
vn -0.639528 -0.736766 0.219499
vn -0.639528 -0.736766 0.219499
vn -0.639528 -0.736766 0.219499
vn 0.151687 -0.978000 0.143203
vn 0.151687 -0.978000 0.143203
vn 0.151687 -0.978000 0.143203
vn 0.265295 -0.778463 0.568871
vn 0.265295 -0.778463 0.568871
vn 0.265295 -0.778463 0.568871
vn 0.278160 -0.801900 0.528757
vn 0.278160 -0.801900 0.528757
vn 0.278160 -0.801900 0.528757
vn 0.115410 -0.895473 0.429893
vn 0.115410 -0.895473 0.429893
vn 0.115410 -0.895473 0.429893
vn 0.099226 -0.868574 0.485524
vn 0.099226 -0.868574 0.485524
vn 0.099226 -0.868574 0.485524
vn -0.182352 -0.981347 0.060874
vn -0.182352 -0.981347 0.060874
vn -0.182352 -0.981347 0.060874
vn 0.168020 -0.829137 0.533198
vn 0.168020 -0.829137 0.533198
vn 0.168020 -0.829137 0.533198
vn 0.060771 -0.996262 0.061387
vn 0.060772 -0.996262 0.061387
vn 0.060772 -0.996262 0.061387
vn 0.323343 -0.941399 0.096010
vn 0.323343 -0.941399 0.096010
vn 0.323343 -0.941399 0.096010
vn -0.639391 -0.762845 0.096166
vn -0.639391 -0.762845 0.096166
vn -0.639391 -0.762845 0.096166
vn 0.160099 -0.976047 -0.147308
vn 0.160099 -0.976047 -0.147309
vn 0.160099 -0.976047 -0.147308
vn 0.100259 -0.994282 0.036772
vn 0.100259 -0.994282 0.036772
vn 0.100259 -0.994282 0.036772
vn 0.074179 -0.995826 0.053175
vn 0.074179 -0.995826 0.053175
vn 0.074179 -0.995826 0.053175
vn -0.731228 -0.568278 0.377315
vn -0.731228 -0.568278 0.377315
vn -0.731228 -0.568278 0.377315
vn 0.109723 -0.983487 0.143923
vn 0.109723 -0.983487 0.143923
vn 0.109723 -0.983487 0.143923
vn 0.304683 -0.941090 0.146689
vn 0.304683 -0.941090 0.146689
vn 0.304683 -0.941090 0.146689
vn -0.343781 -0.882088 0.322079
vn -0.343781 -0.882088 0.322079
vn -0.343781 -0.882088 0.322079
vn -0.660141 -0.724063 0.199868
vn -0.660141 -0.724063 0.199868
vn -0.660141 -0.724063 0.199868
vn -0.668984 -0.732732 0.124756
vn -0.668984 -0.732732 0.124756
vn -0.668984 -0.732732 0.124756
vn -0.767336 -0.597221 -0.233500
vn -0.767336 -0.597221 -0.233500
vn -0.767336 -0.597221 -0.233500
vn 0.215676 -0.973451 0.076657
vn 0.215676 -0.973451 0.076657
vn 0.215676 -0.973451 0.076657
vn 0.218998 -0.967583 0.125789
vn 0.218998 -0.967583 0.125789
vn 0.218998 -0.967583 0.125789
vn 0.051534 -0.996715 -0.062471
vn 0.051534 -0.996715 -0.062471
vn 0.051534 -0.996715 -0.062471
vn 0.335094 -0.766099 0.548456
vn 0.335094 -0.766099 0.548456
vn 0.335094 -0.766099 0.548456
vn -0.954724 -0.261777 -0.141331
vn -0.954724 -0.261777 -0.141331
vn -0.954724 -0.261777 -0.141331
vn -0.778923 -0.587902 -0.218291
vn -0.778923 -0.587902 -0.218291
vn -0.778923 -0.587902 -0.218291
vn 0.399028 -0.769573 0.498532
vn 0.399028 -0.769573 0.498532
vn 0.399028 -0.769573 0.498532
vn 0.240922 -0.005377 0.970530
vn 0.240922 -0.005377 0.970530
vn 0.240922 -0.005377 0.970530
vn -0.005378 -0.998467 -0.055086
vn -0.005378 -0.998467 -0.055086
vn -0.005378 -0.998467 -0.055086
vn -0.626972 -0.767580 0.133141
vn -0.626972 -0.767580 0.133141
vn -0.626972 -0.767580 0.133141
vn -0.826080 -0.561918 0.042893
vn -0.826080 -0.561918 0.042893
vn -0.826080 -0.561918 0.042893
vn -0.386824 -0.909173 -0.154184
vn -0.386824 -0.909173 -0.154184
vn -0.386824 -0.909173 -0.154184
vn -0.580689 -0.666390 -0.467680
vn -0.580689 -0.666390 -0.467680
vn -0.580689 -0.666390 -0.467680
vn -0.614322 -0.682967 -0.395177
vn -0.614322 -0.682967 -0.395177
vn -0.614322 -0.682967 -0.395177
vn -0.542202 -0.754942 0.368889
vn -0.542202 -0.754942 0.368889
vn -0.542202 -0.754942 0.368889
vn -0.632718 -0.696144 -0.339193
vn -0.632718 -0.696144 -0.339193
vn -0.632718 -0.696144 -0.339193
vn -0.536524 -0.804442 0.254978
vn -0.536524 -0.804442 0.254978
vn -0.536524 -0.804442 0.254978
vn -0.551980 -0.833818 -0.008129
vn -0.551980 -0.833818 -0.008129
vn -0.551980 -0.833818 -0.008129
vn -0.465745 -0.860572 -0.206152
vn -0.465745 -0.860571 -0.206152
vn -0.465745 -0.860571 -0.206152
vn -0.457325 -0.863507 -0.212625
vn -0.457325 -0.863507 -0.212625
vn -0.457325 -0.863507 -0.212625
vn 0.110228 -0.897354 0.427323
vn 0.110228 -0.897355 0.427323
vn 0.110228 -0.897355 0.427323
vn -0.661331 -0.742656 -0.105372
vn -0.661331 -0.742656 -0.105372
vn -0.661331 -0.742656 -0.105372
vn -0.025720 -0.998501 -0.048325
vn -0.025720 -0.998500 -0.048325
vn -0.025720 -0.998500 -0.048325
vn 0.028605 -0.999537 -0.010330
vn 0.028605 -0.999537 -0.010330
vn 0.028605 -0.999537 -0.010330
vn -0.464617 -0.864378 -0.192306
vn -0.464617 -0.864378 -0.192306
vn -0.464617 -0.864378 -0.192306
vn -0.608329 -0.788832 -0.087636
vn -0.608329 -0.788832 -0.087636
vn -0.608329 -0.788832 -0.087636
vn 0.337014 -0.921230 0.194313
vn 0.337014 -0.921230 0.194313
vn 0.337014 -0.921230 0.194313
vn 0.498432 -0.860931 0.101800
vn 0.498432 -0.860931 0.101800
vn 0.498432 -0.860931 0.101800
vn 0.093645 -0.878884 0.467754
vn 0.093645 -0.878884 0.467754
vn 0.093645 -0.878884 0.467754
vn -0.014867 -0.999306 -0.034165
vn -0.014867 -0.999306 -0.034165
vn -0.014867 -0.999306 -0.034165
vn -0.141489 -0.960075 0.241323
vn -0.141489 -0.960075 0.241323
vn -0.141489 -0.960075 0.241323
vn -0.055530 -0.996839 -0.056816
vn -0.055530 -0.996839 -0.056816
vn -0.055530 -0.996839 -0.056816
vn 0.107229 -0.989389 -0.098036
vn 0.107229 -0.989389 -0.098036
vn 0.107229 -0.989389 -0.098036
vn 0.073576 -0.995614 -0.057783
vn 0.073576 -0.995614 -0.057783
vn 0.073576 -0.995614 -0.057783
vn -0.566263 -0.808924 0.158076
vn -0.566263 -0.808924 0.158076
vn -0.566263 -0.808924 0.158076
vn -0.628737 -0.746791 0.216776
vn -0.628737 -0.746791 0.216776
vn -0.628737 -0.746791 0.216776
vn -0.388361 -0.680120 0.621782
vn -0.388361 -0.680120 0.621782
vn -0.388361 -0.680120 0.621782
vn 0.849281 0.402728 0.341369
vn 0.849281 0.402728 0.341369
vn 0.849281 0.402728 0.341369
vn -0.058161 -0.974090 0.218552
vn -0.058161 -0.974090 0.218552
vn -0.058161 -0.974090 0.218552
vn -0.564855 -0.612069 0.553453
vn -0.564855 -0.612069 0.553453
vn -0.564855 -0.612069 0.553453
vn -0.641060 -0.710869 0.289323
vn -0.641060 -0.710869 0.289323
vn -0.641060 -0.710869 0.289323
vn 0.024276 -0.999689 -0.005742
vn 0.024276 -0.999689 -0.005742
vn 0.024276 -0.999689 -0.005742
vn 0.347213 -0.891815 0.290016
vn 0.347213 -0.891815 0.290016
vn 0.347213 -0.891815 0.290016
vn 0.255662 -0.846644 0.466723
vn 0.255662 -0.846644 0.466723
vn 0.255662 -0.846644 0.466723
vn 0.028223 -0.999337 -0.022991
vn 0.028223 -0.999337 -0.022991
vn 0.028223 -0.999337 -0.022991
vn -0.136955 -0.576213 0.805743
vn -0.136955 -0.576213 0.805743
vn -0.136955 -0.576213 0.805743
vn -0.174326 -0.206933 0.962699
vn -0.174326 -0.206933 0.962699
vn -0.174326 -0.206933 0.962699
vn -0.288598 -0.956255 -0.047824
vn -0.288598 -0.956255 -0.047824
vn -0.288598 -0.956255 -0.047824
vn -0.425415 -0.891202 0.157420
vn -0.425415 -0.891202 0.157420
vn -0.425415 -0.891202 0.157420
vn 0.036443 -0.996193 0.079196
vn 0.036443 -0.996193 0.079196
vn 0.036443 -0.996193 0.079196
vn 0.029317 -0.999207 -0.026957
vn 0.029317 -0.999207 -0.026957
vn 0.029317 -0.999207 -0.026957
vn 0.028295 -0.999422 0.018833
vn 0.028295 -0.999422 0.018833
vn 0.028295 -0.999422 0.018833
vn -0.507308 -0.657430 0.557158
vn -0.507308 -0.657430 0.557158
vn -0.507308 -0.657430 0.557158
vn -0.550031 -0.315990 0.773056
vn -0.550031 -0.315990 0.773056
vn -0.550031 -0.315990 0.773056
vn -0.032490 -0.795182 0.605500
vn -0.032490 -0.795182 0.605500
vn -0.032490 -0.795182 0.605500
vn -0.533897 0.845108 0.027322
vn -0.533897 0.845108 0.027322
vn -0.533897 0.845108 0.027322
vn -0.594289 -0.376797 0.710524
vn -0.594289 -0.376797 0.710524
vn -0.594289 -0.376797 0.710524
vn -0.348972 -0.914823 -0.203266
vn -0.348972 -0.914823 -0.203266
vn -0.348972 -0.914823 -0.203266
vn 0.087080 -0.712770 -0.695971
vn 0.087080 -0.712770 -0.695971
vn 0.087080 -0.712770 -0.695971
vn 0.339754 -0.907401 0.247368
vn 0.339754 -0.907401 0.247368
vn 0.339754 -0.907401 0.247368
vn 0.270915 -0.885289 -0.377979
vn 0.270915 -0.885289 -0.377979
vn 0.270915 -0.885289 -0.377979
vn -0.061816 0.713540 0.697882
vn -0.061816 0.713540 0.697882
vn -0.061816 0.713540 0.697882
vn 0.118893 0.460158 0.879840
vn 0.118893 0.460158 0.879840
vn 0.118893 0.460158 0.879840
vn -0.712764 -0.679689 0.173177
vn -0.712764 -0.679689 0.173177
vn -0.712764 -0.679689 0.173177
vn -0.194339 -0.198555 0.960629
vn -0.194339 -0.198555 0.960629
vn -0.194339 -0.198555 0.960629
vn -0.833910 -0.479577 0.273131
vn -0.833910 -0.479577 0.273131
vn -0.833910 -0.479577 0.273131
vn -0.021916 -0.983973 0.176964
vn -0.021916 -0.983973 0.176964
vn -0.021916 -0.983973 0.176964
vn -0.344038 -0.833849 0.431664
vn -0.344038 -0.833849 0.431665
vn -0.344038 -0.833849 0.431665
vn 0.011462 -0.999912 -0.006732
vn 0.011462 -0.999912 -0.006732
vn 0.011462 -0.999912 -0.006732
vn -0.351881 -0.935346 0.036164
vn -0.351881 -0.935346 0.036164
vn -0.351881 -0.935346 0.036164
vn -0.294446 -0.954529 -0.046648
vn -0.294446 -0.954529 -0.046648
vn -0.294446 -0.954529 -0.046648
vn -0.306272 -0.906892 0.289386
vn -0.306272 -0.906892 0.289386
vn -0.306272 -0.906892 0.289386
vn -0.514100 -0.655784 0.552855
vn -0.514100 -0.655784 0.552855
vn -0.514100 -0.655784 0.552855
vn -0.471245 -0.495515 0.729653
vn -0.471245 -0.495515 0.729653
vn -0.471245 -0.495515 0.729653
vn -0.459336 -0.718750 0.521928
vn -0.459336 -0.718750 0.521928
vn -0.459336 -0.718750 0.521928
vn 0.287626 -0.919334 -0.268506
vn 0.287626 -0.919334 -0.268506
vn 0.287626 -0.919334 -0.268506
vn -0.036855 -0.992372 0.117638
vn -0.036855 -0.992372 0.117638
vn -0.036855 -0.992372 0.117638
vn -0.973474 -0.171890 -0.151004
vn -0.973474 -0.171890 -0.151004
vn -0.973474 -0.171890 -0.151004
vn 0.711703 0.325612 -0.622460
vn 0.711703 0.325612 -0.622460
vn 0.711703 0.325612 -0.622460
vn -0.386065 -0.410417 0.826143
vn -0.386065 -0.410417 0.826142
vn -0.386065 -0.410417 0.826142
vn -0.122094 -0.643511 0.755637
vn -0.122094 -0.643511 0.755637
vn -0.122094 -0.643511 0.755637
vn 0.031434 -0.998785 0.037948
vn 0.031434 -0.998785 0.037948
vn 0.031434 -0.998785 0.037948
vn -0.381958 -0.776431 0.501262
vn -0.381958 -0.776431 0.501262
vn -0.381958 -0.776431 0.501262
vn 0.346439 -0.907856 0.236174
vn 0.346439 -0.907856 0.236174
vn 0.346439 -0.907856 0.236174
vn 0.523513 0.373310 0.765881
vn 0.523513 0.373310 0.765881
vn 0.523513 0.373310 0.765881
vn 0.240073 -0.540559 0.806326
vn 0.240073 -0.540558 0.806326
vn 0.240073 -0.540559 0.806326
vn 0.255530 -0.639770 0.724844
vn 0.255530 -0.639770 0.724844
vn 0.255530 -0.639770 0.724844
vn -0.039362 -0.951697 0.304505
vn -0.039362 -0.951697 0.304505
vn -0.039362 -0.951697 0.304505
vn -0.130918 -0.576486 0.806551
vn -0.130918 -0.576486 0.806551
vn -0.130918 -0.576487 0.806551
vn -0.552876 -0.610193 0.567444
vn -0.552876 -0.610193 0.567444
vn -0.552876 -0.610193 0.567444
vn 0.026888 -0.999426 -0.020621
vn 0.026888 -0.999426 -0.020621
vn 0.026888 -0.999426 -0.020621
vn -0.020979 -0.978354 0.205873
vn -0.020979 -0.978354 0.205873
vn -0.020979 -0.978354 0.205873
vn -0.609667 -0.757531 0.233351
vn -0.609667 -0.757531 0.233351
vn -0.609667 -0.757531 0.233351
vn 0.399847 -0.708108 0.581983
vn 0.399847 -0.708108 0.581983
vn 0.399847 -0.708108 0.581983
vn -0.815277 -0.435120 0.382091
vn -0.815277 -0.435120 0.382091
vn -0.815277 -0.435120 0.382091
vn -0.771850 -0.628631 -0.095239
vn -0.771850 -0.628631 -0.095239
vn -0.771850 -0.628631 -0.095239
vn -0.113485 -0.666785 0.736559
vn -0.113485 -0.666785 0.736559
vn -0.113485 -0.666785 0.736559
vn 0.005129 -0.997971 0.063470
vn 0.005129 -0.997971 0.063470
vn 0.005129 -0.997971 0.063470
vn -0.213227 -0.964086 0.158345
vn -0.213227 -0.964086 0.158345
vn -0.213227 -0.964086 0.158345
vn -0.263581 -0.924714 0.274643
vn -0.263581 -0.924714 0.274643
vn -0.263581 -0.924714 0.274643
vn -0.243758 -0.490528 0.836638
vn -0.243758 -0.490528 0.836638
vn -0.243758 -0.490528 0.836638
vn -0.803892 -0.572680 -0.160608
vn -0.803892 -0.572680 -0.160608
vn -0.803892 -0.572680 -0.160608
vn 0.229116 -0.952464 0.200793
vn 0.229116 -0.952464 0.200793
vn 0.229116 -0.952464 0.200793
vn 0.353201 -0.868064 0.348876
vn 0.353201 -0.868064 0.348876
vn 0.353200 -0.868064 0.348876
vn 0.465228 -0.872785 -0.147684
vn 0.465228 -0.872785 -0.147684
vn 0.465228 -0.872785 -0.147684
vn 0.335880 -0.158180 0.928528
vn 0.335880 -0.158180 0.928528
vn 0.335880 -0.158180 0.928528
vn -0.796470 -0.002075 0.604674
vn -0.796470 -0.002075 0.604674
vn -0.796470 -0.002075 0.604674
vn -0.748323 -0.502815 0.432655
vn -0.748323 -0.502815 0.432655
vn -0.748323 -0.502815 0.432655
vn -0.079729 -0.737224 0.670927
vn -0.079729 -0.737224 0.670927
vn -0.079729 -0.737225 0.670927
vn -0.072189 -0.578923 0.812181
vn -0.072189 -0.578923 0.812180
vn -0.072189 -0.578923 0.812181
vn 0.701722 -0.692459 -0.167591
vn 0.701722 -0.692459 -0.167591
vn 0.701722 -0.692459 -0.167591
vn -0.005188 -0.997458 0.071061
vn -0.005188 -0.997459 0.071061
vn -0.005188 -0.997459 0.071061
vn 0.011370 -0.999813 -0.015666
vn 0.011370 -0.999813 -0.015666
vn 0.011370 -0.999813 -0.015666
vn 0.595003 -0.774311 0.215440
vn 0.595003 -0.774311 0.215440
vn 0.595003 -0.774311 0.215440
vn 0.344062 -0.208965 0.915399
vn 0.344062 -0.208965 0.915398
vn 0.344062 -0.208965 0.915399
vn -0.783174 -0.621698 -0.011413
vn -0.783174 -0.621698 -0.011413
vn -0.783174 -0.621698 -0.011413
vn -0.694987 -0.699608 -0.165956
vn -0.694987 -0.699608 -0.165956
vn -0.694987 -0.699608 -0.165956
vn -0.674059 -0.713056 0.192862
vn -0.674059 -0.713056 0.192862
vn -0.674059 -0.713056 0.192862
vn -0.686369 -0.680449 0.256684
vn -0.686369 -0.680449 0.256684
vn -0.686369 -0.680449 0.256684
vn 0.043181 -0.998963 -0.014434
vn 0.043181 -0.998963 -0.014434
vn 0.043181 -0.998963 -0.014434
vn -0.254196 -0.837047 0.484497
vn -0.254196 -0.837047 0.484497
vn -0.254196 -0.837047 0.484497
vn -0.314906 -0.947951 0.047152
vn -0.314905 -0.947951 0.047152
vn -0.314905 -0.947951 0.047152
vn -0.288160 -0.937133 0.196839
vn -0.288160 -0.937133 0.196839
vn -0.288160 -0.937133 0.196839
vn -0.600514 -0.729873 -0.326600
vn -0.600514 -0.729873 -0.326600
vn -0.600514 -0.729873 -0.326600
vn 0.079677 -0.995042 0.059518
vn 0.079677 -0.995042 0.059518
vn 0.079677 -0.995042 0.059518
vn 0.487661 0.564664 0.665839
vn 0.487661 0.564664 0.665839
vn 0.487661 0.564664 0.665839
vn -0.638359 -0.764585 0.088923
vn -0.638359 -0.764585 0.088923
vn -0.638359 -0.764585 0.088923
vn -0.808741 -0.566366 0.158643
vn -0.808741 -0.566366 0.158643
vn -0.808741 -0.566366 0.158643
vn 0.021068 -0.998925 0.041291
vn 0.021068 -0.998925 0.041291
vn 0.021068 -0.998925 0.041291
vn -0.575157 -0.617007 0.537120
vn -0.575157 -0.617007 0.537120
vn -0.575157 -0.617007 0.537120
vn -0.076235 -0.911298 0.404628
vn -0.076235 -0.911298 0.404628
vn -0.076235 -0.911298 0.404628
vn 0.446503 -0.856841 0.257795
vn 0.446503 -0.856841 0.257795
vn 0.446503 -0.856841 0.257795
vn 0.508890 -0.712928 0.482457
vn 0.508890 -0.712928 0.482457
vn 0.508890 -0.712928 0.482457
vn -0.773269 -0.578306 0.260033
vn -0.773269 -0.578306 0.260033
vn -0.773269 -0.578306 0.260033
vn -0.775956 -0.549635 0.309506
vn -0.775956 -0.549635 0.309506
vn -0.775956 -0.549635 0.309506
vn -0.663811 -0.022651 0.747557
vn -0.663811 -0.022651 0.747557
vn -0.663811 -0.022651 0.747557
vn 0.077695 -0.925429 0.370871
vn 0.077695 -0.925429 0.370871
vn 0.077695 -0.925429 0.370871
vn -0.431575 -0.457061 0.777714
vn -0.431575 -0.457061 0.777713
vn -0.431575 -0.457061 0.777714
vn -0.429164 -0.466878 0.773203
vn -0.429164 -0.466878 0.773203
vn -0.429164 -0.466878 0.773203
vn 0.017351 -0.999761 0.013302
vn 0.017351 -0.999761 0.013302
vn 0.017351 -0.999761 0.013302
vn -0.541545 -0.788660 0.291109
vn -0.541545 -0.788660 0.291110
vn -0.541545 -0.788660 0.291110
vn 0.689749 -0.688557 0.223908
vn 0.689749 -0.688557 0.223908
vn 0.689749 -0.688557 0.223908
vn -0.703144 -0.705353 -0.089807
vn -0.703144 -0.705353 -0.089807
vn -0.703144 -0.705353 -0.089807
vn -0.687584 -0.726076 0.006507
vn -0.687584 -0.726076 0.006507
vn -0.687584 -0.726076 0.006507
vn -0.742629 -0.667196 0.057897
vn -0.742629 -0.667196 0.057897
vn -0.742629 -0.667196 0.057897
vn -0.054070 -0.991760 -0.116138
vn -0.054070 -0.991760 -0.116138
vn -0.054070 -0.991760 -0.116138
vn -0.911101 -0.239125 0.335728
vn -0.911101 -0.239125 0.335728
vn -0.911101 -0.239125 0.335728
vn -0.834494 -0.145443 0.531475
vn -0.834494 -0.145443 0.531475
vn -0.834494 -0.145443 0.531475
vn -0.163119 -0.867243 0.470405
vn -0.163119 -0.867243 0.470405
vn -0.163119 -0.867243 0.470405
vn -0.217485 -0.736260 0.640797
vn -0.217485 -0.736260 0.640797
vn -0.217485 -0.736260 0.640797
vn 0.015436 -0.999799 0.012767
vn 0.015436 -0.999799 0.012767
vn 0.015436 -0.999799 0.012767
vn -0.517502 -0.855409 -0.021607
vn -0.517502 -0.855409 -0.021607
vn -0.517502 -0.855409 -0.021607
vn -0.316997 -0.947176 -0.048687
vn -0.316997 -0.947176 -0.048687
vn -0.316997 -0.947176 -0.048687
vn -0.603252 -0.763946 -0.229071
vn -0.603252 -0.763946 -0.229071
vn -0.603252 -0.763946 -0.229071
vn -0.687762 -0.725903 0.006938
vn -0.687762 -0.725903 0.006938
vn -0.687762 -0.725903 0.006938
vn 0.434927 -0.900064 0.026896
vn 0.434927 -0.900064 0.026896
vn 0.434927 -0.900064 0.026896
vn 0.235822 -0.970567 -0.048861
vn 0.235822 -0.970567 -0.048861
vn 0.235822 -0.970567 -0.048861
vn -0.586236 -0.209890 -0.782479
vn -0.586236 -0.209890 -0.782479
vn -0.586236 -0.209890 -0.782479
vn 0.048297 -0.941362 0.333923
vn 0.048297 -0.941362 0.333923
vn 0.048297 -0.941362 0.333923
vn -0.643341 -0.750780 0.149806
vn -0.643341 -0.750780 0.149806
vn -0.643341 -0.750780 0.149806
vn -0.165229 -0.878441 0.448377
vn -0.165229 -0.878441 0.448377
vn -0.165229 -0.878441 0.448377
vn -0.723286 -0.683306 0.099753
vn -0.723286 -0.683306 0.099753
vn -0.723286 -0.683306 0.099753
vn -0.036980 -0.996629 -0.073230
vn -0.036980 -0.996629 -0.073230
vn -0.036980 -0.996629 -0.073230
vn -0.437789 -0.569712 0.695535
vn -0.437789 -0.569712 0.695535
vn -0.437789 -0.569712 0.695535
vn -0.400376 -0.887850 -0.226762
vn -0.400376 -0.887850 -0.226762
vn -0.400376 -0.887850 -0.226762
vn -0.617173 -0.743773 0.256706
vn -0.617174 -0.743773 0.256706
vn -0.617174 -0.743773 0.256706
vn -0.607863 -0.763109 0.219468
vn -0.607864 -0.763109 0.219468
vn -0.607863 -0.763109 0.219468
vn -0.653483 -0.710121 0.262084
vn -0.653483 -0.710121 0.262084
vn -0.653483 -0.710121 0.262084
vn 0.132513 0.309799 -0.941523
vn 0.132513 0.309799 -0.941523
vn 0.132513 0.309799 -0.941523
vn 0.447936 -0.865681 0.223495
vn 0.447936 -0.865681 0.223495
vn 0.447936 -0.865681 0.223495
vn 0.511451 -0.845657 0.152582
vn 0.511451 -0.845657 0.152582
vn 0.511451 -0.845657 0.152582
vn -0.425995 -0.893494 0.142117
vn -0.425995 -0.893494 0.142117
vn -0.425995 -0.893494 0.142117
vn 0.000353 -0.945203 0.326483
vn 0.000353 -0.945203 0.326483
vn 0.000353 -0.945203 0.326483
vn -0.268033 -0.762771 0.588505
vn -0.268033 -0.762771 0.588505
vn -0.268033 -0.762771 0.588505
vn -0.795875 0.281643 0.535966
vn -0.795875 0.281643 0.535966
vn -0.795875 0.281643 0.535966
vn -0.825298 -0.559460 -0.076731
vn -0.825298 -0.559460 -0.076731
vn -0.825298 -0.559460 -0.076731
vn -0.397622 -0.890355 -0.221730
vn -0.397622 -0.890355 -0.221730
vn -0.397622 -0.890355 -0.221730
vn -0.402624 -0.893986 -0.196680
vn -0.402624 -0.893986 -0.196680
vn -0.402624 -0.893986 -0.196680
vn -0.439903 -0.878376 -0.186927
vn -0.439903 -0.878376 -0.186927
vn -0.439903 -0.878375 -0.186927
vn -0.688205 -0.725488 0.006505
vn -0.688205 -0.725487 0.006505
vn -0.688205 -0.725487 0.006505
vn -0.576407 -0.807138 0.127607
vn -0.576407 -0.807138 0.127607
vn -0.576407 -0.807138 0.127607
vn -0.645060 -0.648432 0.404270
vn -0.645060 -0.648432 0.404270
vn -0.645060 -0.648432 0.404270
vn -0.691449 -0.585562 0.423102
vn -0.691449 -0.585562 0.423102
vn -0.691449 -0.585562 0.423102
vn -0.679435 -0.516392 0.521255
vn -0.679435 -0.516392 0.521255
vn -0.679435 -0.516392 0.521255
vn -0.574223 -0.763322 -0.295985
vn -0.574223 -0.763322 -0.295985
vn -0.574223 -0.763322 -0.295985
vn -0.421299 0.781620 0.459975
vn -0.421299 0.781620 0.459975
vn -0.421299 0.781620 0.459975
vn -0.280839 -0.953075 -0.113040
vn -0.280839 -0.953075 -0.113040
vn -0.280839 -0.953075 -0.113040
vn -0.681403 -0.587712 -0.436216
vn -0.681403 -0.587712 -0.436216
vn -0.681402 -0.587712 -0.436216
vn -0.571045 -0.818638 0.061146
vn -0.571045 -0.818638 0.061146
vn -0.571045 -0.818638 0.061146
vn -0.597492 -0.801492 0.024772
vn -0.597492 -0.801492 0.024772
vn -0.597492 -0.801492 0.024772
vn -0.594319 -0.791839 0.140624
vn -0.594319 -0.791839 0.140624
vn -0.594319 -0.791839 0.140624
vn -0.039878 -0.997858 0.051861
vn -0.039878 -0.997858 0.051861
vn -0.039878 -0.997858 0.051861
vn -0.454779 -0.862849 -0.220608
vn -0.454779 -0.862849 -0.220608
vn -0.454779 -0.862849 -0.220608
vn 0.251321 -0.934791 0.251005
vn 0.251321 -0.934791 0.251005
vn 0.251321 -0.934791 0.251005
vn 0.066469 -0.885594 0.459680
vn 0.066469 -0.885594 0.459680
vn 0.066469 -0.885594 0.459680
vn -0.073081 -0.796135 0.600690
vn -0.073081 -0.796135 0.600689
vn -0.073081 -0.796135 0.600689
vn 0.855889 -0.075008 -0.511691
vn 0.855889 -0.075008 -0.511691
vn 0.855889 -0.075008 -0.511691
vn -0.310872 -0.950363 -0.012996
vn -0.310872 -0.950363 -0.012996
vn -0.310872 -0.950363 -0.012996
vn 0.428336 -0.820737 0.378047
vn 0.428336 -0.820737 0.378047
vn 0.428336 -0.820737 0.378047
vn -0.669986 -0.678961 0.300218
vn -0.669986 -0.678961 0.300218
vn -0.669986 -0.678961 0.300218
vn -0.530137 -0.348759 0.772866
vn -0.530137 -0.348759 0.772866
vn -0.530137 -0.348759 0.772866
vn 0.034122 -0.998833 0.034194
vn 0.034122 -0.998832 0.034194
vn 0.034122 -0.998833 0.034194
vn -0.481812 -0.863921 -0.146624
vn -0.481812 -0.863920 -0.146624
vn -0.481812 -0.863920 -0.146624
vn -0.816642 -0.190563 0.544776
vn -0.816642 -0.190563 0.544776
vn -0.816642 -0.190563 0.544776
vn 0.304216 -0.912269 0.274258
vn 0.304216 -0.912269 0.274258
vn 0.304216 -0.912269 0.274258
vn -0.012727 -0.723213 0.690508
vn -0.012727 -0.723212 0.690508
vn -0.012727 -0.723213 0.690508
vn -0.035039 -0.997672 0.058513
vn -0.035039 -0.997672 0.058513
vn -0.035039 -0.997671 0.058513
vn -0.080749 -0.995611 -0.047302
vn -0.080749 -0.995611 -0.047302
vn -0.080749 -0.995611 -0.047302
vn -0.314175 -0.939474 -0.136682
vn -0.314175 -0.939474 -0.136682
vn -0.314175 -0.939474 -0.136682
vn -0.388215 -0.921189 0.026462
vn -0.388216 -0.921189 0.026462
vn -0.388216 -0.921189 0.026462
vn -0.444218 -0.864091 0.236677
vn -0.444218 -0.864091 0.236677
vn -0.444218 -0.864091 0.236677
vn -0.481690 -0.789791 0.379743
vn -0.481690 -0.789791 0.379743
vn -0.481690 -0.789791 0.379743
vn -0.532701 -0.713254 0.455520
vn -0.532701 -0.713254 0.455520
vn -0.532701 -0.713254 0.455520
vn -0.351822 -0.798853 0.487909
vn -0.351822 -0.798853 0.487909
vn -0.351822 -0.798853 0.487909
vn 0.032008 -0.999129 -0.026760
vn 0.032008 -0.999129 -0.026760
vn 0.032008 -0.999129 -0.026760
vn 0.027974 -0.999414 -0.019703
vn 0.027974 -0.999414 -0.019703
vn 0.027974 -0.999414 -0.019703
vn 0.290611 -0.865220 0.408583
vn 0.290611 -0.865220 0.408583
vn 0.290611 -0.865220 0.408583
vn -0.422480 -0.824142 0.377227
vn -0.422480 -0.824142 0.377227
vn -0.422480 -0.824142 0.377227
vn -0.492636 -0.684490 0.537386
vn -0.492636 -0.684490 0.537386
vn -0.492636 -0.684490 0.537386
vn -0.042684 -0.999037 -0.010121
vn -0.042684 -0.999037 -0.010121
vn -0.042684 -0.999037 -0.010121
vn 0.868914 -0.493129 -0.042571
vn 0.868914 -0.493129 -0.042571
vn 0.868914 -0.493129 -0.042571
vn -0.154946 -0.946510 -0.283038
vn -0.154946 -0.946510 -0.283038
vn -0.154946 -0.946510 -0.283038
vn -0.308344 -0.944253 -0.115370
vn -0.308344 -0.944253 -0.115370
vn -0.308344 -0.944253 -0.115370
vn -0.430494 -0.862904 0.264709
vn -0.430494 -0.862904 0.264709
vn -0.430494 -0.862904 0.264709
vn -0.523797 -0.703921 0.479721
vn -0.523797 -0.703921 0.479721
vn -0.523796 -0.703921 0.479721
vn -0.620314 -0.521647 0.585742
vn -0.620314 -0.521647 0.585742
vn -0.620314 -0.521647 0.585742
vn -0.560377 -0.600245 0.570687
vn -0.560377 -0.600245 0.570687
vn -0.560377 -0.600245 0.570687
vn -0.590938 -0.414460 0.692109
vn -0.590938 -0.414460 0.692109
vn -0.590938 -0.414460 0.692109
vn -0.951469 0.176248 0.252275
vn -0.951469 0.176248 0.252275
vn -0.951469 0.176248 0.252275
vn -0.917027 0.381975 0.114704
vn -0.917027 0.381975 0.114704
vn -0.917027 0.381975 0.114704
vn 0.511992 -0.820394 0.254594
vn 0.511992 -0.820394 0.254594
vn 0.511992 -0.820394 0.254594
vn 0.190978 -0.069384 0.979139
vn 0.190978 -0.069384 0.979139
vn 0.190978 -0.069384 0.979139
vn -0.667262 -0.018919 0.744583
vn -0.667262 -0.018919 0.744583
vn -0.667262 -0.018919 0.744583
vn -0.213433 -0.945580 0.245613
vn -0.213433 -0.945580 0.245613
vn -0.213433 -0.945580 0.245613
vn 0.431243 -0.830214 0.353234
vn 0.431243 -0.830214 0.353234
vn 0.431243 -0.830214 0.353234
vn -0.199935 -0.978375 0.053000
vn -0.199935 -0.978375 0.053000
vn -0.199935 -0.978375 0.053000
vn -0.069700 -0.997177 0.027947
vn -0.069700 -0.997177 0.027947
vn -0.069700 -0.997176 0.027947
vn -0.225511 -0.971151 0.077530
vn -0.225511 -0.971151 0.077530
vn -0.225511 -0.971151 0.077530
vn 0.601092 -0.555777 0.574282
vn 0.601092 -0.555777 0.574282
vn 0.601092 -0.555777 0.574282
vn -0.501066 -0.776288 0.382504
vn -0.501066 -0.776288 0.382504
vn -0.501066 -0.776288 0.382504
vn -0.081611 -0.996592 -0.012007
vn -0.081611 -0.996592 -0.012007
vn -0.081611 -0.996592 -0.012007
vn -0.642336 0.701636 0.308401
vn -0.642336 0.701636 0.308401
vn -0.642336 0.701636 0.308401
vn -0.247338 -0.938537 -0.240775
vn -0.247338 -0.938537 -0.240775
vn -0.247338 -0.938537 -0.240775
vn -0.323250 -0.934586 0.148521
vn -0.323250 -0.934586 0.148521
vn -0.323250 -0.934586 0.148521
vn -0.470986 -0.788919 0.394688
vn -0.470986 -0.788919 0.394688
vn -0.470986 -0.788919 0.394688
vn -0.506001 -0.762201 0.403748
vn -0.506001 -0.762201 0.403748
vn -0.506001 -0.762201 0.403748
vn 0.598051 -0.601840 0.529267
vn 0.598051 -0.601840 0.529267
vn 0.598051 -0.601840 0.529267
vn 0.003792 -0.999603 0.027918
vn 0.003792 -0.999603 0.027918
vn 0.003792 -0.999603 0.027918
vn -0.443100 -0.835890 -0.323959
vn -0.443100 -0.835890 -0.323959
vn -0.443100 -0.835890 -0.323959
vn -0.299802 -0.933368 -0.197339
vn -0.299802 -0.933368 -0.197339
vn -0.299802 -0.933368 -0.197339
vn -0.403351 -0.844509 -0.352297
vn -0.403351 -0.844509 -0.352297
vn -0.403351 -0.844509 -0.352297
vn -0.290831 -0.943630 -0.158049
vn -0.290831 -0.943630 -0.158049
vn -0.290831 -0.943630 -0.158049
vn -0.396788 -0.464397 0.791767
vn -0.396788 -0.464397 0.791767
vn -0.396788 -0.464397 0.791767
vn -0.257902 0.467373 -0.845605
vn -0.257902 0.467373 -0.845606
vn -0.257902 0.467373 -0.845606
vn -0.209990 0.643926 -0.735706
vn -0.209990 0.643926 -0.735706
vn -0.209990 0.643926 -0.735706
vn 0.254686 -0.963979 0.076677
vn 0.254686 -0.963979 0.076677
vn 0.254686 -0.963979 0.076677
vn 0.245360 -0.949986 0.193196
vn 0.245360 -0.949986 0.193196
vn 0.245360 -0.949986 0.193196
vn -0.063431 -0.988085 -0.140228
vn -0.063431 -0.988085 -0.140228
vn -0.063431 -0.988085 -0.140228
vn 0.032196 -0.997825 -0.057525
vn 0.032196 -0.997825 -0.057525
vn 0.032196 -0.997825 -0.057525
vn -0.068225 -0.997283 -0.027788
vn -0.068225 -0.997283 -0.027788
vn -0.068225 -0.997283 -0.027788
vn -0.010866 -0.999910 -0.007890
vn -0.010866 -0.999910 -0.007890
vn -0.010866 -0.999910 -0.007890
vn -0.184463 -0.968675 0.166257
vn -0.184463 -0.968675 0.166257
vn -0.184463 -0.968675 0.166257
vn -0.498809 -0.751023 0.432613
vn -0.498809 -0.751023 0.432613
vn -0.498809 -0.751023 0.432613
vn -0.775598 -0.588603 -0.228022
vn -0.775598 -0.588603 -0.228022
vn -0.775599 -0.588603 -0.228022
vn -0.593813 -0.756452 -0.274166
vn -0.593813 -0.756452 -0.274166
vn -0.593813 -0.756452 -0.274166
vn -0.327187 -0.933522 0.146581
vn -0.327187 -0.933522 0.146581
vn -0.327187 -0.933522 0.146581
vn -0.402092 -0.642008 0.652800
vn -0.402092 -0.642008 0.652800
vn -0.402092 -0.642008 0.652800
vn -0.353140 -0.581815 0.732655
vn -0.353140 -0.581815 0.732655
vn -0.353140 -0.581815 0.732655
vn -0.407214 -0.240822 0.881012
vn -0.407214 -0.240821 0.881012
vn -0.407214 -0.240821 0.881012
vn -0.033212 -0.998501 0.043505
vn -0.033212 -0.998501 0.043505
vn -0.033212 -0.998501 0.043505
vn -0.346569 -0.926490 0.146648
vn -0.346569 -0.926490 0.146648
vn -0.346569 -0.926490 0.146648
vn -0.274932 -0.957157 0.090902
vn -0.274932 -0.957157 0.090902
vn -0.274932 -0.957157 0.090902
vn -0.290965 -0.921533 0.257131
vn -0.290965 -0.921533 0.257131
vn -0.290965 -0.921533 0.257131
vn -0.304796 -0.908043 0.287327
vn -0.304796 -0.908043 0.287327
vn -0.304796 -0.908043 0.287327
vn -0.393793 -0.728306 0.560801
vn -0.393793 -0.728306 0.560801
vn -0.393793 -0.728306 0.560801
vn -0.120180 -0.962130 0.244666
vn -0.120180 -0.962130 0.244666
vn -0.120180 -0.962130 0.244666
vn -0.586195 -0.743533 0.321766
vn -0.586195 -0.743533 0.321766
vn -0.586195 -0.743533 0.321766
vn -0.004360 -0.904048 -0.427408
vn -0.004360 -0.904048 -0.427408
vn -0.004360 -0.904048 -0.427408
vn -0.405500 -0.888148 0.216248
vn -0.405500 -0.888148 0.216248
vn -0.405500 -0.888148 0.216248
vn -0.246769 -0.950743 0.187595
vn -0.246769 -0.950743 0.187595
vn -0.246769 -0.950744 0.187595
vn -0.486456 -0.680020 0.548573
vn -0.486456 -0.680020 0.548573
vn -0.486456 -0.680020 0.548573
vn -0.696167 -0.672519 0.251137
vn -0.696167 -0.672519 0.251137
vn -0.696167 -0.672519 0.251137
vn -0.051568 0.944273 -0.325099
vn -0.051568 0.944273 -0.325099
vn -0.051568 0.944273 -0.325099
vn -0.265054 -0.960488 -0.084902
vn -0.265054 -0.960488 -0.084902
vn -0.265054 -0.960488 -0.084902
vn -0.275819 -0.887005 0.370333
vn -0.275819 -0.887005 0.370333
vn -0.275819 -0.887005 0.370333
vn -0.347362 -0.836560 0.423683
vn -0.347362 -0.836560 0.423683
vn -0.347362 -0.836560 0.423683
vn -0.392052 -0.729912 0.559932
vn -0.392052 -0.729912 0.559932
vn -0.392052 -0.729912 0.559932
vn -0.430920 -0.897772 -0.091183
vn -0.430920 -0.897771 -0.091183
vn -0.430920 -0.897771 -0.091183
vn -0.402270 -0.914257 0.048096
vn -0.402270 -0.914257 0.048096
vn -0.402270 -0.914257 0.048096
vn 0.591973 -0.791259 0.153221
vn 0.591973 -0.791259 0.153221
vn 0.591973 -0.791259 0.153221
vn -0.347102 -0.836452 0.424108
vn -0.347102 -0.836452 0.424108
vn -0.347102 -0.836452 0.424108
vn -0.406989 -0.789584 0.459257
vn -0.406989 -0.789584 0.459257
vn -0.406989 -0.789584 0.459257
vn 0.088188 -0.665886 0.740823
vn 0.088188 -0.665886 0.740823
vn 0.088188 -0.665886 0.740823
vn -0.051957 -0.988070 -0.144978
vn -0.051957 -0.988070 -0.144978
vn -0.051957 -0.988070 -0.144978
vn -0.319851 -0.945911 -0.054299
vn -0.319851 -0.945911 -0.054299
vn -0.319851 -0.945911 -0.054299
vn -0.660049 -0.729626 -0.178832
vn -0.660049 -0.729626 -0.178832
vn -0.660049 -0.729626 -0.178832
vn 0.336489 -0.941183 -0.030818
vn 0.336489 -0.941183 -0.030818
vn 0.336489 -0.941183 -0.030818
vn 0.351090 -0.920245 -0.172871
vn 0.351090 -0.920245 -0.172871
vn 0.351090 -0.920245 -0.172871
vn 0.259285 -0.964222 -0.055199
vn 0.259285 -0.964222 -0.055199
vn 0.259285 -0.964222 -0.055199
vn -0.743125 0.167842 0.647761
vn -0.743125 0.167842 0.647761
vn -0.743125 0.167842 0.647761
vn 0.004360 -0.999971 -0.006306
vn 0.004360 -0.999971 -0.006306
vn 0.004360 -0.999971 -0.006306
vn -0.001469 -0.999935 0.011349
vn -0.001469 -0.999934 0.011349
vn -0.001469 -0.999935 0.011349
vn -0.061542 -0.996872 0.049579
vn -0.061541 -0.996872 0.049579
vn -0.061541 -0.996872 0.049579
vn 0.259379 -0.962951 0.073806
vn 0.259379 -0.962951 0.073806
vn 0.259379 -0.962951 0.073806
vn 0.223331 -0.644337 0.731405
vn 0.223331 -0.644337 0.731405
vn 0.223331 -0.644337 0.731405
vn -0.527274 -0.071363 -0.846693
vn -0.527274 -0.071363 -0.846693
vn -0.527274 -0.071363 -0.846693
vn -0.214866 -0.934766 0.282924
vn -0.214866 -0.934766 0.282924
vn -0.214866 -0.934766 0.282924
vn -0.260658 -0.889648 0.374944
vn -0.260658 -0.889648 0.374944
vn -0.260658 -0.889648 0.374944
vn 0.336687 -0.077567 0.938416
vn 0.336687 -0.077567 0.938416
vn 0.336687 -0.077567 0.938416
vn 0.036859 -0.999132 -0.019410
vn 0.036859 -0.999132 -0.019410
vn 0.036859 -0.999132 -0.019410
vn 0.222057 0.334175 0.915979
vn 0.222057 0.334175 0.915979
vn 0.222057 0.334175 0.915979
vn -0.247470 -0.885371 0.393544
vn -0.247470 -0.885371 0.393544
vn -0.247470 -0.885371 0.393544
vn -0.287077 -0.853055 0.435756
vn -0.287077 -0.853055 0.435756
vn -0.287077 -0.853055 0.435756
vn -0.267221 -0.679318 0.683462
vn -0.267221 -0.679318 0.683462
vn -0.267221 -0.679318 0.683462
vn -0.314266 -0.593688 0.740791
vn -0.314266 -0.593688 0.740791
vn -0.314266 -0.593688 0.740791
vn 0.492113 -0.655920 0.572359
vn 0.492113 -0.655920 0.572359
vn 0.492113 -0.655920 0.572359
vn 0.032235 -0.999307 -0.018635
vn 0.032235 -0.999307 -0.018635
vn 0.032235 -0.999307 -0.018635
vn 0.292815 0.955524 -0.035127
vn 0.292815 0.955524 -0.035128
vn 0.292815 0.955524 -0.035127
vn -0.293065 -0.727030 0.620919
vn -0.293065 -0.727030 0.620919
vn -0.293065 -0.727030 0.620919
vn 0.015832 -0.996983 0.075993
vn 0.015832 -0.996983 0.075993
vn 0.015832 -0.996983 0.075993
vn -0.508269 -0.723168 0.467643
vn -0.508269 -0.723168 0.467643
vn -0.508269 -0.723168 0.467643
vn 0.192402 -0.630511 -0.751955
vn 0.192402 -0.630511 -0.751955
vn 0.192402 -0.630511 -0.751955
vn -0.059767 -0.980967 -0.184745
vn -0.059767 -0.980967 -0.184745
vn -0.059767 -0.980967 -0.184745
vn -0.031489 -0.999159 -0.026265
vn -0.031489 -0.999159 -0.026265
vn -0.031489 -0.999159 -0.026265
vn -0.384565 -0.725392 0.570891
vn -0.384565 -0.725392 0.570891
vn -0.384565 -0.725392 0.570891
vn -0.625272 -0.779916 -0.027674
vn -0.625272 -0.779916 -0.027674
vn -0.625272 -0.779916 -0.027674
vn -0.944348 -0.149893 -0.292811
vn -0.944348 -0.149893 -0.292811
vn -0.944348 -0.149893 -0.292811
vn 0.113633 -0.308631 0.944370
vn 0.113633 -0.308631 0.944370
vn 0.113633 -0.308631 0.944370
vn -0.350638 0.527879 0.773561
vn -0.350638 0.527879 0.773561
vn -0.350638 0.527879 0.773561
vn -0.018360 -0.993052 0.116236
vn -0.018360 -0.993052 0.116236
vn -0.018360 -0.993052 0.116236
vn -0.688985 -0.661161 -0.296928
vn -0.688985 -0.661161 -0.296928
vn -0.688985 -0.661161 -0.296928
vn -0.686599 -0.683263 -0.248461
vn -0.686599 -0.683263 -0.248461
vn -0.686599 -0.683263 -0.248461
vn -0.175712 -0.970159 -0.167081
vn -0.175712 -0.970159 -0.167081
vn -0.175712 -0.970159 -0.167081
vn -0.192377 -0.980874 -0.029616
vn -0.192377 -0.980874 -0.029616
vn -0.192377 -0.980874 -0.029616
vn -0.613302 -0.788907 0.038545
vn -0.613302 -0.788907 0.038545
vn -0.613302 -0.788907 0.038545
vn -0.216002 -0.833070 0.509252
vn -0.216002 -0.833070 0.509252
vn -0.216002 -0.833070 0.509252
vn -0.296556 -0.570705 0.765735
vn -0.296556 -0.570705 0.765735
vn -0.296556 -0.570705 0.765735
vn -0.099647 -0.994018 -0.044710
vn -0.099647 -0.994018 -0.044710
vn -0.099647 -0.994018 -0.044710
vn -0.703831 -0.686334 -0.183215
vn -0.703831 -0.686334 -0.183215
vn -0.703831 -0.686334 -0.183215
vn -0.138570 -0.989483 -0.041492
vn -0.138570 -0.989483 -0.041492
vn -0.138570 -0.989483 -0.041492
vn -0.050013 -0.992181 -0.114351
vn -0.050013 -0.992181 -0.114351
vn -0.050013 -0.992181 -0.114351
vn -0.012253 -0.999895 -0.007764
vn -0.012253 -0.999895 -0.007764
vn -0.012253 -0.999895 -0.007764
vn -0.008189 -0.999939 -0.007421
vn -0.008189 -0.999939 -0.007421
vn -0.008189 -0.999939 -0.007421
vn 0.007637 -0.999954 0.005764
vn 0.007637 -0.999954 0.005764
vn 0.007637 -0.999954 0.005764
vn -0.008223 -0.999897 0.011786
vn -0.008223 -0.999897 0.011786
vn -0.008223 -0.999897 0.011786
vn -0.432448 -0.901571 0.012602
vn -0.432448 -0.901571 0.012602
vn -0.432448 -0.901570 0.012602
vn 0.024958 -0.974928 -0.221117
vn 0.024958 -0.974928 -0.221117
vn 0.024958 -0.974928 -0.221117
vn -0.139907 -0.959520 0.244433
vn -0.139907 -0.959520 0.244433
vn -0.139908 -0.959520 0.244433
vn 0.017352 -0.999845 -0.003131
vn 0.017352 -0.999845 -0.003131
vn 0.017352 -0.999845 -0.003131
vn 0.019808 -0.999601 -0.020155
vn 0.019808 -0.999601 -0.020155
vn 0.019808 -0.999601 -0.020155
vn -0.010065 -0.988534 -0.150661
vn -0.010065 -0.988534 -0.150661
vn -0.010065 -0.988534 -0.150661
vn -0.061702 -0.996874 0.049349
vn -0.061702 -0.996874 0.049349
vn -0.061702 -0.996874 0.049349
vn -0.016465 -0.999635 0.021439
vn -0.016465 -0.999635 0.021439
vn -0.016465 -0.999635 0.021439
vn -0.141206 -0.989835 -0.016936
vn -0.141206 -0.989835 -0.016936
vn -0.141206 -0.989835 -0.016936
vn -0.208035 -0.868137 0.450621
vn -0.208035 -0.868137 0.450621
vn -0.208035 -0.868137 0.450621
vn -0.245490 -0.823714 0.511107
vn -0.245490 -0.823714 0.511107
vn -0.245490 -0.823714 0.511107
vn -0.123254 -0.655334 0.745216
vn -0.123254 -0.655334 0.745216
vn -0.123254 -0.655333 0.745216
vn -0.008955 -0.999960 -0.000610
vn -0.008955 -0.999960 -0.000610
vn -0.008955 -0.999960 -0.000610
vn -0.212215 -0.671772 0.709710
vn -0.212215 -0.671772 0.709710
vn -0.212215 -0.671772 0.709710
vn -0.110121 -0.553595 0.825473
vn -0.110121 -0.553595 0.825473
vn -0.110121 -0.553595 0.825473
vn 0.006350 -0.999802 -0.018867
vn 0.006350 -0.999802 -0.018867
vn 0.006350 -0.999802 -0.018867
vn 0.108064 -0.934171 -0.340069
vn 0.108064 -0.934171 -0.340069
vn 0.108064 -0.934171 -0.340069
vn -0.021069 -0.999339 -0.029629
vn -0.021069 -0.999339 -0.029629
vn -0.021069 -0.999339 -0.029629
vn 0.095443 -0.994352 0.046424
vn 0.095443 -0.994352 0.046424
vn 0.095443 -0.994352 0.046424
vn 0.055519 -0.998432 0.007212
vn 0.055519 -0.998432 0.007212
vn 0.055519 -0.998432 0.007212
vn -0.099895 -0.993383 0.056658
vn -0.099895 -0.993384 0.056658
vn -0.099895 -0.993384 0.056658
vn 0.539276 -0.673170 0.505988
vn 0.539276 -0.673170 0.505988
vn 0.539276 -0.673170 0.505987
vn -0.192071 -0.676876 0.710597
vn -0.192071 -0.676876 0.710597
vn -0.192071 -0.676876 0.710597
vn -0.389620 -0.920791 -0.018473
vn -0.389619 -0.920791 -0.018473
vn -0.389620 -0.920791 -0.018473
vn -0.119990 -0.984583 0.127277
vn -0.119990 -0.984583 0.127277
vn -0.119990 -0.984582 0.127277
vn 0.013898 -0.999818 0.013064
vn 0.013898 -0.999818 0.013064
vn 0.013898 -0.999818 0.013064
vn 0.405167 -0.906680 0.117348
vn 0.405167 -0.906680 0.117348
vn 0.405167 -0.906680 0.117348
vn -0.207788 -0.943645 0.257601
vn -0.207788 -0.943645 0.257601
vn -0.207788 -0.943645 0.257601
vn -0.034020 -0.998400 0.045160
vn -0.034020 -0.998400 0.045160
vn -0.034020 -0.998400 0.045160
vn -0.011109 -0.999549 0.027891
vn -0.011109 -0.999549 0.027891
vn -0.011109 -0.999549 0.027891
vn -0.524488 -0.702538 0.480992
vn -0.524488 -0.702538 0.480992
vn -0.524488 -0.702538 0.480992
vn 0.233661 -0.541336 0.807687
vn 0.233661 -0.541336 0.807687
vn 0.233661 -0.541336 0.807687
vn -0.140440 -0.989091 0.044460
vn -0.140440 -0.989091 0.044460
vn -0.140440 -0.989090 0.044460
vn -0.656869 -0.747235 0.100812
vn -0.656869 -0.747235 0.100812
vn -0.656869 -0.747235 0.100812
vn -0.216277 -0.816705 0.534993
vn -0.216277 -0.816705 0.534993
vn -0.216277 -0.816705 0.534993
vn -0.111253 -0.662463 0.740787
vn -0.111253 -0.662463 0.740787
vn -0.111253 -0.662463 0.740787
vn 0.024028 -0.999038 0.036684
vn 0.024028 -0.999038 0.036684
vn 0.024028 -0.999038 0.036684
vn 0.100129 -0.994905 0.011782
vn 0.100129 -0.994905 0.011782
vn 0.100129 -0.994905 0.011782
vn 0.046198 -0.998834 -0.014048
vn 0.046198 -0.998834 -0.014048
vn 0.046198 -0.998834 -0.014048
vn -0.491531 -0.730663 0.473845
vn -0.491531 -0.730663 0.473845
vn -0.491531 -0.730663 0.473845
vn 0.301109 -0.949544 0.087749
vn 0.301109 -0.949544 0.087749
vn 0.301109 -0.949544 0.087749
vn -0.175178 -0.735482 0.654506
vn -0.175178 -0.735482 0.654506
vn -0.175178 -0.735482 0.654506
vn 0.003599 -0.989791 0.142479
vn 0.003599 -0.989791 0.142479
vn 0.003599 -0.989791 0.142479
vn -0.010616 -0.998851 0.046739
vn -0.010616 -0.998851 0.046739
vn -0.010616 -0.998851 0.046739
vn 0.058440 -0.967284 0.246874
vn 0.058440 -0.967284 0.246874
vn 0.058440 -0.967284 0.246874
vn 0.588124 -0.690531 0.421043
vn 0.588124 -0.690530 0.421043
vn 0.588124 -0.690531 0.421043
vn 0.506737 -0.830334 0.231867
vn 0.506737 -0.830335 0.231867
vn 0.506737 -0.830334 0.231867
vn 0.829925 -0.557838 0.006420
vn 0.829925 -0.557838 0.006420
vn 0.829925 -0.557838 0.006420
vn -0.019474 -0.999170 0.035767
vn -0.019474 -0.999170 0.035767
vn -0.019474 -0.999170 0.035767
vn -0.557666 -0.710114 0.429823
vn -0.557666 -0.710114 0.429823
vn -0.557666 -0.710114 0.429823
vn -0.412712 0.384292 -0.825826
vn -0.412712 0.384292 -0.825826
vn -0.412712 0.384292 -0.825826
vn -0.783897 -0.620882 -0.003332
vn -0.783897 -0.620882 -0.003332
vn -0.783897 -0.620882 -0.003332
vn 0.002638 -0.538298 0.842751
vn 0.002638 -0.538298 0.842750
vn 0.002638 -0.538298 0.842750
vn -0.032919 -0.577757 0.815545
vn -0.032919 -0.577757 0.815545
vn -0.032919 -0.577757 0.815545
vn 0.096450 -0.848794 0.519853
vn 0.096450 -0.848794 0.519853
vn 0.096450 -0.848794 0.519853
vn 0.187040 -0.905316 0.381339
vn 0.187040 -0.905316 0.381339
vn 0.187040 -0.905316 0.381339
vn 0.016862 -0.998773 0.046553
vn 0.016862 -0.998773 0.046553
vn 0.016862 -0.998774 0.046553
vn -0.020175 -0.999171 0.035354
vn -0.020175 -0.999171 0.035354
vn -0.020175 -0.999171 0.035354
vn -0.695043 -0.172952 -0.697856
vn -0.695043 -0.172952 -0.697856
vn -0.695043 -0.172952 -0.697856
vn -0.608387 -0.726673 -0.319079
vn -0.608387 -0.726673 -0.319079
vn -0.608387 -0.726673 -0.319079
vn 0.037231 -0.634718 0.771847
vn 0.037231 -0.634718 0.771847
vn 0.037231 -0.634718 0.771847
vn -0.032631 -0.578994 0.814678
vn -0.032631 -0.578994 0.814679
vn -0.032631 -0.578994 0.814679
vn -0.070204 -0.498718 0.863916
vn -0.070204 -0.498718 0.863916
vn -0.070204 -0.498718 0.863916
vn 0.287062 -0.876492 0.386467
vn 0.287062 -0.876492 0.386467
vn 0.287062 -0.876492 0.386467
vn 0.507355 -0.551536 0.662117
vn 0.507355 -0.551536 0.662117
vn 0.507355 -0.551536 0.662117
vn 0.526231 -0.770824 0.359044
vn 0.526231 -0.770824 0.359044
vn 0.526231 -0.770824 0.359044
vn 0.782680 -0.539559 0.310304
vn 0.782679 -0.539559 0.310304
vn 0.782680 -0.539559 0.310304
vn 0.015603 -0.999662 -0.020797
vn 0.015603 -0.999662 -0.020797
vn 0.015603 -0.999662 -0.020797
vn -0.779138 -0.334607 0.530078
vn -0.779138 -0.334607 0.530078
vn -0.779138 -0.334607 0.530078
vn 0.277299 0.056469 0.959123
vn 0.277299 0.056469 0.959123
vn 0.277299 0.056469 0.959123
vn -0.395992 -0.578740 0.712917
vn -0.395992 -0.578740 0.712917
vn -0.395992 -0.578740 0.712917
vn -0.424308 -0.424865 0.799658
vn -0.424308 -0.424865 0.799658
vn -0.424308 -0.424865 0.799658
vn 0.017437 -0.998104 -0.059033
vn 0.017437 -0.998104 -0.059033
vn 0.017437 -0.998104 -0.059033
vn -0.482318 -0.849973 0.211930
vn -0.482318 -0.849974 0.211930
vn -0.482318 -0.849974 0.211930
vn -0.008647 -0.999220 0.038530
vn -0.008647 -0.999220 0.038530
vn -0.008647 -0.999220 0.038530
vn -0.088111 -0.945352 0.313919
vn -0.088111 -0.945352 0.313919
vn -0.088111 -0.945352 0.313919
vn 0.062153 -0.998064 -0.002095
vn 0.062153 -0.998064 -0.002095
vn 0.062153 -0.998064 -0.002095
vn 0.000451 -0.999407 0.034429
vn 0.000451 -0.999407 0.034429
vn 0.000451 -0.999407 0.034429
vn 0.332301 -0.934278 -0.129230
vn 0.332301 -0.934278 -0.129230
vn 0.332301 -0.934278 -0.129230
vn -0.362268 -0.923967 -0.122664
vn -0.362268 -0.923967 -0.122664
vn -0.362268 -0.923967 -0.122664
vn 0.031611 -0.977580 0.208180
vn 0.031611 -0.977580 0.208180
vn 0.031611 -0.977580 0.208180
vn 0.082902 -0.698120 0.711165
vn 0.082902 -0.698120 0.711165
vn 0.082902 -0.698120 0.711165
vn 0.006484 -0.997723 0.067128
vn 0.006484 -0.997723 0.067128
vn 0.006484 -0.997723 0.067128
vn -0.159482 -0.723719 0.671414
vn -0.159482 -0.723719 0.671414
vn -0.159482 -0.723719 0.671414
vn -0.035883 -0.985794 0.164080
vn -0.035883 -0.985794 0.164080
vn -0.035883 -0.985794 0.164080
vn 0.021586 -0.999242 0.032400
vn 0.021586 -0.999242 0.032400
vn 0.021586 -0.999242 0.032400
vn 0.017649 -0.999255 0.034325
vn 0.017649 -0.999255 0.034325
vn 0.017649 -0.999255 0.034325
vn -0.035700 -0.980560 0.192947
vn -0.035700 -0.980560 0.192947
vn -0.035700 -0.980560 0.192947
vn -0.081743 -0.886962 0.454551
vn -0.081743 -0.886962 0.454551
vn -0.081743 -0.886962 0.454551
vn -0.289540 -0.314932 0.903872
vn -0.289540 -0.314932 0.903872
vn -0.289540 -0.314932 0.903872
vn 0.109747 -0.993692 -0.023070
vn 0.109747 -0.993692 -0.023070
vn 0.109747 -0.993692 -0.023070
vn 0.022013 -0.999556 -0.020067
vn 0.022013 -0.999556 -0.020067
vn 0.022013 -0.999556 -0.020067
vn -0.370798 -0.363940 0.854433
vn -0.370798 -0.363940 0.854433
vn -0.370798 -0.363940 0.854433
vn -0.011485 -0.899813 0.436124
vn -0.011485 -0.899813 0.436124
vn -0.011485 -0.899813 0.436125
vn 0.164170 -0.894625 0.415565
vn 0.164170 -0.894625 0.415565
vn 0.164170 -0.894625 0.415565
vn -0.015759 -0.998195 0.057950
vn -0.015759 -0.998195 0.057950
vn -0.015759 -0.998195 0.057950
vn 0.067691 -0.715944 0.694869
vn 0.067691 -0.715944 0.694869
vn 0.067691 -0.715944 0.694869
vn 0.212557 -0.953573 0.213350
vn 0.212557 -0.953573 0.213350
vn 0.212557 -0.953573 0.213350
vn -0.016407 -0.999226 -0.035753
vn -0.016407 -0.999226 -0.035753
vn -0.016407 -0.999226 -0.035753
vn 0.037749 -0.997630 -0.057532
vn 0.037749 -0.997630 -0.057532
vn 0.037749 -0.997630 -0.057532
vn 0.011990 -0.999839 0.013337
vn 0.011990 -0.999839 0.013337
vn 0.011990 -0.999839 0.013337
vn 0.418364 -0.897760 -0.137838
vn 0.418364 -0.897760 -0.137838
vn 0.418364 -0.897760 -0.137838
vn -0.436523 -0.896715 -0.073150
vn -0.436523 -0.896715 -0.073150
vn -0.436523 -0.896715 -0.073149
vn 0.027718 -0.997780 0.060551
vn 0.027718 -0.997780 0.060551
vn 0.027718 -0.997780 0.060551
vn 0.235902 -0.299175 -0.924578
vn 0.235902 -0.299175 -0.924578
vn 0.235902 -0.299175 -0.924578
vn 0.229394 -0.747203 0.623751
vn 0.229394 -0.747204 0.623751
vn 0.229394 -0.747204 0.623751
vn 0.187805 -0.951548 0.243488
vn 0.187805 -0.951548 0.243488
vn 0.187805 -0.951548 0.243488
vn 0.117801 -0.992969 -0.011648
vn 0.117801 -0.992969 -0.011648
vn 0.117801 -0.992969 -0.011648
vn 0.009199 -0.996807 0.079314
vn 0.009199 -0.996807 0.079314
vn 0.009199 -0.996807 0.079314
vn -0.185988 -0.695722 0.693815
vn -0.185988 -0.695722 0.693815
vn -0.185988 -0.695722 0.693815
vn -0.241198 -0.405149 0.881861
vn -0.241198 -0.405148 0.881861
vn -0.241198 -0.405149 0.881861
vn 0.301846 -0.919616 0.251387
vn 0.301846 -0.919616 0.251387
vn 0.301846 -0.919616 0.251387
vn 0.107456 -0.994110 -0.014119
vn 0.107456 -0.994109 -0.014119
vn 0.107456 -0.994110 -0.014119
vn 0.065592 -0.633699 0.770794
vn 0.065592 -0.633699 0.770794
vn 0.065592 -0.633699 0.770794
vn -0.330085 -0.923481 -0.195519
vn -0.330085 -0.923481 -0.195519
vn -0.330085 -0.923481 -0.195519
vn -0.457131 -0.728617 0.510048
vn -0.457131 -0.728617 0.510048
vn -0.457131 -0.728617 0.510048
vn -0.562623 -0.774128 0.290140
vn -0.562623 -0.774128 0.290140
vn -0.562623 -0.774128 0.290140
vn -0.921712 -0.308090 0.235644
vn -0.921712 -0.308090 0.235644
vn -0.921712 -0.308090 0.235644
vn -0.805873 -0.508150 -0.303895
vn -0.805873 -0.508150 -0.303895
vn -0.805873 -0.508150 -0.303895
vn -0.028207 -0.998425 0.048491
vn -0.028207 -0.998425 0.048491
vn -0.028207 -0.998425 0.048491
vn 0.011218 -0.999739 0.019885
vn 0.011218 -0.999739 0.019885
vn 0.011218 -0.999739 0.019885
vn 0.025656 -0.999650 -0.006477
vn 0.025656 -0.999650 -0.006477
vn 0.025656 -0.999650 -0.006477
vn -0.028469 -0.672953 0.739137
vn -0.028469 -0.672953 0.739137
vn -0.028469 -0.672953 0.739137
vn 0.002003 -0.999733 -0.023015
vn 0.002003 -0.999733 -0.023015
vn 0.002003 -0.999733 -0.023015
vn 0.016990 -0.999753 0.014304
vn 0.016990 -0.999753 0.014304
vn 0.016990 -0.999753 0.014304
vn -0.497736 -0.730377 0.467769
vn -0.497736 -0.730377 0.467769
vn -0.497736 -0.730377 0.467769
vn 0.005028 -0.995816 0.091243
vn 0.005028 -0.995816 0.091243
vn 0.005028 -0.995816 0.091243
vn 0.172732 -0.619179 0.766016
vn 0.172732 -0.619179 0.766016
vn 0.172732 -0.619179 0.766016
vn -0.042182 -0.970905 0.235722
vn -0.042182 -0.970905 0.235722
vn -0.042182 -0.970905 0.235722
vn 0.041043 -0.999155 0.002159
vn 0.041043 -0.999155 0.002159
vn 0.041043 -0.999155 0.002159
vn -0.077125 -0.995743 0.050482
vn -0.077125 -0.995742 0.050482
vn -0.077125 -0.995743 0.050482
vn -0.548588 -0.639111 0.539062
vn -0.548588 -0.639111 0.539062
vn -0.548588 -0.639111 0.539062
vn -0.005979 -0.999786 0.019808
vn -0.005979 -0.999786 0.019808
vn -0.005979 -0.999786 0.019808
vn 0.005746 -0.999097 0.042105
vn 0.005746 -0.999097 0.042105
vn 0.005746 -0.999097 0.042105
vn -0.107853 -0.545224 0.831323
vn -0.107853 -0.545224 0.831323
vn -0.107853 -0.545224 0.831323
vn 0.070934 -0.988971 0.130019
vn 0.070934 -0.988971 0.130019
vn 0.070934 -0.988971 0.130019
vn 0.117995 -0.208067 0.970971
vn 0.117995 -0.208067 0.970971
vn 0.117995 -0.208067 0.970971
vn -0.047284 -0.997895 0.044389
vn -0.047284 -0.997895 0.044389
vn -0.047284 -0.997895 0.044389
vn 0.232080 -0.967633 -0.099126
vn 0.232080 -0.967633 -0.099126
vn 0.232080 -0.967633 -0.099126
vn 0.014223 -0.999879 -0.006370
vn 0.014223 -0.999879 -0.006370
vn 0.014223 -0.999879 -0.006370
vn 0.005477 -0.987337 0.158544
vn 0.005477 -0.987337 0.158544
vn 0.005477 -0.987337 0.158544
vn -0.100348 -0.630157 0.769956
vn -0.100348 -0.630157 0.769956
vn -0.100348 -0.630157 0.769956
vn -0.103140 -0.659049 0.744994
vn -0.103140 -0.659049 0.744994
vn -0.103140 -0.659049 0.744994
vn -0.545559 -0.767974 0.335531
vn -0.545559 -0.767974 0.335531
vn -0.545559 -0.767974 0.335531
vn -0.063708 -0.989952 0.126239
vn -0.063708 -0.989952 0.126239
vn -0.063708 -0.989952 0.126239
vn -0.251804 -0.920626 0.298399
vn -0.251804 -0.920626 0.298399
vn -0.251804 -0.920626 0.298399
vn -0.248491 -0.961867 0.114298
vn -0.248491 -0.961867 0.114298
vn -0.248491 -0.961867 0.114298
vn -0.130619 -0.991408 -0.007000
vn -0.130619 -0.991408 -0.007000
vn -0.130619 -0.991408 -0.007000
vn -0.660175 -0.734298 0.158037
vn -0.660175 -0.734298 0.158037
vn -0.660175 -0.734298 0.158037
vn -0.294576 -0.923657 0.245120
vn -0.294576 -0.923657 0.245120
vn -0.294576 -0.923656 0.245120
vn -0.337531 -0.933945 0.117554
vn -0.337531 -0.933945 0.117554
vn -0.337531 -0.933945 0.117554
vn -0.439160 -0.881155 0.175225
vn -0.439160 -0.881155 0.175225
vn -0.439160 -0.881155 0.175225
s off
g bunny_Mesh
usemtl initialShadingGroup
f 1069//1 1647//2 1578//3
f 1058//4 909//5 939//6
f 421//7 1176//8 238//9
f 1055//10 1101//11 1042//12
f 238//13 1059//14 1126//15
f 1254//16 30//17 1261//18
f 1065//19 1071//20 1//21
f 1037//22 1130//23 1120//24
f 1570//25 2381//26 1585//27
f 2434//28 2502//29 2473//30
f 1632//31 1654//32 1646//33
f 1144//34 1166//35 669//36
f 1202//37 1440//38 305//39
f 1071//40 1090//41 1//42
f 1555//43 1570//44 1584//45
f 1184//46 1174//47 404//48
f 65//49 432//50 12//51
f 1032//52 1085//53 574//54
f 1789//55 2207//56 2223//57
f 1154//58 1118//59 1184//60
f 1141//61 1086//62 1154//63
f 99//64 1117//65 342//66
f 404//67 1174//68 419//69
f 489//70 2000//71 1998//72
f 1118//73 1174//74 1184//75
f 1196//76 403//77 136//78
f 1495//79 717//80 1490//81
f 1804//82 402//83 1207//84
f 2272//85 1398//86 891//87
f 1100//88 1002//89 804//90
f 1596//91 1595//92 2381//93
f 208//94 420//95 1207//96
f 402//97 208//98 1207//99
f 1455//100 1935//101 1925//102
f 1176//103 1059//104 238//105
f 1150//106 1040//107 348//108
f 1957//109 1537//110 2051//111
f 1124//112 1189//113 939//114
f 1804//115 1207//116 1823//117
f 1381//118 1300//119 1109//120
f 383//121 384//122 1182//123
f 1085//124 1086//125 1141//126
f 1040//127 1046//128 132//129
f 220//130 1495//131 1188//132
f 420//133 261//134 1207//135
f 261//136 420//137 1065//138
f 1055//139 1133//140 1101//141
f 1054//142 421//143 403//144
f 182//145 1109//146 2//147
f 1181//148 1207//149 320//150
f 545//151 1570//152 1561//153
f 35//154 342//155 432//156
f 1024//157 574//158 1141//159
f 432//160 342//161 12//162
f 1489//163 1081//164 1547//165
f 1181//166 320//167 1805//168
f 1516//169 1683//170 1507//171
f 357//172 1117//173 1047//174
f 1561//175 1570//176 1555//177
f 1090//178 1196//179 1206//180
f 1047//181 1203//182 1051//183
f 1165//184 202//185 1121//186
f 1099//187 341//188 301//189
f 1174//190 240//191 419//192
f 922//193 921//194 833//195
f 1121//196 1080//197 385//198
f 815//199 21//200 1183//201
f 35//202 99//203 342//204
f 1083//205 398//206 262//207
f 106//208 94//209 1317//210
f 94//211 292//212 1317//213
f 292//214 95//215 1317//216
f 940//217 1039//218 1033//219
f 1300//220 1306//221 433//222
f 21//223 212//224 471//225
f 1120//226 1131//227 1037//228
f 833//229 921//230 688//231
f 1117//232 357//233 342//234
f 106//235 271//236 94//237
f 386//238 227//239 1375//240
f 1130//241 1044//242 1053//243
f 419//244 240//245 219//246
f 1255//247 1244//248 32//249
f 1557//250 1081//251 1489//252
f 2062//253 2120//254 2109//255
f 2034//256 2110//257 430//258
f 23//259 315//260 1111//261
f 291//262 94//263 271//264
f 291//265 292//266 94//267
f 50//268 386//269 95//270
f 964//271 734//272 665//273
f 1616//274 1585//275 1611//276
f 445//277 1084//278 402//279
f 574//280 1085//281 1141//282
f 1654//283 341//284 1653//285
f 220//286 1188//287 1640//288
f 342//289 69//290 12//291
f 417//292 261//293 328//294
f 292//295 50//296 95//297
f 204//298 227//299 386//300
f 50//301 204//302 386//303
f 1276//304 1471//305 1311//306
f 1206//307 1196//308 136//309
f 1033//310 1055//311 1042//312
f 1037//313 1044//314 1130//315
f 1180//316 320//317 417//318
f 1121//319 202//320 1080//321
f 325//322 203//323 271//324
f 291//325 76//326 292//327
f 292//328 237//329 50//330
f 2159//331 1696//332 1767//333
f 583//334 929//335 850//336
f 1584//337 1585//338 1616//339
f 1495//340 1490//341 1188//342
f 1557//343 1489//344 1660//345
f 1078//346 1069//347 1494//348
f 1972//349 1992//350 1971//351
f 183//352 1226//353 2000//354
f 325//355 429//356 203//357
f 292//358 76//359 237//360
f 1152//361 227//362 1143//363
f 1488//364 1412//365 1489//366
f 1638//367 1646//368 1653//369
f 1947//370 1869//371 2468//372
f 203//373 306//374 291//375
f 306//376 76//377 291//378
f 237//379 248//380 50//381
f 204//382 1143//383 227//384
f 2395//385 14//386 429//387
f 1502//388 881//389 2500//390
f 1//391 1090//392 202//393
f 1652//394 1653//395 1099//396
f 2117//397 1863//398 2496//399
f 50//400 248//401 204//402
f 160//403 792//404 994//405
f 884//406 888//407 857//408
f 544//409 2117//410 2496//411
f 1090//412 1206//413 202//414
f 2463//415 879//416 2492//417
f 429//418 306//419 203//420
f 498//421 188//422 418//423
f 865//424 884//425 857//426
f 994//427 998//428 1014//429
f 884//430 897//431 888//432
f 1795//433 948//434 1802//435
f 208//436 1035//437 1071//438
f 1065//439 1//440 1066//441
f 377//442 435//443 1377//444
f 304//445 429//446 14//447
f 304//448 306//449 429//450
f 73//451 60//452 74//453
f 248//454 592//455 204//456
f 846//457 2264//458 829//459
f 897//460 912//461 906//462
f 1004//463 991//464 992//465
f 1422//466 1421//467 1233//468
f 980//469 10//470 303//471
f 1058//472 922//473 909//474
f 2436//475 2449//476 2418//477
f 394//478 435//479 377//480
f 435//481 475//482 446//483
f 475//484 474//485 446//486
f 336//487 337//488 361//489
f 338//490 235//491 372//492
f 624//493 148//494 129//495
f 812//496 306//497 596//498
f 1726//499 992//500 1019//501
f 945//502 1514//503 1511//504
f 1069//505 1627//506 1628//507
f 1812//508 1823//509 1181//510
f 1165//511 1121//512 169//513
f 447//514 475//515 435//516
f 2487//517 2458//518 901//519
f 42//520 59//521 46//522
f 401//523 7//524 187//525
f 1010//526 970//527 797//528
f 1513//529 220//530 1640//531
f 2474//532 2491//533 2462//534
f 594//535 307//536 1014//537
f 398//538 1513//539 1640//540
f 307//541 594//542 1026//543
f 545//544 2381//545 1570//546
f 403//547 421//548 238//549
f 445//550 402//551 127//552
f 1611//553 1631//554 1616//555
f 1805//556 1180//557 1148//558
f 394//559 447//560 435//561
f 2341//562 2413//563 2376//564
f 75//565 74//566 60//567
f 541//568 47//569 42//570
f 47//571 59//572 42//573
f 541//574 42//575 28//576
f 917//577 931//578 1103//579
f 897//580 906//581 883//582
f 2484//583 2068//584 779//585
f 888//586 883//587 857//588
f 261//589 1065//590 328//591
f 363//592 1307//593 349//594
f 377//595 363//596 394//597
f 444//598 747//599 464//600
f 323//601 338//602 362//603
f 92//604 116//605 74//606
f 592//607 634//608 97//609
f 982//610 1027//611 1004//612
f 1020//613 982//614 1004//615
f 1084//616 1054//617 1035//618
f 208//619 402//620 1084//621
f 421//622 1119//623 1176//624
f 1207//625 1181//626 1823//627
f 1179//628 1187//629 1160//630
f 263//631 296//632 1343//633
f 1298//634 296//635 1307//636
f 1307//637 296//638 349//639
f 405//640 363//641 349//642
f 405//643 394//644 363//645
f 405//646 447//647 394//648
f 362//649 372//650 384//651
f 338//652 372//653 362//654
f 983//655 1004//656 987//657
f 122//658 134//659 139//660
f 415//661 440//662 414//663
f 75//664 92//665 74//666
f 226//667 186//668 246//669
f 796//670 787//671 700//672
f 1119//673 1059//674 1176//675
f 122//676 114//677 91//678
f 624//679 129//680 116//681
f 641//682 558//683 631//684
f 1311//685 1318//686 1487//687
f 100//688 1162//689 1170//690
f 1653//691 341//692 1099//693
f 1316//694 1983//695 273//696
f 263//697 277//698 296//699
f 296//700 358//701 349//702
f 436//703 447//704 405//705
f 109//706 554//707 570//708
f 504//709 1385//710 2501//711
f 115//712 122//713 91//714
f 2068//715 2460//716 779//717
f 43//718 777//719 163//720
f 378//721 405//722 349//723
f 358//724 378//725 349//726
f 448//727 447//728 436//729
f 448//730 476//731 447//732
f 78//733 77//734 108//735
f 75//736 60//737 47//738
f 1764//739 2481//740 1795//741
f 717//742 714//743 1512//744
f 1490//745 717//746 1501//747
f 238//748 1126//749 168//750
f 1878//751 1866//752 826//753
f 2025//754 2360//755 2367//756
f 251//757 278//758 263//759
f 278//760 277//761 263//762
f 277//763 318//764 296//765
f 296//766 318//767 358//768
f 318//769 350//770 358//771
f 378//772 436//773 405//774
f 384//775 372//776 1182//777
f 454//778 440//779 415//780
f 987//781 1004//782 992//783
f 493//784 476//785 448//786
f 323//787 788//788 338//789
f 403//790 238//791 136//792
f 1565//793 1503//794 1474//795
f 297//796 277//797 278//798
f 297//799 318//800 277//801
f 358//802 350//803 378//804
f 378//805 388//806 436//807
f 476//808 493//809 500//810
f 73//811 105//812 60//813
f 323//814 337//815 312//816
f 953//817 1573//818 2358//819
f 142//820 161//821 119//822
f 454//823 443//824 440//825
f 1862//826 1871//827 1405//828
f 297//829 319//830 318//831
f 560//832 47//833 541//834
f 170//835 1323//836 111//837
f 357//838 1047//839 1050//840
f 1119//841 98//842 1059//843
f 1838//844 1877//845 1900//846
f 2359//847 230//848 251//849
f 350//850 364//851 378//852
f 449//853 448//854 436//855
f 449//856 493//857 448//858
f 185//859 186//860 226//861
f 443//862 469//863 479//864
f 874//865 165//866 2480//867
f 463//868 444//869 464//870
f 64//871 105//872 91//873
f 1182//874 440//875 1129//876
f 1958//877 1651//878 2502//879
f 1238//880 2034//881 191//882
f 251//883 279//884 278//885
f 278//886 279//887 297//888
f 364//889 388//890 378//891
f 483//892 493//893 449//894
f 134//895 148//896 139//897
f 244//898 268//899 259//900
f 910//901 942//902 930//903
f 105//904 115//905 91//906
f 24//907 30//908 18//909
f 1132//910 487//911 1059//912
f 1869//913 1947//914 2021//915
f 2497//916 2494//917 2463//918
f 2359//919 2385//920 230//921
f 230//922 280//923 251//924
f 251//925 280//926 279//927
f 279//928 308//929 297//930
f 297//931 308//932 319//933
f 319//934 364//935 318//936
f 364//937 350//938 318//939
f 388//940 395//941 436//942
f 436//943 395//944 449//945
f 493//946 472//947 500//948
f 122//949 129//950 134//951
f 125//952 142//953 124//954
f 373//955 400//956 393//957
f 24//958 557//959 30//960
f 2264//961 2278//962 2251//963
f 1261//964 30//965 1269//966
f 1730//967 1862//968 1877//969
f 252//970 280//971 230//972
f 343//973 364//974 319//975
f 364//976 343//977 388//978
f 63//979 64//980 91//981
f 399//982 393//983 416//984
f 416//985 444//986 463//987
f 162//988 189//989 142//990
f 768//991 373//992 326//993
f 189//994 661//995 177//996
f 189//997 199//998 661//999
f 847//1000 887//1001 864//1002
f 533//1003 747//1004 444//1005
f 1744//1006 1022//1007 1418//1008
f 1170//1009 524//1010 729//1011
f 121//1012 1342//1013 128//1014
f 1236//1015 1244//1016 26//1017
f 280//1018 281//1019 279//1020
f 281//1021 308//1022 279//1023
f 343//1024 319//1025 308//1026
f 343//1027 365//1028 388//1029
f 388//1030 365//1031 395//1032
f 365//1033 406//1034 395//1035
f 406//1036 449//1037 395//1038
f 483//1039 477//1040 493//1041
f 477//1042 491//1043 472//1044
f 493//1045 477//1046 472//1047
f 78//1048 109//1049 77//1050
f 166//1051 174//1052 196//1053
f 481//1054 150//1055 814//1056
f 63//1057 59//1058 64//1059
f 326//1060 373//1061 393//1062
f 643//1063 260//1064 43//1065
f 230//1066 253//1067 252//1068
f 449//1069 441//1070 483//1071
f 441//1072 477//1073 483//1074
f 415//1075 416//1076 463//1077
f 226//1078 246//1079 245//1080
f 464//1081 470//1082 454//1083
f 323//1084 362//1085 337//1086
f 52//1087 37//1088 1283//1089
f 253//1090 281//1091 252//1092
f 281//1093 280//1094 252//1095
f 309//1096 308//1097 281//1098
f 330//1099 343//1100 308//1101
f 366//1102 365//1103 343//1104
f 441//1105 449//1106 406//1107
f 464//1108 814//1109 15//1110
f 883//1111 906//1112 887//1113
f 337//1114 362//1115 371//1116
f 479//1117 498//1118 290//1119
f 247//1120 746//1121 1003//1122
f 25//1123 37//1124 557//1125
f 640//1126 930//1127 669//1128
f 2486//1129 2499//1130 2459//1131
f 309//1132 330//1133 308//1134
f 343//1135 330//1136 366//1137
f 441//1138 437//1139 477//1140
f 290//1141 498//1142 418//1143
f 124//1144 119//1145 108//1146
f 77//1147 124//1148 108//1149
f 589//1150 125//1151 109//1152
f 570//1153 589//1154 109//1155
f 125//1156 162//1157 142//1158
f 1045//1159 433//1160 1034//1161
f 1207//1162 261//1163 320//1164
f 2004//1165 2474//1166 2495//1167
f 1215//1168 1228//1169 2285//1170
f 365//1171 396//1172 406//1173
f 396//1174 422//1175 406//1176
f 422//1177 437//1178 441//1179
f 406//1180 422//1181 441//1182
f 59//1183 47//1184 60//1185
f 51//1186 78//1187 66//1188
f 361//1189 371//1190 383//1191
f 196//1192 215//1193 214//1194
f 463//1195 454//1196 415//1197
f 27//1198 41//1199 535//1200
f 53//1201 1283//1202 37//1203
f 84//1204 1299//1205 1283//1206
f 1805//1207 320//1208 1180//1209
f 254//1210 253//1211 222//1212
f 254//1213 281//1214 253//1215
f 309//1216 366//1217 330//1218
f 396//1219 365//1220 366//1221
f 456//1222 477//1223 437//1224
f 484//1225 491//1226 477//1227
f 2480//1228 2485//1229 2493//1230
f 418//1231 188//1232 187//1233
f 53//1234 85//1235 1283//1236
f 85//1237 84//1238 1283//1239
f 420//1240 1071//1241 1065//1242
f 264//1243 281//1244 254//1245
f 298//1246 309//1247 281//1248
f 368//1249 366//1250 367//1251
f 368//1252 396//1253 366//1254
f 1639//1255 1564//1256 1139//1257
f 560//1258 48//1259 47//1260
f 82//1261 471//1262 212//1263
f 25//1264 38//1265 37//1266
f 202//1267 1206//1268 1080//1269
f 264//1270 298//1271 281//1272
f 298//1273 331//1274 309//1275
f 309//1276 331//1277 366//1278
f 331//1279 367//1280 366//1281
f 396//1282 368//1283 422//1284
f 422//1285 456//1286 437//1287
f 491//1288 1192//1289 313//1290
f 1699//1291 2064//1292 1710//1293
f 462//1294 443//1295 479//1296
f 371//1297 362//1298 384//1299
f 2502//1300 2476//1301 2464//1302
f 371//1303 384//1304 383//1305
f 21//1306 732//1307 212//1308
f 1571//1309 1629//1310 1627//1311
f 38//1312 39//1313 53//1314
f 37//1315 38//1316 53//1317
f 39//1318 85//1319 53//1320
f 1173//1321 1184//1322 404//1323
f 1006//1324 2142//1325 1674//1326
f 201//1327 255//1328 254//1329
f 255//1330 264//1331 254//1332
f 368//1333 407//1334 422//1335
f 450//1336 456//1337 422//1338
f 450//1339 484//1340 456//1341
f 456//1342 484//1343 477//1344
f 314//1345 1192//1346 491//1347
f 2027//1348 2501//1349 2489//1350
f 2475//1351 2471//1352 2488//1353
f 551//1354 492//1355 732//1356
f 464//1357 481//1358 814//1359
f 1081//1360 1494//1361 1547//1362
f 201//1363 231//1364 255//1365
f 407//1366 450//1367 422//1368
f 484//1369 494//1370 491//1371
f 494//1372 327//1373 491//1374
f 327//1375 314//1376 491//1377
f 876//1378 797//1379 995//1380
f 847//1381 856//1382 829//1383
f 125//1384 143//1385 162//1386
f 134//1387 129//1388 148//1389
f 1564//1390 1571//1391 1627//1392
f 417//1393 320//1394 261//1395
f 328//1396 1065//1397 1066//1398
f 170//1399 156//1400 201//1401
f 156//1402 231//1403 201//1404
f 231//1405 282//1406 255//1407
f 282//1408 264//1409 255//1410
f 450//1411 485//1412 484//1413
f 484//1414 485//1415 494//1416
f 2463//1417 2486//1418 2479//1419
f 159//1420 185//1421 167//1422
f 492//1423 68//1424 212//1425
f 732//1426 492//1427 212//1428
f 68//1429 82//1430 212//1431
f 1311//1432 1471//1433 1296//1434
f 101//1435 156//1436 111//1437
f 332//1438 264//1439 282//1440
f 332//1441 298//1442 264//1443
f 332//1444 331//1445 298//1446
f 331//1447 332//1448 367//1449
f 407//1450 423//1451 450//1452
f 450//1453 423//1454 485//1455
f 804//1456 1002//1457 1443//1458
f 2484//1459 779//1460 946//1461
f 689//1462 443//1463 462//1464
f 440//1465 689//1466 1129//1467
f 166//1468 167//1469 174//1470
f 38//1471 31//1472 39//1473
f 112//1474 145//1475 101//1476
f 101//1477 145//1478 156//1479
f 156//1480 256//1481 231//1482
f 332//1483 423//1484 368//1485
f 367//1486 332//1487 368//1488
f 368//1489 423//1490 407//1491
f 946//1492 779//1493 920//1494
f 1432//1495 1261//1496 1449//1497
f 461//1498 478//1499 453//1500
f 464//1501 15//1502 470//1503
f 31//1504 54//1505 39//1506
f 39//1507 54//1508 85//1509
f 86//1510 101//1511 85//1512
f 145//1513 210//1514 156//1515
f 282//1516 283//1517 332//1518
f 283//1519 369//1520 332//1521
f 369//1522 423//1523 332//1524
f 423//1525 408//1526 485//1527
f 854//1528 876//1529 965//1530
f 78//1531 108//1532 66//1533
f 440//1534 443//1535 689//1536
f 374//1537 2465//1538 961//1539
f 929//1540 519//1541 979//1542
f 54//1543 86//1544 85//1545
f 156//1546 241//1547 256//1548
f 256//1549 282//1550 231//1551
f 256//1552 283//1553 282//1554
f 389//1555 423//1556 369//1557
f 389//1558 408//1559 423//1560
f 408//1561 457//1562 485//1563
f 457//1564 49//1565 485//1566
f 485//1567 49//1568 494//1569
f 494//1570 135//1571 327//1572
f 175//1573 83//1574 314//1575
f 1167//1576 1140//1577 1483//1578
f 196//1579 174//1580 215//1581
f 697//1582 16//1583 68//1584
f 1038//1585 82//1586 16//1587
f 140//1588 117//1589 141//1590
f 1654//1591 1653//1592 1646//1593
f 1234//1594 54//1595 31//1596
f 86//1597 112//1598 101//1599
f 210//1600 241//1601 156//1602
f 923//1603 917//1604 911//1605
f 697//1606 34//1607 16//1608
f 145//1609 193//1610 210//1611
f 256//1612 265//1613 283//1614
f 265//1615 310//1616 283//1617
f 283//1618 310//1619 369//1620
f 310//1621 344//1622 369//1623
f 344//1624 370//1625 369//1626
f 370//1627 389//1628 369//1629
f 409//1630 408//1631 389//1632
f 409//1633 466//1634 408//1635
f 466//1636 457//1637 408//1638
f 466//1639 49//1640 457//1641
f 49//1642 135//1643 494//1644
f 174//1645 225//1646 215//1647
f 1014//1648 766//1649 602//1650
f 826//1651 2220//1652 2215//1653
f 1078//1654 1494//1655 1081//1656
f 1273//1657 70//1658 86//1659
f 120//1660 112//1661 86//1662
f 146//1663 145//1664 112//1665
f 146//1666 193//1667 145//1668
f 265//1669 256//1670 241//1671
f 223//1672 265//1673 241//1674
f 486//1675 49//1676 466//1677
f 175//1678 327//1679 135//1680
f 105//1681 122//1682 115//1683
f 480//1684 15//1685 681//1686
f 225//1687 234//1688 215//1689
f 731//1690 34//1691 697//1692
f 86//1693 54//1694 1273//1695
f 70//1696 120//1697 86//1698
f 193//1699 241//1700 210//1701
f 299//1702 310//1703 265//1704
f 310//1705 333//1706 344//1707
f 344//1708 351//1709 370//1710
f 424//1711 466//1712 409//1713
f 135//1714 49//1715 175//1716
f 214//1717 215//1718 234//1719
f 48//1720 75//1721 47//1722
f 34//1723 9//1724 1038//1725
f 16//1726 34//1727 1038//1728
f 203//1729 291//1730 271//1731
f 9//1732 558//1733 754//1734
f 1195//1735 397//1736 1120//1737
f 120//1738 146//1739 112//1740
f 146//1741 194//1742 193//1743
f 266//1744 265//1745 223//1746
f 266//1747 299//1748 265//1749
f 299//1750 333//1751 310//1752
f 333//1753 351//1754 344//1755
f 382//1756 383//1757 392//1758
f 399//1759 416//1760 415//1761
f 266//1762 333//1763 299//1764
f 351//1765 352//1766 370//1767
f 424//1768 486//1769 466//1770
f 487//1771 175//1772 49//1773
f 7//1774 117//1775 187//1776
f 1182//1777 414//1778 440//1779
f 41//1780 42//1781 46//1782
f 290//1783 289//1784 497//1785
f 2502//1786 2464//1787 2473//1788
f 372//1789 399//1790 414//1791
f 1570//1792 1585//1793 1584//1794
f 1066//1795 1//1796 1165//1797
f 1//1798 202//1799 1165//1800
f 120//1801 70//1802 102//1803
f 157//1804 146//1805 120//1806
f 194//1807 223//1808 193//1809
f 223//1810 241//1811 193//1812
f 352//1813 379//1814 370//1815
f 370//1816 379//1817 389//1818
f 410//1819 409//1820 389//1821
f 2478//1822 1409//1823 1958//1824
f 806//1825 945//1826 1002//1827
f 157//1828 194//1829 146//1830
f 267//1831 266//1832 223//1833
f 267//1834 333//1835 266//1836
f 379//1837 410//1838 389//1839
f 410//1840 438//1841 409//1842
f 438//1843 424//1844 409//1845
f 190//1846 205//1847 143//1848
f 337//1849 371//1850 361//1851
f 2215//1852 830//1853 826//1854
f 1631//1855 1646//1856 1638//1857
f 102//1858 157//1859 120//1860
f 157//1861 195//1862 194//1863
f 195//1864 223//1865 194//1866
f 195//1867 211//1868 223//1869
f 223//1870 211//1871 267//1872
f 267//1873 300//1874 333//1875
f 300//1876 334//1877 351//1878
f 333//1879 300//1880 351//1881
f 351//1882 334//1883 352//1884
f 410//1885 411//1886 438//1887
f 438//1888 486//1889 424//1890
f 487//1891 49//1892 486//1893
f 875//1894 594//1895 989//1896
f 108//1897 581//1898 66//1899
f 225//1900 245//1901 244//1902
f 312//1903 336//1904 335//1905
f 151//1906 754//1907 107//1908
f 274//1909 1386//1910 300//1911
f 352//1912 334//1913 379//1914
f 923//1915 1729//1916 1096//1917
f 244//1918 245//1919 268//1920
f 463//1921 464//1922 454//1923
f 414//1924 399//1925 415//1926
f 15//1927 480//1928 470//1929
f 1647//1930 1069//1931 1078//1932
f 909//1933 922//1934 833//1935
f 387//1936 417//1937 328//1938
f 133//1939 157//1940 102//1941
f 1314//1942 133//1943 102//1944
f 133//1945 195//1946 157//1947
f 1148//1948 1179//1949 1160//1950
f 1046//1951 1167//1952 182//1953
f 379//1954 411//1955 410//1956
f 792//1957 339//1958 229//1959
f 391//1960 7//1961 668//1962
f 185//1963 226//1964 174//1965
f 461//1966 290//1967 497//1968
f 2027//1969 504//1970 2501//1971
f 1196//1972 1054//1973 403//1974
f 728//1975 1019//1976 752//1977
f 2459//1978 2483//1979 2461//1980
f 1291//1981 1264//1982 55//1983
f 133//1984 1356//1985 195//1986
f 195//1987 1356//1988 211//1989
f 412//1990 438//1991 411//1992
f 4//1993 486//1994 438//1995
f 458//1996 4//1997 438//1998
f 4//1999 487//2000 486//2001
f 1720//2002 1572//2003 1771//2004
f 245//2005 275//2006 268//2007
f 1869//2008 2021//2009 2059//2010
f 235//2011 399//2012 372//2013
f 64//2014 60//2015 105//2016
f 836//2017 2492//2018 879//2019
f 1315//2020 133//2021 1314//2022
f 1331//2023 1382//2024 1356//2025
f 1310//2026 926//2027 1128//2028
f 7//2029 1121//2030 117//2031
f 119//2032 161//2033 611//2034
f 380//2035 379//2036 334//2037
f 379//2038 380//2039 411//2040
f 467//2041 4//2042 458//2043
f 495//2044 487//2045 4//2046
f 495//2047 1126//2048 487//2049
f 416//2050 400//2051 533//2052
f 479//2053 469//2054 498//2055
f 74//2056 116//2057 73//2058
f 478//2059 461//2060 497//2061
f 393//2062 400//2063 416//2064
f 61//2065 1291//2066 55//2067
f 505//2068 1999//2069 2474//2070
f 1999//2071 2491//2072 2474//2073
f 199//2074 189//2075 36//2076
f 1164//2077 1165//2078 169//2079
f 1179//2080 387//2081 249//2082
f 390//2083 411//2084 380//2085
f 411//2086 390//2087 412//2088
f 458//2089 438//2090 412//2091
f 495//2092 168//2093 1126//2094
f 480//2095 469//2096 470//2097
f 116//2098 122//2099 105//2100
f 418//2101 187//2102 140//2103
f 185//2104 174//2105 167//2106
f 166//2107 148//2108 167//2109
f 470//2110 469//2111 443//2112
f 40//2113 55//2114 32//2115
f 61//2116 71//2117 1291//2118
f 71//2119 103//2120 1291//2121
f 1184//2122 1173//2123 1154//2124
f 634//2125 514//2126 97//2127
f 425//2128 458//2129 412//2130
f 917//2131 923//2132 931//2133
f 2472//2134 2489//2135 853//2136
f 754//2137 641//2138 567//2139
f 44//2140 567//2141 1163//2142
f 454//2143 470//2144 443//2145
f 40//2146 32//2147 1249//2148
f 33//2149 40//2150 1249//2151
f 56//2152 55//2153 40//2154
f 56//2155 61//2156 55//2157
f 451//2158 1265//2159 439//2160
f 1180//2161 417//2162 1179//2163
f 1099//2164 301//2165 1077//2166
f 1189//2167 1058//2168 939//2169
f 1059//2170 221//2171 1132//2172
f 598//2173 1074//2174 1075//2175
f 412//2176 426//2177 425//2178
f 650//2179 186//2180 185//2181
f 234//2182 244//2183 259//2184
f 226//2185 245//2186 225//2187
f 1033//2188 1042//2189 1030//2190
f 2492//2191 836//2192 247//2193
f 7//2194 169//2195 1121//2196
f 1462//2197 1322//2198 1482//2199
f 425//2200 467//2201 458//2202
f 496//2203 4//2204 467//2205
f 1751//2206 2468//2207 2480//2208
f 290//2209 418//2210 140//2211
f 326//2212 789//2213 762//2214
f 142//2215 177//2216 161//2217
f 165//2218 1751//2219 2480//2220
f 87//2221 103//2222 71//2223
f 103//2224 87//2225 104//2226
f 1180//2227 1179//2228 1148//2229
f 417//2230 387//2231 1179//2232
f 2081//2233 2060//2234 2031//2235
f 1154//2236 1173//2237 1141//2238
f 181//2239 131//2240 197//2241
f 442//2242 425//2243 426//2244
f 614//2245 144//2246 143//2247
f 876//2248 1010//2249 797//2250
f 40//2251 45//2252 56//2253
f 56//2254 45//2255 61//2256
f 87//2257 71//2258 61//2259
f 1563//2260 1437//2261 1590//2262
f 1121//2263 385//2264 117//2265
f 1148//2266 1160//2267 1137//2268
f 1449//2269 1459//2270 1439//2271
f 1028//2272 2462//2273 929//2274
f 442//2275 459//2276 425//2277
f 459//2278 467//2279 425//2280
f 168//2281 495//2282 4//2283
f 496//2284 168//2285 4//2286
f 1763//2287 1403//2288 1444//2289
f 140//2290 187//2291 117//2292
f 244//2293 234//2294 225//2295
f 246//2296 740//2297 269//2298
f 372//2299 414//2300 1182//2301
f 40//2302 547//2303 45//2304
f 45//2305 62//2306 61//2307
f 62//2308 87//2309 61//2310
f 87//2311 88//2312 104//2313
f 1084//2314 517//2315 1054//2316
f 387//2317 328//2318 1064//2319
f 2467//2320 2497//2321 2485//2322
f 286//2323 1363//2324 302//2325
f 205//2326 189//2327 162//2328
f 290//2329 140//2330 289//2331
f 214//2332 234//2333 224//2334
f 393//2335 399//2336 809//2337
f 315//2338 1131//2339 397//2340
f 302//2341 321//2342 353//2343
f 1164//2344 169//2345 391//2346
f 427//2347 459//2348 442//2349
f 217//2350 496//2351 467//2352
f 217//2353 168//2354 496//2355
f 978//2356 969//2357 2074//2358
f 361//2359 383//2360 382//2361
f 269//2362 276//2363 245//2364
f 1440//2365 11//2366 305//2367
f 62//2368 88//2369 87//2370
f 328//2371 1066//2372 1064//2373
f 1066//2374 1165//2375 1164//2376
f 242//2377 287//2378 302//2379
f 1363//2380 242//2381 302//2382
f 287//2383 321//2384 302//2385
f 1179//2386 249//2387 1187//2388
f 983//2389 1020//2390 1004//2391
f 464//2392 747//2393 481//2394
f 788//2395 323//2396 276//2397
f 269//2398 245//2399 246//2400
f 88//2401 89//2402 1325//2403
f 171//2404 172//2405 242//2406
f 360//2407 353//2408 321//2409
f 360//2410 1354//2411 353//2412
f 1057//2413 1064//2414 1164//2415
f 2184//2416 2188//2417 2183//2418
f 460//2419 459//2420 451//2421
f 460//2422 467//2423 459//2424
f 149//2425 168//2426 217//2427
f 149//2428 136//2429 168//2430
f 116//2431 129//2432 122//2433
f 109//2434 124//2435 77//2436
f 159//2437 167//2438 148//2439
f 28//2440 42//2441 41//2442
f 57//2443 88//2444 62//2445
f 45//2446 57//2447 62//2448
f 1336//2449 1325//2450 89//2451
f 89//2452 72//2453 1336//2454
f 147//2455 172//2456 171//2457
f 172//2458 258//2459 242//2460
f 258//2461 257//2462 242//2463
f 257//2464 287//2465 242//2466
f 257//2467 321//2468 287//2469
f 345//2470 360//2471 321//2472
f 360//2473 381//2474 1354//2475
f 1069//2476 938//2477 1655//2478
f 387//2479 473//2480 249//2481
f 270//2482 217//2483 467//2484
f 130//2485 136//2486 149//2487
f 851//2488 847//2489 829//2490
f 983//2491 987//2492 975//2493
f 189//2494 177//2495 142//2496
f 88//2497 72//2498 89//2499
f 184//2500 258//2501 172//2502
f 257//2503 288//2504 321//2505
f 1265//2506 451//2507 459//2508
f 270//2509 149//2510 217//2511
f 226//2512 225//2513 174//2514
f 27//2515 28//2516 41//2517
f 109//2518 125//2519 124//2520
f 547//2521 57//2522 45//2523
f 57//2524 58//2525 88//2526
f 88//2527 58//2528 72//2529
f 2476//2530 2484//2531 2458//2532
f 147//2533 184//2534 172//2535
f 184//2536 213//2537 258//2538
f 258//2539 243//2540 257//2541
f 243//2542 288//2543 257//2544
f 345//2545 321//2546 288//2547
f 391//2548 169//2549 7//2550
f 468//2551 460//2552 451//2553
f 468//2554 488//2555 460//2556
f 270//2557 467//2558 460//2559
f 488//2560 270//2561 460//2562
f 1206//2563 136//2564 130//2565
f 481//2566 793//2567 150//2568
f 143//2569 205//2570 162//2571
f 142//2572 119//2573 124//2574
f 58//2575 90//2576 72//2577
f 90//2578 128//2579 72//2580
f 147//2581 173//2582 184//2583
f 173//2584 213//2585 184//2586
f 213//2587 233//2588 258//2589
f 258//2590 233//2591 243//2592
f 354//2593 360//2594 345//2595
f 354//2596 381//2597 360//2598
f 1026//2599 991//2600 307//2601
f 268//2602 312//2603 259//2604
f 1206//2605 130//2606 1080//2607
f 116//2608 105//2609 73//2610
f 139//2611 148//2612 166//2613
f 275//2614 312//2615 268//2616
f 188//2617 401//2618 187//2619
f 2479//2620 2459//2621 2461//2622
f 58//2623 63//2624 90//2625
f 1064//2626 1066//2627 1164//2628
f 1064//2629 473//2630 387//2631
f 288//2632 311//2633 345//2634
f 311//2635 354//2636 345//2637
f 996//2638 994//2639 307//2640
f 452//2641 468//2642 439//2643
f 452//2644 478//2645 468//2646
f 478//2647 488//2648 468//2649
f 141//2650 130//2651 149//2652
f 1564//2653 1639//2654 1563//2655
f 547//2656 41//2657 57//2658
f 2081//2659 2107//2660 2060//2661
f 382//2662 381//2663 354//2664
f 497//2665 270//2666 488//2667
f 289//2668 149//2669 270//2670
f 289//2671 141//2672 149//2673
f 114//2674 122//2675 139//2676
f 59//2677 60//2678 64//2679
f 275//2680 323//2681 312//2682
f 401//2683 668//2684 7//2685
f 41//2686 46//2687 57//2688
f 57//2689 46//2690 58//2691
f 1459//2692 1345//2693 1269//2694
f 1342//2695 121//2696 158//2697
f 166//2698 173//2699 158//2700
f 213//2701 224//2702 233//2703
f 233//2704 259//2705 243//2706
f 243//2707 322//2708 288//2709
f 322//2710 311//2711 288//2712
f 453//2713 478//2714 452//2715
f 497//2716 289//2717 270//2718
f 912//2719 911//2720 906//2721
f 276//2722 323//2723 275//2724
f 276//2725 275//2726 245//2727
f 46//2728 63//2729 58//2730
f 90//2731 121//2732 128//2733
f 173//2734 214//2735 213//2736
f 213//2737 214//2738 224//2739
f 259//2740 322//2741 243//2742
f 336//2743 311//2744 322//2745
f 336//2746 354//2747 311//2748
f 361//2749 382//2750 354//2751
f 1043//2752 439//2753 1290//2754
f 497//2755 488//2756 478//2757
f 385//2758 130//2759 141//2760
f 385//2761 1080//2762 130//2763
f 144//2764 190//2765 143//2766
f 535//2767 41//2768 547//2769
f 121//2770 166//2771 158//2772
f 335//2773 336//2774 322//2775
f 354//2776 336//2777 361//2778
f 2004//2779 2481//2780 1764//2781
f 698//2782 439//2783 1043//2784
f 289//2785 140//2786 141//2787
f 923//2788 1096//2789 931//2790
f 650//2791 185//2792 159//2793
f 46//2794 59//2795 63//2796
f 63//2797 91//2798 90//2799
f 90//2800 114//2801 121//2802
f 121//2803 139//2804 166//2805
f 173//2806 196//2807 214//2808
f 259//2809 335//2810 322//2811
f 2478//2812 2502//2813 2434//2814
f 312//2815 337//2816 336//2817
f 90//2818 91//2819 114//2820
f 114//2821 139//2822 121//2823
f 166//2824 196//2825 173//2826
f 224//2827 234//2828 233//2829
f 234//2830 259//2831 233//2832
f 259//2833 312//2834 335//2835
f 1124//2836 916//2837 1189//2838
f 542//2839 541//2840 530//2841
f 462//2842 479//2843 290//2844
f 269//2845 783//2846 276//2847
f 813//2848 567//2849 641//2850
f 276//2851 783//2852 788//2853
f 82//2854 1038//2855 1333//2856
f 816//2857 701//2858 703//2859
f 672//2860 137//2861 603//2862
f 625//2863 635//2864 624//2865
f 2457//2866 2439//2867 1973//2868
f 767//2869 533//2870 529//2871
f 2468//2872 1869//2873 2480//2874
f 662//2875 190//2876 639//2877
f 711//2878 720//2879 719//2880
f 630//2881 639//2882 614//2883
f 161//2884 654//2885 638//2886
f 781//2887 991//2888 982//2889
f 1227//2890 31//2891 516//2892
f 648//2893 639//2894 630//2895
f 630//2896 614//2897 590//2898
f 2098//2899 544//2900 1899//2901
f 578//2902 579//2903 586//2904
f 697//2905 492//2906 551//2907
f 529//2908 533//2909 400//2910
f 869//2911 859//2912 870//2913
f 1732//2914 924//2915 914//2916
f 1004//2917 1027//2918 991//2919
f 801//2920 591//2921 603//2922
f 636//2923 676//2924 651//2925
f 876//2926 949//2927 965//2928
f 2207//2929 1789//2930 1859//2931
f 76//2932 739//2933 237//2934
f 188//2935 681//2936 15//2937
f 578//2938 604//2939 599//2940
f 797//2941 616//2942 995//2943
f 510//2944 2035//2945 1365//2946
f 76//2947 812//2948 617//2949
f 617//2950 739//2951 76//2952
f 1468//2953 93//2954 1765//2955
f 596//2956 546//2957 812//2958
f 1457//2959 1305//2960 1477//2961
f 760//2962 197//2963 150//2964
f 671//2965 773//2966 765//2967
f 586//2968 609//2969 604//2970
f 591//2971 700//2972 632//2973
f 476//2974 2312//2975 474//2976
f 2084//2977 2027//2978 2489//2979
f 582//2980 590//2981 571//2982
f 1555//2983 2449//2984 1996//2985
f 674//2986 546//2987 596//2988
f 812//2989 655//2990 617//2991
f 161//2992 177//2993 661//2994
f 599//2995 604//2996 636//2997
f 700//2998 787//2999 576//3000
f 776//3001 675//3002 572//3003
f 776//3004 674//3005 675//3006
f 617//3007 634//3008 739//3009
f 591//3010 632//3011 649//3012
f 612//3013 546//3014 674//3015
f 617//3016 655//3017 634//3018
f 728//3019 752//3020 706//3021
f 571//3022 2311//3023 2305//3024
f 775//3025 674//3026 776//3027
f 775//3028 612//3029 674//3030
f 612//3031 628//3032 546//3033
f 546//3034 628//3035 812//3036
f 812//3037 628//3038 655//3039
f 620//3040 630//3041 615//3042
f 620//3043 648//3044 630//3045
f 667//3046 653//3047 646//3048
f 810//3049 782//3050 785//3051
f 150//3052 197//3053 814//3054
f 534//3055 1517//3056 2000//3057
f 702//3058 572//3059 2378//3060
f 748//3061 776//3062 572//3063
f 655//3064 613//3065 634//3066
f 911//3067 917//3068 905//3069
f 648//3070 679//3071 662//3072
f 727//3073 771//3074 713//3075
f 750//3076 807//3077 799//3078
f 639//3079 190//3080 144//3081
f 662//3082 679//3083 200//3084
f 702//3085 748//3086 572//3087
f 775//3088 776//3089 748//3090
f 628//3091 718//3092 655//3093
f 626//3094 658//3095 645//3096
f 791//3097 778//3098 790//3099
f 612//3100 811//3101 628//3102
f 613//3103 514//3104 634//3105
f 1380//3106 1756//3107 1673//3108
f 570//3109 590//3110 614//3111
f 720//3112 741//3113 719//3114
f 1074//3115 795//3116 835//3117
f 614//3118 639//3119 144//3120
f 612//3121 775//3122 811//3123
f 718//3124 735//3125 655//3126
f 655//3127 735//3128 613//3129
f 798//3130 338//3131 788//3132
f 636//3133 652//3134 676//3135
f 571//3136 590//3137 555//3138
f 528//3139 730//3140 687//3141
f 690//3142 702//3143 2312//3144
f 476//3145 690//3146 2312//3147
f 811//3148 718//3149 628//3150
f 721//3151 778//3152 727//3153
f 748//3154 702//3155 690//3156
f 735//3157 686//3158 613//3159
f 1517//3160 2002//3161 2127//3162
f 654//3163 685//3164 667//3165
f 569//3166 588//3167 606//3168
f 513//3169 531//3170 538//3171
f 538//3172 549//3173 548//3174
f 549//3175 553//3176 548//3177
f 550//3178 588//3179 549//3180
f 1903//3181 869//3182 870//3183
f 691//3184 775//3185 748//3186
f 691//3187 600//3188 775//3189
f 600//3190 811//3191 775//3192
f 811//3193 563//3194 718//3195
f 563//3196 736//3197 718//3198
f 718//3199 736//3200 735//3201
f 736//3202 647//3203 735//3204
f 735//3205 647//3206 686//3207
f 686//3208 745//3209 613//3210
f 745//3211 514//3212 613//3213
f 569//3214 606//3215 605//3216
f 654//3217 667//3218 638//3219
f 851//3220 857//3221 847//3222
f 588//3223 569//3224 549//3225
f 690//3226 691//3227 748//3228
f 680//3229 514//3230 745//3231
f 2127//3232 2002//3233 2094//3234
f 747//3235 701//3236 481//3237
f 400//3238 373//3239 529//3240
f 600//3241 536//3242 811//3243
f 536//3244 563//3245 811//3246
f 1306//3247 227//3248 1152//3249
f 522//3250 24//3251 18//3252
f 523//3253 24//3254 522//3255
f 865//3256 857//3257 851//3258
f 2031//3259 2060//3260 1540//3261
f 767//3262 701//3263 747//3264
f 618//3265 652//3266 609//3267
f 652//3268 636//3269 609//3270
f 573//3271 22//3272 710//3273
f 642//3274 699//3275 730//3276
f 1522//3277 1518//3278 2476//3279
f 500//3280 629//3281 691//3282
f 690//3283 500//3284 691//3285
f 691//3286 629//3287 600//3288
f 780//3289 644//3290 641//3291
f 579//3292 578//3293 561//3294
f 131//3295 668//3296 197//3297
f 197//3298 668//3299 814//3300
f 789//3301 809//3302 798//3303
f 622//3304 760//3305 150//3306
f 621//3307 563//3308 536//3309
f 673//3310 745//3311 686//3312
f 673//3313 818//3314 745//3315
f 818//3316 680//3317 745//3318
f 680//3319 96//3320 514//3321
f 2495//3322 2462//3323 1028//3324
f 1028//3325 583//3326 575//3327
f 663//3328 794//3329 664//3330
f 629//3331 761//3332 600//3333
f 761//3334 757//3335 600//3336
f 600//3337 757//3338 536//3339
f 621//3340 696//3341 563//3342
f 755//3343 736//3344 563//3345
f 696//3346 755//3347 563//3348
f 633//3349 736//3350 755//3351
f 633//3352 647//3353 736//3354
f 623//3355 686//3356 647//3357
f 633//3358 623//3359 647//3360
f 686//3361 623//3362 673//3363
f 819//3364 680//3365 818//3366
f 680//3367 819//3368 96//3369
f 1729//3370 1677//3371 1096//3372
f 2482//3373 1899//3374 2471//3375
f 537//3376 536//3377 757//3378
f 536//3379 537//3380 621//3381
f 673//3382 819//3383 818//3384
f 2428//3385 222//3386 230//3387
f 25//3388 24//3389 523//3390
f 25//3391 557//3392 24//3393
f 38//3394 25//3395 19//3396
f 710//3397 22//3398 272//3399
f 663//3400 759//3401 794//3402
f 1120//3403 878//3404 1195//3405
f 537//3406 696//3407 621//3408
f 696//3409 633//3410 755//3411
f 822//3412 2215//3413 2220//3414
f 97//3415 96//3416 1053//3417
f 750//3418 784//3419 743//3420
f 887//3421 905//3422 864//3423
f 768//3424 784//3425 373//3426
f 512//3427 513//3428 548//3429
f 573//3430 664//3431 22//3432
f 696//3433 715//3434 633//3435
f 673//3436 521//3437 819//3438
f 2454//3439 2453//3440 2445//3441
f 883//3442 887//3443 847//3444
f 306//3445 812//3446 76//3447
f 642//3448 528//3449 759//3450
f 798//3451 809//3452 235//3453
f 994//3454 792//3455 998//3456
f 587//3457 626//3458 586//3459
f 1900//3460 1918//3461 1937//3462
f 645//3463 652//3464 618//3465
f 537//3466 786//3467 696//3468
f 521//3469 593//3470 819//3471
f 515//3472 19//3473 523//3474
f 741//3475 749//3476 719//3477
f 789//3478 326//3479 809//3480
f 539//3481 581//3482 550//3483
f 657//3484 777//3485 723//3486
f 684//3487 713//3488 660//3489
f 692//3490 712//3491 720//3492
f 652//3493 666//3494 692//3495
f 507//3496 761//3497 629//3498
f 472//3499 507//3500 629//3501
f 507//3502 757//3503 761//3504
f 623//3505 633//3506 673//3507
f 724//3508 521//3509 673//3510
f 515//3511 516//3512 19//3513
f 304//3514 675//3515 674//3516
f 178//3517 778//3518 721//3519
f 947//3520 1447//3521 2358//3522
f 626//3523 645//3524 618//3525
f 586//3526 626//3527 618//3528
f 784//3529 768//3530 742//3531
f 753//3532 537//3533 757//3534
f 537//3535 753//3536 786//3537
f 724//3538 981//3539 521//3540
f 521//3541 981//3542 593//3543
f 979//3544 559//3545 850//3546
f 637//3547 660//3548 677//3549
f 787//3550 631//3551 576//3552
f 141//3553 117//3554 385//3555
f 809//3556 399//3557 235//3558
f 641//3559 754//3560 558//3561
f 542//3562 553//3563 561//3564
f 742//3565 768//3566 762//3567
f 444//3568 416//3569 533//3570
f 528//3571 687//3572 796//3573
f 813//3574 598//3575 566//3576
f 1490//3577 1501//3578 1557//3579
f 753//3580 757//3581 507//3582
f 786//3583 715//3584 696//3585
f 633//3586 724//3587 673//3588
f 2090//3589 2062//3590 2109//3591
f 646//3592 653//3593 660//3594
f 660//3595 694//3596 683//3597
f 677//3598 660//3599 683//3600
f 1872//3601 839//3602 838//3603
f 1224//3604 18//3605 30//3606
f 326//3607 393//3608 809//3609
f 799//3610 529//3611 373//3612
f 313//3613 507//3614 472//3615
f 715//3616 774//3617 633//3618
f 974//3619 699//3620 841//3621
f 703//3622 820//3623 816//3624
f 692//3625 711//3626 676//3627
f 1014//3628 355//3629 766//3630
f 875//3631 752//3632 1019//3633
f 627//3634 646//3635 660//3636
f 711//3637 692//3638 720//3639
f 652//3640 692//3641 676//3642
f 799//3643 373//3644 784//3645
f 813//3646 566//3647 567//3648
f 2462//3649 2482//3650 2475//3651
f 764//3652 644//3653 780//3654
f 1479//3655 1924//3656 1916//3657
f 753//3658 738//3659 786//3660
f 738//3661 607//3662 786//3663
f 786//3664 607//3665 715//3666
f 715//3667 524//3668 774//3669
f 633//3670 774//3671 724//3672
f 559//3673 979//3674 672//3675
f 758//3676 798//3677 783//3678
f 683//3679 694//3680 705//3681
f 820//3682 703//3683 562//3684
f 764//3685 687//3686 644//3687
f 744//3688 743//3689 725//3690
f 313//3691 753//3692 507//3693
f 607//3694 524//3695 715//3696
f 664//3697 801//3698 22//3699
f 646//3700 627//3701 610//3702
f 800//3703 820//3704 562//3705
f 750//3706 769//3707 807//3708
f 767//3709 747//3710 533//3711
f 578//3712 586//3713 604//3714
f 862//3715 593//3716 981//3717
f 688//3718 2382//3719 1083//3720
f 306//3721 304//3722 674//3723
f 738//3724 584//3725 607//3726
f 168//3727 136//3728 238//3729
f 773//3730 552//3731 765//3732
f 2473//3733 2464//3734 2458//3735
f 773//3736 793//3737 552//3738
f 626//3739 619//3740 658//3741
f 1007//3742 1139//3743 1013//3744
f 562//3745 529//3746 799//3747
f 744//3748 750//3749 743//3750
f 659//3751 683//3752 693//3753
f 677//3754 683//3755 659//3756
f 313//3757 737//3758 753//3759
f 753//3760 737//3761 738//3762
f 607//3763 729//3764 524//3765
f 27//3766 518//3767 28//3768
f 553//3769 569//3770 580//3771
f 657//3772 163//3773 777//3774
f 580//3775 569//3776 605//3777
f 789//3778 798//3779 758//3780
f 769//3781 562//3782 807//3783
f 820//3784 671//3785 816//3786
f 638//3787 646//3788 611//3789
f 1074//3790 598//3791 644//3792
f 750//3793 799//3794 784//3795
f 1931//3796 907//3797 898//3798
f 2483//3799 2487//3800 2461//3801
f 737//3802 584//3803 738//3804
f 1439//3805 1438//3806 1431//3807
f 2098//3808 1213//3809 544//3810
f 48//3811 578//3812 75//3813
f 796//3814 631//3815 787//3816
f 815//3817 732//3818 21//3819
f 581//3820 588//3821 550//3822
f 625//3823 636//3824 651//3825
f 778//3826 1011//3827 810//3828
f 693//3829 705//3830 725//3831
f 693//3832 683//3833 705//3834
f 236//3835 1921//3836 1966//3837
f 584//3838 729//3839 607//3840
f 2237//3841 1866//3842 2227//3843
f 530//3844 541//3845 28//3846
f 237//3847 739//3848 248//3849
f 512//3850 530//3851 28//3852
f 727//3853 778//3854 771//3855
f 684//3856 727//3857 713//3858
f 2237//3859 2220//3860 826//3861
f 542//3862 561//3863 560//3864
f 528//3865 796//3866 700//3867
f 808//3868 785//3869 671//3870
f 739//3871 592//3872 248//3873
f 895//3874 905//3875 896//3876
f 740//3877 246//3878 186//3879
f 272//3880 137//3881 979//3882
f 770//3883 769//3884 744//3885
f 712//3886 742//3887 720//3888
f 1213//3889 2026//3890 544//3891
f 1888//3892 1235//3893 2438//3894
f 555//3895 554//3896 2311//3897
f 737//3898 313//3899 1192//3900
f 1585//3901 1612//3902 1611//3903
f 695//3904 721//3905 685//3906
f 518//3907 17//3908 28//3909
f 769//3910 770//3911 562//3912
f 719//3913 749//3914 740//3915
f 648//3916 669//3917 679//3918
f 773//3919 657//3920 723//3921
f 606//3922 637//3923 619//3924
f 2072//3925 2062//3926 2042//3927
f 606//3928 619//3929 626//3930
f 549//3931 569//3932 553//3933
f 161//3934 638//3935 611//3936
f 910//3937 917//3938 942//3939
f 917//3940 1103//3941 942//3942
f 991//3943 1026//3944 992//3945
f 979//3946 137//3947 672//3948
f 785//3949 163//3950 657//3951
f 710//3952 2488//3953 2472//3954
f 611//3955 581//3956 119//3957
f 808//3958 671//3959 820//3960
f 1820//3961 1900//3962 1870//3963
f 759//3964 700//3965 591//3966
f 637//3967 677//3968 619//3969
f 2494//3970 2490//3971 2463//3972
f 671//3973 765//3974 816//3975
f 687//3976 764//3977 780//3978
f 1019//3979 992//3980 1026//3981
f 1726//3982 1719//3983 987//3984
f 713//3985 771//3986 694//3987
f 51//3988 2355//3989 78//3990
f 510//3991 526//3992 525//3993
f 525//3994 526//3995 1249//3996
f 526//3997 33//3998 1249//3999
f 2311//4000 554//4001 2335//4002
f 827//4003 848//4004 840//4005
f 603//4006 591//4007 649//4008
f 758//4009 269//4010 740//4011
f 1595//4012 1612//4013 1586//4014
f 1694//4015 1048//4016 1699//4017
f 682//4018 740//4019 186//4020
f 22//4021 801//4022 603//4023
f 555//4024 570//4025 554//4026
f 1053//4027 110//4028 97//4029
f 615//4030 582//4031 601//4032
f 814//4033 668//4034 188//4035
f 725//4036 705//4037 744//4038
f 528//4039 700//4040 759//4041
f 640//4042 648//4043 620//4044
f 703//4045 701//4046 562//4047
f 886//4048 892//4049 582//4050
f 631//4051 731//4052 576//4053
f 1087//4054 1835//4055 1747//4056
f 882//4057 864//4058 895//4059
f 956//4060 950//4061 1103//4062
f 1502//4063 2500//4064 2470//4065
f 205//4066 190//4067 200//4068
f 815//4069 878//4070 616//4071
f 616//4072 878//4073 995//4074
f 1183//4075 878//4076 815//4077
f 1601//4078 1827//4079 881//4080
f 527//4081 535//4082 526//4083
f 2184//4084 2183//4085 2175//4086
f 1142//4087 1125//4088 1133//4089
f 235//4090 338//4091 798//4092
f 160//4093 339//4094 792//4095
f 599//4096 92//4097 75//4098
f 598//4099 1116//4100 566//4101
f 631//4102 558//4103 731//4104
f 771//4105 770//4106 744//4107
f 730//4108 528//4109 642//4110
f 841//4111 699//4112 642//4113
f 668//4114 401//4115 188//4116
f 510//4117 527//4118 526//4119
f 749//4120 758//4121 740//4122
f 706//4123 721//4124 695//4125
f 694//4126 726//4127 705//4128
f 694//4129 744//4130 726//4131
f 906//4132 911//4133 905//4134
f 661//4135 695//4136 161//4137
f 708//4138 815//4139 616//4140
f 535//4141 547//4142 33//4143
f 794//4144 759//4145 591//4146
f 778//4147 808//4148 790//4149
f 269//4150 758//4151 783//4152
f 771//4153 744//4154 694//4155
f 800//4156 808//4157 820//4158
f 571//4159 886//4160 582//4161
f 854//4162 948//4163 1010//4164
f 906//4165 905//4166 887//4167
f 625//4168 651//4169 635//4170
f 2000//4171 1226//4172 534//4173
f 2140//4174 1504//4175 2016//4176
f 601//4177 620//4178 615//4179
f 620//4180 601//4181 640//4182
f 648//4183 640//4184 669//4185
f 698//4186 452//4187 439//4188
f 671//4189 785//4190 657//4191
f 1561//4192 2356//4193 545//4194
f 685//4195 653//4196 667//4197
f 685//4198 727//4199 684//4200
f 568//4201 616//4202 797//4203
f 708//4204 732//4205 815//4206
f 93//4207 229//4208 339//4209
f 865//4210 851//4211 839//4212
f 942//4213 1103//4214 950//4215
f 589//4216 614//4217 125//4218
f 606//4219 610//4220 627//4221
f 951//4222 834//4223 873//4224
f 92//4225 599//4226 625//4227
f 1878//4228 830//4229 1902//4230
f 2482//4231 2098//4232 1899//4233
f 568//4234 708//4235 616//4236
f 708//4237 551//4238 732//4239
f 2434//4240 2487//4241 2483//4242
f 160//4243 964//4244 665//4245
f 2316//4246 2391//4247 2309//4248
f 762//4249 758//4250 749//4251
f 570//4252 614//4253 589//4254
f 888//4255 897//4256 883//4257
f 2000//4258 1517//4259 1388//4260
f 685//4261 721//4262 727//4263
f 588//4264 610//4265 606//4266
f 653//4267 685//4268 684//4269
f 651//4270 650//4271 635//4272
f 760//4273 1151//4274 6//4275
f 793//4276 622//4277 150//4278
f 651//4279 676//4280 650//4281
f 744//4282 769//4283 750//4284
f 541//4285 542//4286 560//4287
f 476//4288 500//4289 690//4290
f 473//4291 1064//4292 1057//4293
f 561//4294 578//4295 560//4296
f 636//4297 625//4298 599//4299
f 876//4300 995//4301 949//4302
f 829//4303 856//4304 846//4305
f 682//4306 704//4307 740//4308
f 791//4309 790//4310 770//4311
f 2466//4312 2500//4313 2460//4314
f 579//4315 587//4316 586//4317
f 1352//4318 1208//4319 1095//4320
f 1684//4321 1479//4322 1916//4323
f 604//4324 609//4325 636//4326
f 751//4327 721//4328 706//4329
f 810//4330 608//4331 782//4332
f 672//4333 603//4334 649//4335
f 475//4336 447//4337 476//4338
f 794//4339 591//4340 801//4341
f 682//4342 186//4343 650//4344
f 808//4345 800//4346 790//4347
f 644//4348 598//4349 813//4350
f 704//4351 719//4352 740//4353
f 1011//4354 608//4355 810//4356
f 1192//4357 584//4358 737//4359
f 687//4360 780//4361 796//4362
f 2337//4363 474//4364 2312//4365
f 638//4366 667//4367 646//4368
f 706//4369 1186//4370 728//4371
f 733//4372 575//4373 568//4374
f 595//4375 551//4376 708//4377
f 595//4378 540//4379 551//4380
f 1308//4381 501//4382 1852//4383
f 665//4384 339//4385 160//4386
f 527//4387 2447//4388 535//4389
f 558//4390 9//4391 731//4392
f 723//4393 793//4394 773//4395
f 660//4396 713//4397 694//4398
f 693//4399 725//4400 666//4401
f 562//4402 767//4403 529//4404
f 550//4405 538//4406 531//4407
f 2267//4408 2287//4409 2233//4410
f 996//4411 964//4412 160//4413
f 2068//4414 2470//4415 2466//4416
f 704//4417 711//4418 719//4419
f 741//4420 762//4421 749//4422
f 605//4423 606//4424 626//4425
f 548//4426 542//4427 530//4428
f 995//4429 878//4430 709//4431
f 1898//4432 1684//4433 1916//4434
f 778//4435 791//4436 771//4437
f 782//4438 163//4439 785//4440
f 789//4441 758//4442 762//4443
f 857//4444 883//4445 847//4446
f 733//4447 970//4448 1028//4449
f 838//4450 829//4451 825//4452
f 2447//4453 511//4454 535//4455
f 22//4456 603//4457 137//4458
f 705//4459 726//4460 744//4461
f 605//4462 587//4463 580//4464
f 512//4465 548//4466 530//4467
f 743//4468 784//4469 742//4470
f 790//4471 800//4472 770//4473
f 778//4474 810//4475 808//4476
f 1014//4477 998//4478 355//4479
f 708//4480 568//4481 595//4482
f 656//4483 697//4484 551//4485
f 540//4486 656//4487 551//4488
f 143//4489 125//4490 614//4491
f 1000//4492 1020//4493 983//4494
f 778//4495 178//4496 1011//4497
f 676//4498 704//4499 682//4500
f 637//4501 627//4502 660//4503
f 606//4504 627//4505 637//4506
f 701//4507 552//4508 481//4509
f 808//4510 810//4511 785//4512
f 590//4513 570//4514 555//4515
f 716//4516 595//4517 568//4518
f 2355//4519 2335//4520 554//4521
f 912//4522 1729//4523 911//4524
f 1076//4525 1456//4526 1546//4527
f 697//4528 68//4529 492//4530
f 676//4531 711//4532 704//4533
f 839//4534 851//4535 838//4536
f 1028//4537 575//4538 733//4539
f 1020//4540 844//4541 982//4542
f 716//4543 568//4544 575//4545
f 844//4546 781//4547 982//4548
f 1238//4549 2156//4550 2034//4551
f 553//4552 580//4553 561//4554
f 580//4555 579//4556 561//4557
f 452//4558 461//4559 453//4560
f 560//4561 578//4562 48//4563
f 564//4564 540//4565 595//4566
f 632//4567 656//4568 540//4569
f 564//4570 632//4571 540//4572
f 75//4573 578//4574 599//4575
f 518//4576 27//4577 535//4578
f 511//4579 518//4580 535//4581
f 783//4582 798//4583 788//4584
f 642//4585 759//4586 663//4587
f 720//4588 742//4589 741//4590
f 605//4591 626//4592 587//4593
f 580//4594 587//4595 579//4596
f 725//4597 712//4598 666//4599
f 562//4600 701//4601 767//4602
f 1729//4603 923//4604 911//4605
f 712//4606 743//4607 742//4608
f 619//4609 677//4610 658//4611
f 161//4612 695//4613 654//4614
f 770//4615 800//4616 562//4617
f 2084//4618 2489//4619 2472//4620
f 575//4621 559//4622 716//4623
f 716//4624 564//4625 595//4626
f 654//4627 695//4628 685//4629
f 843//4630 855//4631 2064//4632
f 34//4633 731//4634 9//4635
f 527//4636 510//4637 1973//4638
f 723//4639 622//4640 793//4641
f 992//4642 1726//4643 987//4644
f 693//4645 666//4646 652//4647
f 2472//4648 853//4649 573//4650
f 624//4651 159//4652 148//4653
f 671//4654 657//4655 773//4656
f 681//4657 188//4658 498//4659
f 797//4660 970//4661 733//4662
f 565//4663 656//4664 632//4665
f 565//4666 697//4667 656//4668
f 565//4669 731//4670 697//4671
f 1949//4672 951//4673 920//4674
f 85//4675 111//4676 84//4677
f 662//4678 200//4679 190//4680
f 44//4681 324//4682 754//4683
f 33//4684 547//4685 40//4686
f 658//4687 693//4688 652//4689
f 658//4690 652//4691 645//4692
f 664//4693 794//4694 801//4695
f 666//4696 712//4697 692//4698
f 639//4699 648//4700 662//4701
f 611//4702 646//4703 610//4704
f 850//4705 559//4706 575//4707
f 1447//4708 2490//4709 1106//4710
f 1972//4711 1955//4712 1935//4713
f 582//4714 615//4715 590//4716
f 66//4717 581//4718 539//4719
f 780//4720 641//4721 631//4722
f 796//4723 780//4724 631//4725
f 1049//4726 1192//4727 83//4728
f 1348//4729 13//4730 1519//4731
f 799//4732 807//4733 562//4734
f 581//4735 611//4736 588//4737
f 687//4738 795//4739 644//4740
f 663//4741 8//4742 642//4743
f 1936//4744 1972//4745 1935//4746
f 650//4747 676//4748 682//4749
f 615//4750 630//4751 590//4752
f 730//4753 795//4754 687//4755
f 742//4756 762//4757 741//4758
f 548//4759 553//4760 542//4761
f 1048//4762 1692//4763 1074//4764
f 658//4765 659//4766 693//4767
f 37//4768 52//4769 30//4770
f 611//4771 610//4772 588//4773
f 649//4774 632//4775 564//4776
f 565//4777 576//4778 731//4779
f 2138//4780 922//4781 1058//4782
f 1204//4783 854//4784 965//4785
f 725//4786 743//4787 712//4788
f 644//4789 813//4790 641//4791
f 660//4792 653//4793 684//4794
f 771//4795 791//4796 770//4797
f 644//4798 795//4799 1074//4800
f 469//4801 480//4802 681//4803
f 559//4804 672//4805 564//4806
f 716//4807 559//4808 564//4809
f 672//4810 649//4811 564//4812
f 2161//4813 1378//4814 2171//4815
f 474//4816 475//4817 476//4818
f 816//4819 765//4820 701//4821
f 765//4822 552//4823 701//4824
f 513//4825 538//4826 548//4827
f 754//4828 324//4829 107//4830
f 609//4831 586//4832 618//4833
f 25//4834 523//4835 19//4836
f 677//4837 659//4838 658//4839
f 689//4840 452//4841 698//4842
f 1334//4843 1115//4844 1353//4845
f 700//4846 565//4847 632//4848
f 700//4849 576//4850 565//4851
f 481//4852 552//4853 793//4854
f 763//4855 901//4856 2458//4857
f 550//4858 549//4859 538//4860
f 781//4861 964//4862 996//4863
f 1596//4864 1634//4865 1595//4866
f 198//4867 916//4868 1124//4869
f 198//4870 1124//4871 341//4872
f 842//4873 973//4874 1025//4875
f 842//4876 1025//4877 836//4878
f 1009//4879 1024//4880 934//4881
f 573//4882 710//4883 2472//4884
f 1100//4885 971//4886 1002//4887
f 1501//4888 1081//4889 1557//4890
f 1225//4891 1219//4892 955//4893
f 413//4894 2138//4895 284//4896
f 955//4897 1630//4898 522//4899
f 341//4900 1124//4901 301//4902
f 2333//4903 2376//4904 2350//4905
f 1107//4906 218//4907 284//4908
f 398//4909 925//4910 1513//4911
f 1513//4912 1442//4913 1495//4914
f 1935//4915 1455//4916 1744//4917
f 1723//4918 1935//4919 1744//4920
f 825//4921 1872//4922 838//4923
f 1495//4924 1442//4925 1496//4926
f 963//4927 1024//4928 1009//4929
f 1511//4930 1514//4931 966//4932
f 1775//4933 1729//4934 912//4935
f 688//4936 262//4937 1067//4938
f 714//4939 1007//4940 1512//4941
f 919//4942 1732//4943 914//4944
f 2319//4945 2331//4946 2304//4947
f 2400//4948 2407//4949 2391//4950
f 1674//4951 2164//4952 1780//4953
f 843//4954 927//4955 899//4956
f 1660//4957 988//4958 1188//4959
f 1067//4960 262//4961 1640//4962
f 1381//4963 1109//4964 1483//4965
f 1437//4966 1381//4967 1483//4968
f 2495//4969 1010//4970 948//4971
f 1514//4972 1289//4973 1313//4974
f 899//4975 374//4976 961//4977
f 1438//4978 1430//4979 1422//4980
f 1634//4981 1095//4982 1632//4983
f 2487//4984 973//4985 2461//4986
f 1003//4987 499//4988 874//4989
f 849//4990 848//4991 827//4992
f 1430//4993 1462//4994 1453//4995
f 2496//4996 2084//4997 2471//4998
f 909//4999 10//5000 980//5001
f 730//5002 927//5003 835//5004
f 2031//5005 1540//5006 1536//5007
f 831//5008 849//5009 2178//5010
f 881//5011 834//5012 951//5013
f 1841//5014 1722//5015 1803//5016
f 1005//5017 670//5018 1020//5019
f 1021//5020 670//5021 1005//5022
f 1869//5023 2059//5024 2467//5025
f 903//5026 902//5027 1939//5028
f 2476//5029 2502//5030 1651//5031
f 853//5032 8//5033 573//5034
f 1850//5035 831//5036 2178//5037
f 934//5038 746//5039 247//5040
f 934//5041 65//5042 746//5043
f 301//5044 285//5045 1077//5046
f 968//5047 944//5048 977//5049
f 970//5050 2495//5051 1028//5052
f 974//5053 2465//5054 374//5055
f 899//5056 927//5057 374//5058
f 1882//5059 1898//5060 1916//5061
f 1613//5062 1634//5063 1596//5064
f 909//5065 833//5066 1396//5067
f 2492//5068 247//5069 1003//5070
f 919//5071 914//5072 1931//5073
f 1459//5074 1299//5075 1458//5076
f 1634//5077 1632//5078 1633//5079
f 844//5080 670//5081 228//5082
f 2494//5083 2497//5084 2467//5085
f 901//5086 973//5087 2487//5088
f 228//5089 1772//5090 734//5091
f 1701//5092 1709//5093 1666//5094
f 963//5095 574//5096 1024//5097
f 847//5098 864//5099 856//5100
f 1730//5101 1736//5102 2239//5103
f 870//5104 859//5105 848//5106
f 2074//5107 2111//5108 2103//5109
f 1140//5110 1590//5111 1483//5112
f 927//5113 730//5114 974//5115
f 2103//5116 978//5117 2074//5118
f 756//5119 1745//5120 1718//5121
f 848//5122 859//5123 840//5124
f 1296//5125 1482//5126 1320//5127
f 2331//5128 51//5129 66//5130
f 1067//5131 988//5132 962//5133
f 1396//5134 833//5135 1445//5136
f 1001//5137 1005//5138 1000//5139
f 901//5140 1009//5141 973//5142
f 1099//5143 1077//5144 817//5145
f 933//5146 944//5147 936//5148
f 952//5149 958//5150 1828//5151
f 988//5152 1660//5153 986//5154
f 833//5155 1067//5156 1445//5157
f 1067//5158 1640//5159 988//5160
f 218//5161 413//5162 284//5163
f 1843//5164 180//5165 347//5166
f 1846//5167 1708//5168 1798//5169
f 2469//5170 2477//5171 855//5172
f 1006//5173 1021//5174 1005//5175
f 381//5176 382//5177 250//5178
f 2369//5179 828//5180 531//5181
f 968//5182 977//5183 1001//5184
f 2460//5185 1949//5186 779//5187
f 1194//5188 1441//5189 1115//5190
f 1001//5191 1000//5192 968//5193
f 756//5194 678//5195 1745//5196
f 963//5197 1009//5198 901//5199
f 2471//5200 2084//5201 2472//5202
f 841//5203 642//5204 8//5205
f 982//5206 991//5207 1027//5208
f 670//5209 844//5210 1020//5211
f 1289//5212 1514//5213 945//5214
f 869//5215 904//5216 890//5217
f 1161//5218 1115//5219 1639//5220
f 823//5221 2178//5222 849//5223
f 746//5224 12//5225 499//5226
f 263//5227 428//5228 2366//5229
f 1685//5230 1075//5231 1692//5232
f 1002//5233 926//5234 806//5235
f 1799//5236 1755//5237 216//5238
f 944//5239 968//5240 993//5241
f 943//5242 944//5243 993//5244
f 31//5245 38//5246 19//5247
f 531//5248 828//5249 550//5250
f 1501//5251 1078//5252 1081//5253
f 1921//5254 1149//5255 431//5256
f 936//5257 943//5258 932//5259
f 1660//5260 1489//5261 1412//5262
f 301//5263 980//5264 285//5265
f 903//5266 918//5267 902//5268
f 869//5269 890//5270 868//5271
f 890//5272 903//5273 867//5274
f 1003//5275 746//5276 499//5277
f 951//5278 1949//5279 2500//5280
f 990//5281 841//5282 853//5283
f 1595//5284 1634//5285 1611//5286
f 374//5287 927//5288 974//5289
f 836//5290 1025//5291 247//5292
f 1653//5293 1652//5294 1638//5295
f 1303//5296 1545//5297 1142//5298
f 1616//5299 1631//5300 1638//5301
f 1629//5302 1546//5303 1628//5304
f 936//5305 932//5306 913//5307
f 513//5308 506//5309 531//5310
f 868//5311 890//5312 867//5313
f 2330//5314 2369//5315 2353//5316
f 924//5317 918//5318 914//5319
f 907//5320 914//5321 904//5322
f 1258//5323 1421//5324 1267//5325
f 301//5326 939//5327 980//5328
f 1472//5329 1482//5330 1296//5331
f 868//5332 867//5333 859//5334
f 472//5335 491//5336 313//5337
f 272//5338 519//5339 2488//5340
f 1471//5341 1472//5342 1296//5343
f 1025//5344 934//5345 247//5346
f 1634//5347 1633//5348 1611//5349
f 2176//5350 1847//5351 2177//5352
f 1310//5353 1289//5354 806//5355
f 924//5356 933//5357 918//5358
f 1969//5359 1968//5360 902//5361
f 2107//5362 2128//5363 2118//5364
f 1428//5365 1436//5366 1287//5367
f 1139//5368 1564//5369 1617//5370
f 2378//5371 572//5372 2384//5373
f 853//5374 841//5375 8//5376
f 2501//5377 961//5378 2465//5379
f 1221//5380 1240//5381 1408//5382
f 1069//5383 1578//5384 1627//5385
f 1006//5386 1005//5387 1001//5388
f 1617//5389 1564//5390 1578//5391
f 828//5392 539//5393 550//5394
f 1791//5395 2168//5396 2160//5397
f 1829//5398 1718//5399 1739//5400
f 1968//5401 1939//5402 902//5403
f 756//5404 1718//5405 665//5406
f 1998//5407 2000//5408 1388//5409
f 2451//5410 545//5411 2356//5412
f 178//5413 997//5414 1011//5415
f 1275//5416 325//5417 1270//5418
f 1709//5419 872//5420 1666//5421
f 2176//5422 1959//5423 1847//5424
f 944//5425 943//5426 936//5427
f 2424//5428 518//5429 511//5430
f 1445//5431 1067//5432 962//5433
f 2007//5434 952//5435 1828//5436
f 2052//5437 2061//5438 2081//5439
f 828//5440 2303//5441 539//5442
f 835//5443 1699//5444 1048//5445
f 1709//5446 1706//5447 872//5448
f 885//5449 574//5450 963//5451
f 1318//5452 1296//5453 1320//5454
f 859//5455 867//5456 1902//5457
f 1452//5458 1448//5459 1421//5460
f 943//5461 993//5462 976//5463
f 993//5464 1000//5465 983//5466
f 854//5467 1010//5468 876//5469
f 988//5470 986//5471 962//5472
f 2031//5473 2052//5474 2081//5475
f 924//5476 1732//5477 1828//5478
f 965//5479 949//5480 1060//5481
f 781//5482 228//5483 734//5484
f 1718//5485 1765//5486 665//5487
f 943//5488 976//5489 932//5490
f 1680//5491 1794//5492 1783//5493
f 1448//5494 1471//5495 1276//5496
f 1276//5497 1267//5498 1421//5499
f 1931//5500 914//5501 907//5502
f 991//5503 781//5504 996//5505
f 1276//5506 1421//5507 1448//5508
f 10//5509 909//5510 1396//5511
f 831//5512 860//5513 849//5514
f 1523//5515 1762//5516 1774//5517
f 924//5518 1828//5519 937//5520
f 307//5521 994//5522 1014//5523
f 946//5524 963//5525 901//5526
f 978//5527 2103//5528 977//5529
f 977//5530 1006//5531 1001//5532
f 1007//5533 1161//5534 1639//5535
f 1639//5536 1294//5537 1437//5538
f 885//5539 1032//5540 574//5541
f 1294//5542 1381//5543 1437//5544
f 733//5545 568//5546 797//5547
f 792//5548 229//5549 1112//5550
f 119//5551 581//5552 108//5553
f 843//5554 835//5555 927//5556
f 1889//5557 860//5558 831//5559
f 2211//5560 2216//5561 2204//5562
f 2400//5563 2431//5564 2422//5565
f 2103//5566 1006//5567 977//5568
f 840//5569 1902//5570 830//5571
f 827//5572 840//5573 830//5574
f 827//5575 830//5576 822//5577
f 1003//5578 874//5579 2492//5580
f 1432//5581 1439//5582 1431//5583
f 781//5584 734//5585 964//5586
f 1937//5587 1936//5588 1723//5589
f 918//5590 913//5591 902//5592
f 958//5593 977//5594 944//5595
f 1850//5596 2178//5597 2177//5598
f 1005//5599 1020//5600 1000//5601
f 991//5602 996//5603 307//5604
f 1396//5605 1445//5606 340//5607
f 2179//5608 1763//5609 889//5610
f 939//5611 909//5612 980//5613
f 1828//5614 958//5615 937//5616
f 978//5617 977//5618 958//5619
f 1590//5620 1571//5621 1563//5622
f 779//5623 1949//5624 920//5625
f 1551//5626 1362//5627 1573//5628
f 2103//5629 2142//5630 1006//5631
f 920//5632 885//5633 963//5634
f 946//5635 920//5636 963//5637
f 1584//5638 1616//5639 1583//5640
f 1453//5641 1472//5642 1452//5643
f 1647//5644 1617//5645 1578//5646
f 1578//5647 1564//5648 1627//5649
f 1628//5650 938//5651 1069//5652
f 869//5653 868//5654 859//5655
f 993//5656 983//5657 976//5658
f 912//5659 1762//5660 1775//5661
f 752//5662 751//5663 706//5664
f 1628//5665 1546//5666 938//5667
f 844//5668 228//5669 781//5670
f 840//5671 859//5672 1902//5673
f 898//5674 907//5675 904//5676
f 1025//5677 973//5678 1009//5679
f 663//5680 664//5681 573//5682
f 763//5683 946//5684 901//5685
f 898//5686 904//5687 869//5688
f 2172//5689 889//5690 1763//5691
f 1128//5692 926//5693 971//5694
f 860//5695 848//5696 849//5697
f 904//5698 903//5699 890//5700
f 2486//5701 2459//5702 2479//5703
f 577//5704 782//5705 608//5706
f 933//5707 936//5708 918//5709
f 2177//5710 1847//5711 1851//5712
f 665//5713 1765//5714 339//5715
f 937//5716 958//5717 944//5718
f 894//5719 981//5720 724//5721
f 968//5722 1000//5723 993//5724
f 2192//5725 2195//5726 2205//5727
f 1652//5728 1099//5729 817//5730
f 997//5731 608//5732 1011//5733
f 997//5734 577//5735 608//5736
f 577//5737 163//5738 782//5739
f 1112//5740 998//5741 792//5742
f 2177//5743 1851//5744 1850//5745
f 1257//5746 1421//5747 1258//5748
f 951//5749 873//5750 920//5751
f 822//5752 830//5753 2215//5754
f 1899//5755 2496//5756 2471//5757
f 1773//5758 1668//5759 1558//5760
f 904//5761 914//5762 903//5763
f 932//5764 1671//5765 913//5766
f 873//5767 885//5768 920//5769
f 1013//5770 1617//5771 1647//5772
f 873//5773 1032//5774 885//5775
f 894//5776 862//5777 981//5778
f 2469//5779 855//5780 961//5781
f 913//5782 1671//5783 1969//5784
f 2477//5785 2064//5786 855//5787
f 918//5788 936//5789 913//5790
f 860//5791 870//5792 848//5793
f 937//5794 944//5795 933//5796
f 1501//5797 1013//5798 1647//5799
f 824//5800 178//5801 751//5802
f 824//5803 997//5804 178//5805
f 824//5806 577//5807 997//5808
f 643//5809 163//5810 577//5811
f 863//5812 856//5813 882//5814
f 2128//5815 2153//5816 2134//5817
f 722//5818 774//5819 880//5820
f 722//5821 894//5822 774//5823
f 864//5824 905//5825 895//5826
f 850//5827 575//5828 583//5829
f 914//5830 918//5831 903//5832
f 924//5833 937//5834 933//5835
f 1501//5836 717//5837 1013//5838
f 1587//5839 1324//5840 928//5841
f 717//5842 1512//5843 1013//5844
f 602//5845 577//5846 824//5847
f 766//5848 643//5849 577//5850
f 894//5851 709//5852 862//5853
f 709//5854 878//5855 862//5856
f 976//5857 975//5858 932//5859
f 1324//5860 1596//5861 928//5862
f 880//5863 524//5864 1060//5865
f 2434//5866 2459//5867 2499//5868
f 1324//5869 1613//5870 1596//5871
f 752//5872 824//5873 751//5874
f 602//5875 766//5876 577//5877
f 1014//5878 602//5879 594//5880
f 1387//5881 1226//5882 2152//5883
f 2153//5884 1387//5885 2152//5886
f 669//5887 930//5888 950//5889
f 1710//5890 1694//5891 1699//5892
f 768//5893 326//5894 762//5895
f 582//5896 892//5897 601//5898
f 974//5899 990//5900 2465//5901
f 624//5902 116//5903 625//5904
f 835//5905 795//5906 730//5907
f 2458//5908 2484//5909 763//5910
f 989//5911 602//5912 824//5913
f 2064//5914 2477//5915 1710//5916
f 976//5917 983//5918 975//5919
f 949//5920 722//5921 880//5922
f 996//5923 160//5924 994//5925
f 2305//5926 863//5927 556//5928
f 556//5929 863//5930 886//5931
f 601//5932 910//5933 640//5934
f 2264//5935 825//5936 829//5937
f 989//5938 824//5939 752//5940
f 856//5941 864//5942 882//5943
f 1595//5944 1586//5945 2381//5946
f 1627//5947 1629//5948 1628//5949
f 2174//5950 2180//5951 2173//5952
f 2128//5953 2134//5954 2118//5955
f 137//5956 272//5957 22//5958
f 949//5959 880//5960 1060//5961
f 995//5962 894//5963 722//5964
f 894//5965 995//5966 709//5967
f 894//5968 724//5969 774//5970
f 886//5971 895//5972 892//5973
f 640//5974 910//5975 930//5976
f 871//5977 870//5978 860//5979
f 846//5980 856//5981 863//5982
f 1026//5983 875//5984 1019//5985
f 838//5986 851//5987 829//5988
f 1024//5989 1171//5990 934//5991
f 36//5992 189//5993 205//5994
f 863//5995 882//5996 886//5997
f 886//5998 882//5999 895//6000
f 875//6001 1026//6002 594//6003
f 52//6004 1459//6005 1269//6006
f 896//6007 917//6008 910//6009
f 1025//6010 1009//6011 934//6012
f 949//6013 995//6014 722//6015
f 2152//6016 1226//6017 1636//6018
f 895//6019 896//6020 892//6021
f 892//6022 910//6023 601//6024
f 942//6025 950//6026 930//6027
f 875//6028 989//6029 752//6030
f 594//6031 602//6032 989//6033
f 766//6034 355//6035 643//6036
f 355//6037 260//6038 643//6039
f 905//6040 917//6041 896//6042
f 965//6043 1060//6044 1162//6045
f 892//6046 896//6047 910//6048
f 1101//6049 1052//6050 1042//6051
f 1029//6052 1031//6053 834//6054
f 1101//6055 1133//6056 1118//6057
f 342//6058 357//6059 376//6060
f 516//6061 515//6062 2454//6063
f 1656//6064 2494//6065 2467//6066
f 1056//6067 1303//6068 1133//6069
f 1120//6070 1130//6071 862//6072
f 69//6073 342//6074 376//6075
f 1055//6076 1056//6077 1133//6078
f 499//6079 69//6080 165//6081
f 85//6082 101//6083 111//6084
f 1031//6085 1032//6086 834//6087
f 200//6088 679//6089 1166//6090
f 1031//6091 1042//6092 1032//6093
f 1171//6094 65//6095 934//6096
f 1822//6097 1204//6098 1177//6099
f 1096//6100 956//6101 1103//6102
f 514//6103 96//6104 97//6105
f 956//6106 1145//6107 1144//6108
f 1185//6109 1166//6110 1144//6111
f 1145//6112 1185//6113 1144//6114
f 1185//6115 200//6116 1166//6117
f 375//6118 132//6119 1041//6120
f 1153//6121 1202//6122 305//6123
f 32//6124 1244//6125 1249//6126
f 1096//6127 1087//6128 956//6129
f 554//6130 78//6131 2355//6132
f 1191//6133 138//6134 110//6135
f 65//6136 35//6137 432//6138
f 1087//6139 1110//6140 956//6141
f 1110//6142 1146//6143 956//6144
f 956//6145 1146//6146 1145//6147
f 1146//6148 1156//6149 1145//6150
f 1145//6151 1156//6152 1185//6153
f 950//6154 956//6155 1144//6156
f 2481//6157 2495//6158 948//6159
f 1156//6160 1193//6161 1185//6162
f 1050//6163 1047//6164 1051//6165
f 239//6166 151//6167 107//6168
f 1185//6169 1193//6170 36//6171
f 1747//6172 1110//6173 1087//6174
f 1134//6175 1146//6176 1110//6177
f 1146//6178 1157//6179 1156//6180
f 1156//6181 1157//6182 1193//6183
f 1041//6184 1045//6185 1034//6186
f 1397//6187 1134//6188 1110//6189
f 1157//6190 1146//6191 1134//6192
f 1157//6193 1175//6194 1193//6195
f 1193//6196 199//6197 36//6198
f 1090//6199 1035//6200 1196//6201
f 1456//6202 1150//6203 1051//6204
f 1175//6205 199//6206 1193//6207
f 1186//6208 695//6209 199//6210
f 1186//6211 199//6212 1175//6213
f 1175//6214 1157//6215 1134//6216
f 728//6217 1186//6218 1175//6219
f 197//6220 760//6221 6//6222
f 1130//6223 593//6224 862//6225
f 1167//6226 1109//6227 182//6228
f 1194//6229 1115//6230 1161//6231
f 2140//6232 1928//6233 1504//6234
f 921//6235 922//6236 2138//6237
f 1147//6238 1134//6239 1397//6240
f 1719//6241 1147//6242 1397//6243
f 1147//6244 1175//6245 1134//6246
f 1175//6247 1147//6248 728//6249
f 341//6250 1654//6251 1208//6252
f 754//6253 151//6254 9//6255
f 284//6256 2138//6257 1058//6258
f 1188//6259 1557//6260 1660//6261
f 1191//6262 110//6263 1053//6264
f 916//6265 284//6266 1189//6267
f 284//6268 1058//6269 1189//6270
f 2094//6271 1465//6272 2127//6273
f 1726//6274 1019//6275 1147//6276
f 1147//6277 1019//6278 728//6279
f 593//6280 1130//6281 96//6282
f 239//6283 305//6284 1038//6285
f 1036//6286 1131//6287 315//6288
f 397//6289 1131//6290 1120//6291
f 1053//6292 96//6293 1130//6294
f 2467//6295 2485//6296 1869//6297
f 517//6298 1089//6299 421//6300
f 834//6301 1827//6302 1029//6303
f 419//6304 1047//6305 1117//6306
f 1034//6307 433//6308 1306//6309
f 2239//6310 1862//6311 1730//6312
f 1453//6313 1462//6314 1472//6315
f 1408//6316 1422//6317 1399//6318
f 471//6319 23//6320 1111//6321
f 1205//6322 1150//6323 1456//6324
f 1205//6325 1040//6326 1150//6327
f 1131//6328 1036//6329 293//6330
f 293//6331 1068//6332 1044//6333
f 375//6334 1041//6335 138//6336
f 1205//6337 1140//6338 1046//6339
f 1040//6340 1205//6341 1046//6342
f 1140//6343 1167//6344 1046//6345
f 1104//6346 1049//6347 83//6348
f 1052//6349 1085//6350 1032//6351
f 1044//6352 1068//6353 1191//6354
f 1167//6355 1483//6356 1109//6357
f 208//6358 1084//6359 1035//6360
f 1040//6361 132//6362 375//6363
f 1834//6364 20//6365 3//6366
f 1050//6367 1051//6368 1070//6369
f 1133//6370 1125//6371 1174//6372
f 11//6373 1440//6374 1401//6375
f 420//6376 208//6377 1071//6378
f 1135//6379 1079//6380 1094//6381
f 1086//6382 1101//6383 1118//6384
f 1029//6385 1030//6386 1031//6387
f 1200//6388 1061//6389 294//6390
f 1191//6391 1068//6392 138//6393
f 1171//6394 1141//6395 65//6396
f 1141//6397 1172//6398 65//6399
f 1172//6400 35//6401 65//6402
f 1172//6403 404//6404 35//6405
f 404//6406 99//6407 35//6408
f 221//6409 1104//6410 1063//6411
f 802//6412 398//6413 1083//6414
f 20//6415 1089//6416 3//6417
f 2064//6418 1699//6419 835//6420
f 1042//6421 1052//6422 1032//6423
f 1433//6424 1261//6425 1432//6426
f 1323//6427 2338//6428 155//6429
f 1076//6430 1205//6431 1456//6432
f 1088//6433 1402//6434 1056//6435
f 1150//6436 348//6437 1070//6438
f 1200//6439 1089//6440 20//6441
f 1097//6442 1162//6443 100//6444
f 1032//6445 873//6446 834//6447
f 21//6448 471//6449 1111//6450
f 294//6451 1097//6452 1104//6453
f 1072//6454 100//6455 584//6456
f 1151//6457 760//6458 622//6459
f 132//6460 1045//6461 1041//6462
f 1050//6463 1070//6464 1135//6465
f 1088//6466 1039//6467 940//6468
f 650//6469 159//6470 635//6471
f 100//6472 1170//6473 729//6474
f 729//6475 584//6476 100//6477
f 1103//6478 931//6479 1096//6480
f 925//6481 1443//6482 1513//6483
f 138//6484 1102//6485 110//6486
f 1034//6487 1306//6488 1152//6489
f 1071//6490 1035//6491 1090//6492
f 100//6493 1072//6494 1097//6495
f 23//6496 1158//6497 315//6498
f 1068//6499 375//6500 138//6501
f 1586//6502 1612//6503 1585//6504
f 1819//6505 1030//6506 1029//6507
f 1041//6508 1034//6509 1102//6510
f 232//6511 375//6512 1068//6513
f 348//6514 1079//6515 1070//6516
f 1061//6517 1097//6518 294//6519
f 1513//6520 1443//6521 1442//6522
f 1200//6523 294//6524 1119//6525
f 376//6526 1050//6527 1062//6528
f 1094//6529 1036//6530 315//6531
f 1200//6532 1119//6533 1089//6534
f 1111//6535 1183//6536 21//6537
f 1044//6538 1191//6539 1053//6540
f 698//6541 295//6542 689//6543
f 1079//6544 232//6545 1036//6546
f 404//6547 1117//6548 99//6549
f 1495//6550 1496//6551 717//6552
f 1119//6553 294//6554 98//6555
f 3//6556 1089//6557 517//6558
f 1132//6559 1063//6560 83//6561
f 1132//6562 83//6563 175//6564
f 132//6565 1046//6566 182//6567
f 1111//6568 1195//6569 1183//6570
f 1131//6571 1044//6572 1037//6573
f 127//6574 402//6575 1804//6576
f 219//6577 1272//6578 1047//6579
f 1697//6580 1135//6581 1094//6582
f 2140//6583 1854//6584 2117//6585
f 1111//6586 397//6587 1195//6588
f 1177//6589 1162//6590 1097//6591
f 1061//6592 1177//6593 1097//6594
f 717//6595 1509//6596 714//6597
f 2//6598 1300//6599 433//6600
f 462//6601 290//6602 461//6603
f 98//6604 294//6605 221//6606
f 294//6607 1104//6608 221//6609
f 714//6610 1161//6611 1007//6612
f 1073//6613 1152//6614 1143//6615
f 1697//6616 1094//6617 1360//6618
f 1223//6619 1423//6620 1218//6621
f 836//6622 2479//6623 842//6624
f 1097//6625 1072//6626 1049//6627
f 348//6628 1040//6629 375//6630
f 3//6631 517//6632 316//6633
f 180//6634 1061//6635 1201//6636
f 348//6637 375//6638 232//6639
f 1432//6640 1431//6641 1415//6642
f 220//6643 1513//6644 1495//6645
f 1104//6646 1097//6647 1049//6648
f 306//6649 674//6650 596//6651
f 777//6652 455//6653 723//6654
f 2170//6655 2151//6656 1641//6657
f 1047//6658 419//6659 219//6660
f 1102//6661 1034//6662 1073//6663
f 1073//6664 1034//6665 1152//6666
f 1035//6667 1054//6668 1196//6669
f 1177//6670 1204//6671 1162//6672
f 746//6673 65//6674 12//6675
f 751//6676 178//6677 721//6678
f 1054//6679 517//6680 421//6681
f 1051//6682 1150//6683 1070//6684
f 1102//6685 1073//6686 110//6687
f 998//6688 1136//6689 355//6690
f 567//6691 566//6692 1163//6693
f 1111//6694 315//6695 397//6696
f 1048//6697 1074//6698 835//6699
f 1158//6700 1094//6701 315//6702
f 1374//6703 1107//6704 1252//6705
f 1112//6706 1136//6707 998//6708
f 472//6709 629//6710 500//6711
f 355//6712 1136//6713 260//6714
f 260//6715 118//6716 43//6717
f 1104//6718 83//6719 1063//6720
f 376//6721 357//6722 1050//6723
f 1463//6724 1142//6725 1545//6726
f 1036//6727 232//6728 293//6729
f 1030//6730 1042//6731 1031//6732
f 1079//6733 348//6734 232//6735
f 221//6736 1063//6737 1132//6738
f 1094//6739 1079//6740 1036//6741
f 1076//6742 1629//6743 1205//6744
f 1136//6745 1197//6746 260//6747
f 260//6748 1197//6749 118//6750
f 1204//6751 965//6752 1162//6753
f 293//6754 232//6755 1068//6756
f 1590//6757 1205//6758 1629//6759
f 1205//6760 1590//6761 1140//6762
f 250//6763 382//6764 392//6765
f 1296//6766 1318//6767 1311//6768
f 347//6769 1201//6770 20//6771
f 1201//6772 1200//6773 20//6774
f 132//6775 182//6776 1045//6777
f 1101//6778 1086//6779 1052//6780
f 1033//6781 1039//6782 1055//6783
f 138//6784 1041//6785 1102//6786
f 970//6787 1010//6788 2495//6789
f 455//6790 777//6791 43//6792
f 1992//6793 1948//6794 2023//6795
f 20//6796 1834//6797 347//6798
f 1072//6799 584//6800 1049//6801
f 584//6802 1192//6803 1049//6804
f 182//6805 2//6806 1045//6807
f 1163//6808 324//6809 44//6810
f 1360//6811 1094//6812 1158//6813
f 1450//6814 1360//6815 1158//6816
f 1091//6817 1112//6818 229//6819
f 509//6820 723//6821 455//6822
f 207//6823 509//6824 455//6825
f 1251//6826 1257//6827 1266//6828
f 1488//6829 1489//6830 1547//6831
f 2157//6832 1541//6833 1875//6834
f 305//6835 107//6836 324//6837
f 1045//6838 2//6839 433//6840
f 1070//6841 1079//6842 1135//6843
f 1136//6844 1168//6845 1197//6846
f 1197//6847 359//6848 118//6849
f 118//6850 359//6851 43//6852
f 359//6853 356//6854 43//6855
f 356//6856 455//6857 43//6858
f 356//6859 207//6860 455//6861
f 1240//6862 1422//6863 1408//6864
f 1163//6865 1153//6866 324//6867
f 1201//6868 1061//6869 1200//6870
f 1052//6871 1086//6872 1085//6873
f 1024//6874 1141//6875 1171//6876
f 1112//6877 1105//6878 1136//6879
f 1050//6880 1135//6881 1062//6882
f 1105//6883 1168//6884 1136//6885
f 1168//6886 1178//6887 1197//6888
f 1197//6889 1178//6890 359//6891
f 1173//6892 404//6893 1172//6894
f 465//6895 356//6896 359//6897
f 1174//6898 1125//6899 240//6900
f 1240//6901 1431//6902 1422//6903
f 1098//6904 1113//6905 1105//6906
f 1112//6907 1098//6908 1105//6909
f 1105//6910 1178//6911 1168//6912
f 1178//6913 465//6914 359//6915
f 1091//6916 1098//6917 1112//6918
f 1133//6919 1174//6920 1118//6921
f 98//6922 221//6923 1059//6924
f 487//6925 1132//6926 175//6927
f 980//6928 1017//6929 285//6930
f 465//6931 207//6932 356//6933
f 180//6934 1201//6935 347//6936
f 1060//6937 524//6938 1170//6939
f 445//6940 127//6941 316//6942
f 1431//6943 1438//6944 1422//6945
f 498//6946 469//6947 681//6948
f 940//6949 1807//6950 1759//6951
f 381//6952 250//6953 1290//6954
f 1113//6955 1122//6956 1105//6957
f 1105//6958 1122//6959 1178//6960
f 1151//6961 509//6962 207//6963
f 1236//6964 2035//6965 525//6966
f 1131//6967 293//6968 1044//6969
f 346//6970 207//6971 465//6972
f 346//6973 1151//6974 207//6975
f 1822//6976 1796//6977 1204//6978
f 1143//6979 204//6980 97//6981
f 123//6982 1128//6983 971//6984
f 2153//6985 2152//6986 2134//6987
f 126//6988 1151//6989 346//6990
f 517//6991 445//6992 316//6993
f 1450//6994 1158//6995 23//6996
f 1458//6997 1462//6998 1430//6999
f 1129//7000 152//7001 1182//7002
f 1122//7003 1159//7004 1178//7005
f 1178//7006 1198//7007 465//7008
f 79//7009 346//7010 465//7011
f 126//7012 1155//7013 1151//7014
f 1151//7015 1155//7016 6//7017
f 295//7018 1129//7019 689//7020
f 1073//7021 1143//7022 97//7023
f 1098//7024 1123//7025 1113//7026
f 1113//7027 1123//7028 1122//7029
f 1123//7030 1169//7031 1122//7032
f 1178//7033 1159//7034 1198//7035
f 1198//7036 79//7037 465//7038
f 392//7039 383//7040 152//7041
f 1822//7042 1061//7043 180//7044
f 116//7045 92//7046 625//7047
f 421//7048 1089//7049 1119//7050
f 1129//7051 295//7052 152//7053
f 110//7054 1073//7055 97//7056
f 1173//7057 1172//7058 1141//7059
f 1122//7060 1169//7061 1159//7062
f 79//7063 126//7064 346//7065
f 1155//7066 181//7067 6//7068
f 971//7069 926//7070 1002//7071
f 295//7072 1043//7073 152//7074
f 1039//7075 1088//7076 1056//7077
f 1428//7078 1266//7079 1436//7080
f 404//7081 419//7082 1117//7083
f 836//7084 879//7085 2479//7086
f 2464//7087 2476//7088 2458//7089
f 1198//7090 317//7091 79//7092
f 1124//7093 939//7094 301//7095
f 44//7096 754//7097 567//7098
f 1039//7099 1056//7100 1055//7101
f 1439//7102 1459//7103 1458//7104
f 1660//7105 1412//7106 986//7107
f 1169//7108 1160//7109 1159//7110
f 179//7111 1155//7112 126//7113
f 1155//7114 131//7115 181//7116
f 1061//7117 1822//7118 1177//7119
f 1153//7120 305//7121 324//7122
f 175//7123 314//7124 327//7125
f 1160//7126 1187//7127 1159//7128
f 1159//7129 1187//7130 1198//7131
f 1198//7132 1187//7133 317//7134
f 79//7135 179//7136 126//7137
f 1043//7138 250//7139 392//7140
f 152//7141 1043//7142 392//7143
f 96//7144 819//7145 593//7146
f 1123//7147 1127//7148 1169//7149
f 317//7150 179//7151 79//7152
f 1057//7153 1155//7154 179//7155
f 1155//7156 391//7157 131//7158
f 131//7159 391//7160 668//7161
f 2381//7162 1586//7163 1585//7164
f 12//7165 69//7166 499//7167
f 262//7168 398//7169 1640//7170
f 2107//7171 2118//7172 2060//7173
f 2130//7174 2094//7175 2002//7176
f 1187//7177 249//7178 317//7179
f 1155//7180 1057//7181 391//7182
f 1290//7183 439//7184 1265//7185
f 305//7186 239//7187 107//7188
f 1127//7189 1160//7190 1169//7191
f 317//7192 473//7193 179//7194
f 473//7195 1057//7196 179//7197
f 83//7198 1192//7199 314//7200
f 1043//7201 1290//7202 250//7203
f 1807//7204 940//7205 1030//7206
f 517//7207 1084//7208 445//7209
f 1057//7210 1164//7211 391//7212
f 2492//7213 2480//7214 2493//7215
f 163//7216 643//7217 43//7218
f 1056//7219 1545//7220 1303//7221
f 1069//7222 1655//7223 1023//7224
f 249//7225 473//7226 317//7227
f 1162//7228 1060//7229 1170//7230
f 1086//7231 1118//7232 1154//7233
f 82//7234 68//7235 16//7236
f 1989//7237 1990//7238 1536//7239
f 1633//7240 1632//7241 1611//7242
f 1487//7243 2372//7244 1305//7245
f 1494//7246 1069//7247 1023//7248
f 1137//7249 1160//7250 1127//7251
f 669//7252 1166//7253 679//7254
f 390//7255 1285//7256 426//7257
f 1955//7258 1972//7259 1971//7260
f 1219//7261 1223//7262 2437//7263
f 1254//7264 1261//7265 1223//7266
f 1319//7267 1545//7268 1056//7269
f 1320//7270 1328//7271 2443//7272
f 1261//7273 1433//7274 1223//7275
f 1219//7276 1254//7277 1223//7278
f 254//7279 222//7280 2428//7281
f 1237//7282 1290//7283 1265//7284
f 1284//7285 1273//7286 1263//7287
f 1277//7288 1291//7289 1301//7290
f 1314//7291 102//7292 1301//7293
f 1280//7294 363//7295 377//7296
f 1313//7297 1353//7298 1514//7299
f 468//7300 451//7301 439//7302
f 1918//7303 1964//7304 1956//7305
f 2026//7306 29//7307 2140//7308
f 1354//7309 381//7310 1279//7311
f 1224//7312 30//7313 1254//7314
f 147//7315 158//7316 173//7317
f 1247//7318 1253//7319 274//7320
f 1271//7321 380//7322 334//7323
f 2043//7324 2072//7325 2042//7326
f 274//7327 300//7328 267//7329
f 1356//7330 1392//7331 211//7332
f 13//7333 240//7334 1142//7335
f 1382//7336 1330//7337 1392//7338
f 1312//7339 1323//7340 155//7341
f 240//7342 1125//7343 1142//7344
f 2358//7345 1573//7346 1362//7347
f 1236//7348 1249//7349 1244//7350
f 1272//7351 219//7352 1348//7353
f 1271//7354 1274//7355 380//7356
f 191//7357 2034//7358 1982//7359
f 1992//7360 2052//7361 1990//7362
f 462//7363 452//7364 689//7365
f 2262//7366 2286//7367 2261//7368
f 183//7369 489//7370 1642//7371
f 2485//7372 2480//7373 1869//7374
f 84//7375 111//7376 1323//7377
f 1190//7378 353//7379 1354//7380
f 446//7381 434//7382 435//7383
f 1336//7384 171//7385 1341//7386
f 2021//7387 430//7388 2059//7389
f 862//7390 878//7391 1120//7392
f 1263//7393 1273//7394 1248//7395
f 1966//7396 1921//7397 2144//7398
f 1312//7399 84//7400 1323//7401
f 240//7402 13//7403 1348//7404
f 1359//7405 1274//7406 1271//7407
f 1392//7408 1330//7409 1247//7410
f 1520//7411 1333//7412 11//7413
f 1368//7414 1253//7415 1247//7416
f 1279//7417 1285//7418 1190//7419
f 2465//7420 990//7421 2489//7422
f 1272//7423 1519//7424 805//7425
f 1369//7426 1272//7427 805//7428
f 1317//7429 95//7430 1344//7431
f 1242//7432 1248//7433 1234//7434
f 1368//7435 242//7436 1363//7437
f 274//7438 1262//7439 1386//7440
f 532//7441 597//7442 1886//7443
f 2117//7444 2026//7445 2140//7446
f 1392//7447 1247//7448 274//7449
f 2162//7450 508//7451 985//7452
f 1964//7453 1469//7454 1965//7455
f 1315//7456 104//7457 1331//7458
f 1392//7459 1356//7460 1382//7461
f 128//7462 1342//7463 1336//7464
f 1285//7465 427//7466 426//7467
f 1219//7468 1224//7469 1254//7470
f 1320//7471 1322//7472 1321//7473
f 1320//7474 1321//7475 1328//7476
f 153//7477 2443//7478 1328//7479
f 1321//7480 153//7481 1328//7482
f 1235//7483 1244//7484 1243//7485
f 1225//7486 1224//7487 1219//7488
f 1359//7489 353//7490 1190//7491
f 1312//7492 1473//7493 1458//7494
f 1336//7495 1342//7496 147//7497
f 305//7498 1333//7499 1038//7500
f 1336//7501 147//7502 171//7503
f 516//7504 31//7505 19//7506
f 2479//7507 2461//7508 842//7509
f 1237//7510 1265//7511 427//7512
f 1263//7513 1278//7514 1284//7515
f 881//7516 1827//7517 834//7518
f 1237//7519 427//7520 1285//7521
f 1299//7522 1312//7523 1458//7524
f 1190//7525 1285//7526 1274//7527
f 1363//7528 286//7529 1253//7530
f 2330//7531 2303//7532 828//7533
f 427//7534 442//7535 426//7536
f 2493//7537 2463//7538 2492//7539
f 1285//7540 380//7541 1274//7542
f 522//7543 18//7544 1225//7545
f 2471//7546 2472//7547 2488//7548
f 2338//7549 154//7550 1321//7551
f 1423//7552 1415//7553 1218//7554
f 1225//7555 18//7556 1224//7557
f 1253//7558 286//7559 1262//7560
f 286//7561 353//7562 1359//7563
f 171//7564 1368//7565 1383//7566
f 1273//7567 54//7568 1234//7569
f 1973//7570 2447//7571 527//7572
f 1322//7573 155//7574 1321//7575
f 1203//7576 1369//7577 1413//7578
f 1307//7579 363//7580 1298//7581
f 1364//7582 1375//7583 1329//7584
f 1329//7585 227//7586 1306//7587
f 296//7588 1298//7589 1343//7590
f 947//7591 2499//7592 1447//7593
f 1203//7594 1047//7595 1272//7596
f 1098//7597 1748//7598 1123//7599
f 1519//7600 1272//7601 1348//7602
f 1277//7603 70//7604 1273//7605
f 1282//7606 1337//7607 1361//7608
f 286//7609 302//7610 353//7611
f 103//7612 104//7613 1315//7614
f 1377//7615 435//7616 434//7617
f 1449//7618 1261//7619 1345//7620
f 926//7621 1310//7622 806//7623
f 1263//7624 1248//7625 1242//7626
f 985//7627 508//7628 597//7629
f 1415//7630 1222//7631 1218//7632
f 88//7633 1325//7634 104//7635
f 170//7636 111//7637 156//7638
f 1384//7639 1282//7640 1361//7641
f 274//7642 1253//7643 1262//7644
f 1371//7645 1317//7646 1344//7647
f 1371//7648 1366//7649 1337//7650
f 1345//7651 1459//7652 1449//7653
f 171//7654 1383//7655 1341//7656
f 2438//7657 1235//7658 1227//7659
f 2134//7660 1582//7661 2118//7662
f 428//7663 1260//7664 1379//7665
f 1336//7666 1341//7667 1325//7668
f 1235//7669 1242//7670 1227//7671
f 1228//7672 1687//7673 2284//7674
f 1854//7675 2140//7676 2016//7677
f 1866//7678 1887//7679 1873//7680
f 1343//7681 1298//7682 1370//7683
f 1384//7684 1361//7685 2440//7686
f 171//7687 242//7688 1368//7689
f 1344//7690 1309//7691 1366//7692
f 1371//7693 1344//7694 1366//7695
f 1280//7696 1377//7697 1293//7698
f 200//7699 1185//7700 205//7701
f 1330//7702 1383//7703 1368//7704
f 1255//7705 1264//7706 1263//7707
f 543//7708 1367//7709 1876//7710
f 1343//7711 1370//7712 1260//7713
f 1293//7714 1326//7715 1370//7716
f 2440//7717 1361//7718 1302//7719
f 1282//7720 1384//7721 2406//7722
f 271//7723 1337//7724 1282//7725
f 170//7726 2338//7727 1323//7728
f 1528//7729 1503//7730 2470//7731
f 515//7732 1347//7733 2453//7734
f 1997//7735 1705//7736 1998//7737
f 2285//7738 1228//7739 2284//7740
f 1229//7741 1250//7742 1228//7743
f 1330//7744 1368//7745 1247//7746
f 1919//7747 1619//7748 2045//7749
f 1344//7750 1364//7751 1335//7752
f 1222//7753 1240//7754 1221//7755
f 1212//7756 858//7757 1741//7758
f 2388//7759 1222//7760 1221//7761
f 1528//7762 2470//7763 2068//7764
f 501//7765 1308//7766 2171//7767
f 1295//7768 1311//7769 1487//7770
f 2116//7771 1619//7772 1655//7773
f 1220//7774 1229//7775 1228//7776
f 8//7777 663//7778 573//7779
f 1343//7780 1260//7781 428//7782
f 1337//7783 1366//7784 1361//7785
f 1298//7786 1280//7787 1293//7788
f 1269//7789 1345//7790 1261//7791
f 1279//7792 381//7793 1290//7794
f 1230//7795 1229//7796 1220//7797
f 1230//7798 1245//7799 1229//7800
f 1245//7801 1250//7802 1229//7803
f 1227//7804 1234//7805 31//7806
f 1302//7807 1361//7808 1350//7809
f 1245//7810 1266//7811 1428//7812
f 1992//7813 2023//7814 2052//7815
f 2482//7816 2471//7817 2475//7818
f 452//7819 462//7820 461//7821
f 271//7822 1282//7823 1275//7824
f 1991//7825 1989//7826 1934//7827
f 1366//7828 1309//7829 1350//7830
f 1344//7831 1335//7832 1309//7833
f 730//7834 699//7835 974//7836
f 1374//7837 1252//7838 1208//7839
f 597//7840 508//7841 1912//7842
f 1363//7843 1253//7844 1368//7845
f 1386//7846 1271//7847 300//7848
f 1211//7849 1218//7850 1222//7851
f 1376//7852 1377//7853 434//7854
f 2399//7855 2437//7856 1211//7857
f 1284//7858 1291//7859 1277//7860
f 1230//7861 1251//7862 1245//7863
f 1251//7864 1266//7865 1245//7866
f 1317//7867 1371//7868 1337//7869
f 1288//7870 1286//7871 1095//7872
f 1095//7873 1286//7874 1352//7875
f 1241//7876 1208//7877 1352//7878
f 1241//7879 1374//7880 1208//7881
f 1284//7882 1278//7883 1291//7884
f 211//7885 1392//7886 267//7887
f 1344//7888 1375//7889 1364//7890
f 929//7891 583//7892 1028//7893
f 1361//7894 1366//7895 1350//7896
f 1115//7897 1294//7898 1639//7899
f 1291//7900 103//7901 1301//7902
f 1220//7903 1231//7904 1230//7905
f 1231//7906 1251//7907 1230//7908
f 1234//7909 1248//7910 1273//7911
f 1255//7912 55//7913 1264//7914
f 1360//7915 1450//7916 1702//7917
f 363//7918 1280//7919 1298//7920
f 1369//7921 1203//7922 1272//7923
f 1415//7924 1240//7925 1222//7926
f 1216//7927 1231//7928 1220//7929
f 1243//7930 1263//7931 1235//7932
f 1375//7933 227//7934 1329//7935
f 1264//7936 1278//7937 1263//7938
f 855//7939 899//7940 961//7941
f 1286//7942 1241//7943 1352//7944
f 2081//7945 2128//7946 2107//7947
f 1223//7948 1433//7949 1423//7950
f 1473//7951 1312//7952 155//7953
f 154//7954 153//7955 1321//7956
f 1377//7957 1376//7958 1293//7959
f 1392//7960 274//7961 267//7962
f 334//7963 300//7964 1271//7965
f 1955//7966 1991//7967 1934//7968
f 1613//7969 1327//7970 1288//7971
f 1327//7972 1286//7973 1288//7974
f 1349//7975 1374//7976 1241//7977
f 2370//7978 2025//7979 2367//7980
f 1315//7981 1331//7982 133//7983
f 434//7984 446//7985 1256//7986
f 1232//7987 1251//7988 1231//7989
f 1243//7990 1244//7991 1255//7992
f 1286//7993 1304//7994 1241//7995
f 1349//7996 1107//7997 1374//7998
f 1359//7999 1271//8000 1386//8001
f 1227//8002 516//8003 2431//8004
f 219//8005 240//8006 1348//8007
f 1270//8008 271//8009 1275//8010
f 1255//8011 1263//8012 1243//8013
f 2026//8014 1926//8015 29//8016
f 1683//8017 2157//8018 1212//8019
f 1326//8020 1293//8021 1376//8022
f 1255//8023 32//8024 55//8025
f 104//8026 1325//8027 1341//8028
f 519//8029 2462//8030 2475//8031
f 2154//8032 2161//8033 2137//8034
f 1376//8035 434//8036 1246//8037
f 1246//8038 434//8039 1256//8040
f 1257//8041 1251//8042 1232//8043
f 1262//8044 1359//8045 1386//8046
f 2195//8047 2192//8048 2186//8049
f 1308//8050 534//8051 1226//8052
f 2026//8053 2117//8054 544//8055
f 1327//8056 1613//8057 1324//8058
f 1327//8059 1326//8060 1286//8061
f 1286//8062 1326//8063 1304//8064
f 104//8065 1341//8066 1331//8067
f 774//8068 524//8069 880//8070
f 837//8071 1517//8072 534//8073
f 1127//8074 1123//8075 1567//8076
f 1279//8077 1237//8078 1285//8079
f 1297//8080 1381//8081 1294//8082
f 1217//8083 1232//8084 1216//8085
f 1142//8086 1519//8087 13//8088
f 1436//8089 1267//8090 1287//8091
f 1324//8092 1372//8093 1327//8094
f 1304//8095 1246//8096 1241//8097
f 1246//8098 1349//8099 1241//8100
f 1246//8101 1373//8102 1349//8103
f 286//8104 1359//8105 1262//8106
f 1382//8107 1383//8108 1330//8109
f 1284//8110 1277//8111 1273//8112
f 489//8113 1998//8114 1799//8115
f 1675//8116 1116//8117 1075//8118
f 106//8119 1317//8120 1337//8121
f 1311//8122 1295//8123 1281//8124
f 1292//8125 1364//8126 1329//8127
f 1335//8128 1364//8129 1292//8130
f 1334//8131 1294//8132 1115//8133
f 1334//8134 1297//8135 1294//8136
f 1300//8137 1381//8138 1297//8139
f 973//8140 842//8141 2461//8142
f 1217//8143 1239//8144 1232//8145
f 1232//8146 1239//8147 1257//8148
f 1258//8149 1267//8150 1436//8151
f 1359//8152 1190//8153 1274//8154
f 1862//8155 1405//8156 1877//8157
f 1372//8158 1339//8159 1327//8160
f 1339//8161 1326//8162 1327//8163
f 1373//8164 1351//8165 1349//8166
f 1276//8167 1311//8168 1281//8169
f 1256//8170 2386//8171 1351//8172
f 2//8173 1109//8174 1300//8175
f 482//8176 1731//8177 520//8178
f 803//8179 1604//8180 2022//8181
f 1223//8182 1218//8183 1211//8184
f 1341//8185 1383//8186 1382//8187
f 1298//8188 1293//8189 1370//8190
f 1190//8191 1354//8192 1279//8193
f 1324//8194 2398//8195 1372//8196
f 1714//8197 1700//8198 2173//8199
f 183//8200 2000//8201 489//8202
f 1701//8203 1666//8204 192//8205
f 1227//8206 1242//8207 1234//8208
f 1332//8209 1289//8210 1310//8211
f 1517//8212 2005//8213 2130//8214
f 1331//8215 1341//8216 1382//8217
f 525//8218 1249//8219 1236//8220
f 23//8221 1268//8222 1450//8223
f 1264//8224 1291//8225 1278//8226
f 1281//8227 1287//8228 1267//8229
f 1295//8230 1305//8231 1287//8232
f 1281//8233 1295//8234 1287//8235
f 1487//8236 1305//8237 1295//8238
f 1605//8239 2097//8240 2058//8241
f 1326//8242 1376//8243 1304//8244
f 1304//8245 1376//8246 1246//8247
f 1316//8248 1919//8249 1984//8250
f 2500//8251 1949//8252 2460//8253
f 1332//8254 1313//8255 1289//8256
f 2189//8257 2181//8258 2177//8259
f 1335//8260 1334//8261 1353//8262
f 1292//8263 1297//8264 1334//8265
f 1428//8266 1250//8267 1245//8268
f 969//8269 958//8270 952//8271
f 1217//8272 1233//8273 1239//8274
f 1233//8275 1257//8276 1239//8277
f 1876//8278 1367//8279 1338//8280
f 1379//8281 1260//8282 1372//8283
f 1372//8284 1260//8285 1339//8286
f 1128//8287 1302//8288 1310//8289
f 1310//8290 1302//8291 1332//8292
f 1335//8293 1353//8294 1313//8295
f 1292//8296 1334//8297 1335//8298
f 1297//8299 1329//8300 1300//8301
f 1279//8302 1290//8303 1237//8304
f 1301//8305 103//8306 1314//8307
f 70//8308 1301//8309 102//8310
f 23//8311 1333//8312 1268//8313
f 380//8314 1285//8315 390//8316
f 772//8317 325//8318 1275//8319
f 1314//8320 103//8321 1315//8322
f 2473//8323 2458//8324 2487//8325
f 1276//8326 1281//8327 1267//8328
f 1344//8329 95//8330 1375//8331
f 2053//8332 1771//8333 1572//8334
f 1246//8335 1256//8336 1373//8337
f 1373//8338 1256//8339 1351//8340
f 1340//8341 1302//8342 1128//8343
f 1350//8344 1313//8345 1332//8346
f 1329//8347 1297//8348 1292//8349
f 2434//8350 2473//8351 2487//8352
f 106//8353 1337//8354 271//8355
f 23//8356 471//8357 1333//8358
f 622//8359 723//8360 509//8361
f 1388//8362 1517//8363 2127//8364
f 1991//8365 1990//8366 1989//8367
f 183//8368 1636//8369 1226//8370
f 2133//8371 1605//8372 2151//8373
f 1260//8374 1370//8375 1339//8376
f 1339//8377 1370//8378 1326//8379
f 867//8380 1894//8381 1902//8382
f 390//8383 426//8384 412//8385
f 1235//8386 1263//8387 1242//8388
f 1399//8389 1422//8390 1233//8391
f 305//8392 11//8393 1333//8394
f 1300//8395 1329//8396 1306//8397
f 1302//8398 1350//8399 1332//8400
f 1350//8401 1309//8402 1313//8403
f 1309//8404 1335//8405 1313//8406
f 2470//8407 2102//8408 1502//8409
f 1787//8410 1531//8411 1599//8412
f 1724//8413 1725//8414 1691//8415
f 1827//8416 1601//8417 1927//8418
f 1678//8419 1358//8420 1476//8421
f 1823//8422 1812//8423 1846//8424
f 1805//8425 1824//8426 1708//8427
f 1746//8428 1676//8429 1797//8430
f 325//8431 2395//8432 429//8433
f 1835//8434 1677//8435 1826//8436
f 1507//8437 1790//8438 1722//8439
f 1526//8440 1672//8441 858//8442
f 158//8443 147//8444 1342//8445
f 1462//8446 1473//8447 1322//8448
f 1474//8449 1414//8450 1565//8451
f 1761//8452 1900//8453 1877//8454
f 940//8455 1759//8456 1008//8457
f 1565//8458 1015//8459 1008//8460
f 1924//8461 1533//8462 1933//8463
f 1878//8464 826//8465 830//8466
f 1565//8467 1414//8468 1015//8469
f 1402//8470 1088//8471 1008//8472
f 1538//8473 1532//8474 1651//8475
f 1015//8476 1552//8477 1008//8478
f 1538//8479 1591//8480 1474//8481
f 1532//8482 1538//8483 1474//8484
f 1474//8485 1591//8486 1414//8487
f 1484//8488 1402//8489 1008//8490
f 1552//8491 1484//8492 1008//8493
f 1414//8494 1460//8495 1015//8496
f 1015//8497 1460//8498 1552//8499
f 806//8500 1289//8501 945//8502
f 1597//8503 1538//8504 1659//8505
f 1484//8506 1319//8507 1402//8508
f 1056//8509 1402//8510 1319//8511
f 1538//8512 1597//8513 1591//8514
f 1591//8515 960//8516 1414//8517
f 1414//8518 960//8519 1460//8520
f 1925//8521 1466//8522 1455//8523
f 1552//8524 1400//8525 1484//8526
f 1484//8527 1400//8528 1319//8529
f 1400//8530 113//8531 1319//8532
f 1597//8533 1580//8534 1591//8535
f 1460//8536 1400//8537 1552//8538
f 1514//8539 1441//8540 966//8541
f 1597//8542 1659//8543 1409//8544
f 1657//8545 113//8546 1400//8547
f 1460//8548 1657//8549 1400//8550
f 1288//8551 1095//8552 1634//8553
f 1551//8554 1597//8555 1409//8556
f 1580//8557 1598//8558 1591//8559
f 1591//8560 1598//8561 960//8562
f 1536//8563 1990//8564 2031//8565
f 960//8566 1657//8567 1460//8568
f 1809//8569 1746//8570 1797//8571
f 1423//8572 1433//8573 1432//8574
f 2478//8575 1362//8576 1409//8577
f 1463//8578 1545//8579 113//8580
f 1657//8581 1463//8582 113//8583
f 1457//8584 1287//8585 1305//8586
f 1682//8587 1716//8588 1746//8589
f 1434//8590 1761//8591 1885//8592
f 1013//8593 1139//8594 1617//8595
f 2379//8596 1362//8597 2478//8598
f 1420//8599 1597//8600 1551//8601
f 1420//8602 1580//8603 1597//8604
f 1664//8605 1808//8606 1712//8607
f 2256//8608 2250//8609 2231//8610
f 1362//8611 1551//8612 1409//8613
f 2196//8614 2214//8615 2213//8616
f 1691//8617 1725//8618 1777//8619
f 1626//8620 192//8621 1666//8622
f 1534//8623 1574//8624 2058//8625
f 1574//8626 1600//8627 1605//8628
f 1600//8629 1606//8630 1605//8631
f 1606//8632 1641//8633 1605//8634
f 1573//8635 1420//8636 1551//8637
f 1657//8638 1485//8639 1463//8640
f 678//8641 1806//8642 1742//8643
f 1534//8644 1553//8645 1574//8646
f 1574//8647 1575//8648 1600//8649
f 1810//8650 2170//8651 585//8652
f 1623//8653 1641//8654 1606//8655
f 1407//8656 1657//8657 960//8658
f 1598//8659 1407//8660 960//8661
f 1485//8662 1142//8663 1463//8664
f 1716//8665 1581//8666 1676//8667
f 1738//8668 1743//8669 1733//8670
f 843//8671 2064//8672 835//8673
f 1539//8674 1575//8675 1574//8676
f 1553//8677 1539//8678 1574//8679
f 1575//8680 1592//8681 1600//8682
f 1592//8683 1624//8684 1606//8685
f 1600//8686 1592//8687 1606//8688
f 1642//8689 585//8690 1641//8691
f 1623//8692 1642//8693 1641//8694
f 1485//8695 164//8696 1142//8697
f 1738//8698 1516//8699 1743//8700
f 1809//8701 1720//8702 1798//8703
f 1533//8704 1535//8705 1534//8706
f 1592//8707 1607//8708 1624//8709
f 1624//8710 1623//8711 1606//8712
f 1163//8713 566//8714 1116//8715
f 1407//8716 1485//8717 1657//8718
f 1432//8719 1449//8720 1439//8721
f 1100//8722 802//8723 2382//8724
f 1743//8725 1516//8726 1722//8727
f 1746//8728 1716//8729 1676//8730
f 1535//8731 1539//8732 1534//8733
f 1534//8734 1539//8735 1553//8736
f 1642//8737 1623//8738 1624//8739
f 1095//8740 1208//8741 1654//8742
f 967//8743 1407//8744 1598//8745
f 1580//8746 967//8747 1598//8748
f 1809//8749 1797//8750 1720//8751
f 1924//8752 1524//8753 1535//8754
f 1533//8755 1924//8756 1535//8757
f 1539//8758 1576//8759 1575//8760
f 1642//8761 216//8762 585//8763
f 1407//8764 1529//8765 1485//8766
f 1485//8767 1529//8768 164//8769
f 1472//8770 1462//8771 1482//8772
f 1415//8773 1431//8774 1240//8775
f 966//8776 1194//8777 714//8778
f 383//8779 1182//8780 152//8781
f 474//8782 2337//8783 446//8784
f 1743//8785 1841//8786 1757//8787
f 1486//8788 1524//8789 1924//8790
f 1535//8791 1525//8792 1539//8793
f 1575//8794 1576//8795 1592//8796
f 1420//8797 967//8798 1580//8799
f 1288//8800 1634//8801 1613//8802
f 459//8803 427//8804 1265//8805
f 1404//8806 2179//8807 1393//8808
f 1404//8809 1403//8810 1800//8811
f 1404//8812 1410//8813 1403//8814
f 1410//8815 1749//8816 1403//8817
f 1349//8818 1351//8819 218//8820
f 1486//8821 1498//8822 1524//8823
f 1535//8824 1524//8825 1525//8826
f 1607//8827 1636//8828 1624//8829
f 183//8830 1642//8831 1624//8832
f 1636//8833 183//8834 1624//8835
f 1107//8836 1349//8837 218//8838
f 1351//8839 845//8840 218//8841
f 164//8842 1519//8843 1142//8844
f 845//8845 413//8846 218//8847
f 1525//8848 1576//8849 1539//8850
f 1576//8851 1582//8852 1592//8853
f 1592//8854 2134//8855 1607//8856
f 2134//8857 1636//8858 1607//8859
f 2147//8860 1491//8861 1401//8862
f 1407//8863 1589//8864 1529//8865
f 1529//8866 1519//8867 164//8868
f 1693//8869 1763//8870 1444//8871
f 1924//8872 1479//8873 1486//8874
f 1592//8875 1582//8876 2134//8877
f 499//8878 165//8879 874//8880
f 2176//8881 1857//8882 1959//8883
f 2327//8884 2368//8885 2326//8886
f 2358//8887 821//8888 953//8889
f 953//8890 821//8891 1573//8892
f 1824//8893 1704//8894 1464//8895
f 1731//8896 1358//8897 1678//8898
f 1394//8899 1410//8900 1404//8901
f 1394//8902 1418//8903 1410//8904
f 1466//8905 1479//8906 1839//8907
f 1486//8908 1479//8909 1498//8910
f 1498//8911 1525//8912 1524//8913
f 1576//8914 2080//8915 1582//8916
f 1785//8917 1684//8918 1898//8919
f 804//8920 398//8921 802//8922
f 804//8923 925//8924 398//8925
f 1447//8926 1562//8927 2358//8928
f 2358//8929 1562//8930 821//8931
f 821//8932 1620//8933 1573//8934
f 1620//8935 1420//8936 1573//8937
f 1420//8938 1556//8939 967//8940
f 1393//8941 1394//8942 1404//8943
f 1525//8944 2080//8945 1576//8946
f 1621//8947 1420//8948 1620//8949
f 1621//8950 1556//8951 1420//8952
f 967//8953 1589//8954 1407//8955
f 1505//8956 5//8957 1357//8958
f 1266//8959 1258//8960 1436//8961
f 1393//8962 1395//8963 1394//8964
f 2176//8965 2175//8966 1848//8967
f 1455//8968 1466//8969 1839//8970
f 1525//8971 1540//8972 2080//8973
f 1582//8974 2080//8975 2118//8976
f 1100//8977 804//8978 802//8979
f 1556//8980 1589//8981 967//8982
f 1589//8983 1082//8984 1529//8985
f 1093//8986 1685//8987 1357//8988
f 1504//8989 1093//8990 1357//8991
f 1425//8992 1418//8993 1394//8994
f 1475//8995 1479//8996 1466//8997
f 1479//8998 1506//8999 1498//9000
f 1789//9001 1784//9002 1730//9003
f 2501//9004 2465//9005 2489//9006
f 1438//9007 1458//9008 1430//9009
f 1462//9010 1458//9011 1473//9012
f 1454//9013 805//9014 1529//9015
f 1082//9016 1454//9017 1529//9018
f 1529//9019 805//9020 1519//9021
f 1425//9022 1394//9023 1395//9024
f 1425//9025 1744//9026 1418//9027
f 1479//9028 1475//9029 1506//9030
f 1540//9031 2060//9032 2080//9033
f 1556//9034 1082//9035 1589//9036
f 1443//9037 945//9038 1511//9039
f 1506//9040 1536//9041 1498//9042
f 1498//9043 1536//9044 1525//9045
f 1525//9046 1536//9047 1540//9048
f 1670//9049 852//9050 1672//9051
f 1998//9052 1388//9053 1389//9054
f 1511//9055 966//9056 1509//9057
f 1509//9058 966//9059 714//9060
f 1442//9061 1443//9062 1496//9063
f 1562//9064 1635//9065 821//9066
f 155//9067 1322//9068 1473//9069
f 1439//9070 1458//9071 1438//9072
f 1426//9073 1425//9074 1395//9075
f 1475//9076 1499//9077 1506//9078
f 1735//9079 1588//9080 1776//9081
f 2422//9082 2454//9083 2421//9084
f 1423//9085 1432//9086 1415//9087
f 1559//9088 2101//9089 2073//9090
f 845//9091 866//9092 413//9093
f 1429//9094 1620//9095 821//9096
f 1620//9097 1429//9098 1621//9099
f 1228//9100 1250//9101 1687//9102
f 1002//9103 945//9104 1443//9105
f 2382//9106 802//9107 1083//9108
f 1859//9109 1411//9110 1395//9111
f 1411//9112 1426//9113 1395//9114
f 1426//9115 1744//9116 1425//9117
f 1590//9118 1437//9119 1483//9120
f 1480//9121 1475//9122 1466//9123
f 1480//9124 1499//9125 1475//9126
f 1510//9127 1733//9128 1743//9129
f 1663//9130 1696//9131 1658//9132
f 1430//9133 1453//9134 1452//9135
f 1452//9136 1472//9137 1471//9138
f 1452//9139 1471//9140 1448//9141
f 1430//9142 1452//9143 1421//9144
f 1430//9145 1421//9146 1422//9147
f 1429//9148 1082//9149 1556//9150
f 1621//9151 1429//9152 1556//9153
f 1351//9154 2386//9155 845//9156
f 1126//9157 1059//9158 487//9159
f 1639//9160 1437//9161 1563//9162
f 1504//9163 1928//9164 1093//9165
f 1499//9166 1536//9167 1506//9168
f 1588//9169 1770//9170 1727//9171
f 1110//9172 1747//9173 1397//9174
f 1776//9175 1588//9176 1531//9177
f 1322//9178 1320//9179 1482//9180
f 1590//9181 1629//9182 1571//9183
f 1730//9184 1877//9185 1838//9186
f 1429//9187 935//9188 1082//9189
f 1082//9190 935//9191 1454//9192
f 804//9193 1443//9194 925//9195
f 1139//9196 1007//9197 1639//9198
f 1925//9199 1480//9200 1466//9201
f 1934//9202 1989//9203 1480//9204
f 1499//9205 1989//9206 1536//9207
f 1727//9208 1526//9209 1531//9210
f 1593//9211 1614//9212 502//9213
f 2455//9214 2431//9215 2400//9216
f 1755//9217 1680//9218 908//9219
f 1563//9220 1571//9221 1564//9222
f 1647//9223 1078//9224 1501//9225
f 2490//9226 1635//9227 1106//9228
f 1496//9229 1511//9230 717//9231
f 2454//9232 2431//9233 516//9234
f 1478//9235 1153//9236 1093//9237
f 1870//9238 1426//9239 1411//9240
f 1426//9241 1723//9242 1744//9243
f 962//9244 986//9245 1412//9246
f 717//9247 1511//9248 1509//9249
f 1825//9250 1704//9251 1824//9252
f 2225//9253 2234//9254 2253//9255
f 1490//9256 1557//9257 1188//9258
f 1635//9259 80//9260 821//9261
f 805//9262 1454//9263 935//9264
f 1186//9265 706//9266 695//9267
f 1194//9268 1161//9269 714//9270
f 1512//9271 1007//9272 1013//9273
f 592//9274 97//9275 204//9276
f 1258//9277 1266//9278 1257//9279
f 82//9280 1333//9281 471//9282
f 1694//9283 1710//9284 1505//9285
f 1643//9286 490//9287 1661//9288
f 1661//9289 490//9290 1114//9291
f 1518//9292 2068//9293 2484//9294
f 1750//9295 1808//9296 1664//9297
f 1656//9298 1635//9299 2490//9300
f 935//9301 1521//9302 805//9303
f 1546//9304 1629//9305 1076//9306
f 1301//9307 70//9308 1277//9309
f 966//9310 1441//9311 1194//9312
f 1148//9313 1825//9314 1824//9315
f 1614//9316 1609//9317 1643//9318
f 1114//9319 1092//9320 1921//9321
f 1770//9322 1739//9323 1670//9324
f 1631//9325 1632//9326 1646//9327
f 821//9328 1016//9329 1429//9330
f 1429//9331 1016//9332 935//9333
f 1632//9334 1095//9335 1654//9336
f 1083//9337 262//9338 688//9339
f 1724//9340 1686//9341 1725//9342
f 1644//9343 490//9344 1643//9345
f 1092//9346 1149//9347 1921//9348
f 3//9349 893//9350 1832//9351
f 988//9352 1640//9353 1188//9354
f 916//9355 1107//9356 284//9357
f 1656//9358 80//9359 1635//9360
f 1016//9361 821//9362 80//9363
f 1016//9364 1521//9365 935//9366
f 1478//9367 1202//9368 1153//9369
f 1401//9370 1928//9371 29//9372
f 1440//9373 1478//9374 1928//9375
f 1849//9376 1700//9377 1865//9378
f 1595//9379 1611//9380 1612//9381
f 1208//9382 198//9383 341//9384
f 1464//9385 1704//9386 1746//9387
f 2143//9388 984//9389 1721//9390
f 1848//9391 1849//9392 1868//9393
f 1662//9394 1114//9395 490//9396
f 1669//9397 1787//9398 1682//9399
f 1656//9400 1618//9401 80//9402
f 198//9403 1208//9404 916//9405
f 1440//9406 1928//9407 1401//9408
f 1521//9409 1369//9410 805//9411
f 1252//9412 1107//9413 916//9414
f 1745//9415 678//9416 1672//9417
f 1703//9418 1779//9419 1721//9420
f 1750//9421 1465//9422 1808//9423
f 1609//9424 1644//9425 1643//9426
f 1092//9427 1114//9428 1662//9429
f 1826//9430 1523//9431 1793//9432
f 2262//9433 2261//9434 2224//9435
f 1696//9436 2166//9437 1767//9438
f 1016//9439 1648//9440 1521//9441
f 1208//9442 1252//9443 916//9444
f 833//9445 688//9446 1067//9447
f 1794//9448 1803//9449 1558//9450
f 28//9451 17//9452 512//9453
f 1750//9454 861//9455 1566//9456
f 1594//9457 1644//9458 1609//9459
f 1644//9460 1645//9461 490//9462
f 490//9463 1645//9464 1662//9465
f 2229//9466 2262//9467 2224//9468
f 1602//9469 861//9470 1760//9471
f 1530//9472 1777//9473 1760//9474
f 872//9475 1706//9476 1673//9477
f 1696//9478 1668//9479 2166//9480
f 1708//9481 1809//9482 1798//9483
f 1581//9484 1716//9485 1814//9486
f 1709//9487 1794//9488 1680//9489
f 1233//9490 1421//9491 1257//9492
f 1724//9493 1476//9494 1686//9495
f 1469//9496 1481//9497 1965//9498
f 1965//9499 1481//9500 1492//9501
f 2073//9502 1549//9503 1559//9504
f 1594//9505 1615//9506 1644//9507
f 1799//9508 1706//9509 1755//9510
f 1725//9511 1686//9512 1837//9513
f 1720//9514 1797//9515 1572//9516
f 1618//9517 2467//9518 2022//9519
f 1618//9520 1579//9521 80//9522
f 1648//9523 1016//9524 80//9525
f 2134//9526 2152//9527 1636//9528
f 1611//9529 1632//9530 1631//9531
f 1761//9532 1434//9533 1470//9534
f 1559//9535 1577//9536 1594//9537
f 1603//9538 1615//9539 1594//9540
f 1615//9541 1645//9542 1644//9543
f 1637//9544 1662//9545 1645//9546
f 1662//9547 1199//9548 1092//9549
f 1199//9550 1149//9551 1092//9552
f 1451//9553 1108//9554 1149//9555
f 665//9556 734//9557 756//9558
f 1865//9559 1700//9560 1714//9561
f 1709//9562 1841//9563 1794//9564
f 1618//9565 2022//9566 1579//9567
f 1648//9568 1413//9569 1369//9570
f 1521//9571 1648//9572 1369//9573
f 1520//9574 11//9575 1401//9576
f 1446//9577 1470//9578 1434//9579
f 1798//9580 1691//9581 1754//9582
f 2063//9583 1544//9584 2073//9585
f 2073//9586 1544//9587 1549//9588
f 1594//9589 1577//9590 1603//9591
f 1615//9592 1637//9593 1645//9594
f 1637//9595 1199//9596 1662//9597
f 1427//9598 1149//9599 1199//9600
f 2167//9601 1108//9602 1451//9603
f 1997//9604 1673//9605 1705//9606
f 1706//9607 1799//9608 1705//9609
f 1841//9610 1709//9611 1757//9612
f 1604//9613 1579//9614 2022//9615
f 1579//9616 707//9617 80//9618
f 80//9619 707//9620 1648//9621
f 1520//9622 1401//9623 1491//9624
f 1649//9625 1520//9626 1491//9627
f 1435//9628 1434//9629 1885//9630
f 1470//9631 1469//9632 1461//9633
f 1481//9634 1508//9635 2024//9636
f 2370//9637 1544//9638 2063//9639
f 1549//9640 1568//9641 1559//9642
f 1559//9643 1568//9644 1577//9645
f 1603//9646 1610//9647 1615//9648
f 1615//9649 1610//9650 1637//9651
f 999//9652 1199//9653 1637//9654
f 1451//9655 1149//9656 1427//9657
f 1137//9658 1825//9659 1148//9660
f 1706//9661 1705//9662 1673//9663
f 1138//9664 1604//9665 2116//9666
f 1138//9667 1579//9668 1604//9669
f 1413//9670 1648//9671 707//9672
f 2360//9673 2024//9674 1508//9675
f 598//9676 1075//9677 1116//9678
f 229//9679 93//9680 1468//9681
f 1839//9682 1479//9683 1684//9684
f 2216//9685 2229//9686 2224//9687
f 1610//9688 1625//9689 1637//9690
f 329//9691 999//9692 1637//9693
f 1199//9694 1017//9695 1427//9696
f 1017//9697 303//9698 1427//9699
f 303//9700 1451//9701 1427//9702
f 1792//9703 1754//9704 1777//9705
f 2309//9706 2391//9707 2301//9708
f 1655//9709 1138//9710 2116//9711
f 1138//9712 707//9713 1579//9714
f 1649//9715 1491//9716 206//9717
f 1406//9718 1885//9719 1398//9720
f 1406//9721 1419//9722 1885//9723
f 1419//9724 1435//9725 1885//9726
f 1434//9727 1435//9728 1446//9729
f 1470//9730 1481//9731 1469//9732
f 1577//9733 1583//9734 1603//9735
f 999//9736 1017//9737 1199//9738
f 81//9739 67//9740 941//9741
f 67//9742 1650//9743 941//9744
f 1259//9745 1815//9746 2164//9747
f 1619//9748 2116//9749 2045//9750
f 1424//9751 707//9752 1138//9753
f 1702//9754 1649//9755 206//9756
f 1687//9757 1406//9758 1398//9759
f 1477//9760 1481//9761 1470//9762
f 1568//9763 1569//9764 1577//9765
f 1577//9766 1569//9767 1583//9768
f 1603//9769 1583//9770 1610//9771
f 1625//9772 329//9773 1637//9774
f 2167//9775 340//9776 273//9777
f 81//9778 273//9779 340//9780
f 81//9781 962//9782 67//9783
f 1547//9784 1619//9785 1488//9786
f 1830//9787 1739//9788 1770//9789
f 938//9790 1424//9791 1138//9792
f 1424//9793 1413//9794 707//9795
f 1527//9796 1649//9797 1702//9798
f 1527//9799 1520//9800 1649//9801
f 1527//9802 1268//9803 1520//9804
f 1250//9805 1406//9806 1687//9807
f 1441//9808 1353//9809 1115//9810
f 1203//9811 1413//9812 1051//9813
f 1250//9814 1419//9815 1406//9816
f 1477//9817 2372//9818 1481//9819
f 1481//9820 2372//9821 1508//9822
f 2449//9823 1560//9824 1568//9825
f 1549//9826 2449//9827 1568//9828
f 1568//9829 1560//9830 1569//9831
f 1569//9832 1584//9833 1583//9834
f 1652//9835 329//9836 1625//9837
f 329//9838 817//9839 999//9840
f 285//9841 1017//9842 999//9843
f 303//9844 10//9845 1451//9846
f 10//9847 2167//9848 1451//9849
f 1412//9850 1650//9851 67//9852
f 1412//9853 1488//9854 1650//9855
f 1547//9856 1023//9857 1619//9858
f 1023//9859 1655//9860 1619//9861
f 1655//9862 938//9863 1138//9864
f 1456//9865 1413//9866 1424//9867
f 1457//9868 1470//9869 1446//9870
f 1457//9871 1477//9872 1470//9873
f 329//9874 1652//9875 817//9876
f 10//9877 340//9878 2167//9879
f 938//9880 1546//9881 1424//9882
f 1546//9883 1456//9884 1424//9885
f 1259//9886 1548//9887 1779//9888
f 2052//9889 2031//9890 1990//9891
f 1440//9892 1202//9893 1478//9894
f 1428//9895 1419//9896 1250//9897
f 1428//9898 1435//9899 1419//9900
f 1428//9901 1446//9902 1435//9903
f 1934//9904 1935//9905 1955//9906
f 1560//9907 1584//9908 1569//9909
f 1610//9910 1638//9911 1625//9912
f 1638//9913 1652//9914 1625//9915
f 817//9916 1077//9917 999//9918
f 1077//9919 285//9920 999//9921
f 980//9922 303//9923 1017//9924
f 962//9925 1412//9926 67//9927
f 1494//9928 1023//9929 1547//9930
f 325//9931 271//9932 1270//9933
f 1443//9934 1511//9935 1496//9936
f 1450//9937 1268//9938 1527//9939
f 1514//9940 1353//9941 1441//9942
f 1287//9943 1446//9944 1428//9945
f 1446//9946 1287//9947 1457//9948
f 1305//9949 2372//9950 1477//9951
f 1992//9952 1990//9953 1991//9954
f 1992//9955 1991//9956 1971//9957
f 1971//9958 1991//9959 1955//9960
f 2449//9961 1549//9962 2418//9963
f 1583//9964 1616//9965 1610//9966
f 1610//9967 1616//9968 1638//9969
f 10//9970 1396//9971 340//9972
f 340//9973 1445//9974 81//9975
f 1445//9976 962//9977 81//9978
f 1790//9979 984//9980 1753//9981
f 984//9982 2148//9983 1753//9984
f 1588//9985 1713//9986 1770//9987
f 969//9988 978//9989 958//9990
f 1741//9991 1779//9992 1703//9993
f 1758//9994 1846//9995 1754//9996
f 1827//9997 1819//9998 1029//9999
f 1818//10000 1530//10001 1712//10002
f 1750//10003 1566//10004 2127//10005
f 2459//10006 2434//10007 2483//10008
f 1798//10009 1720//10010 1771//10011
f 1794//10012 1841//10013 1803//10014
f 216//10015 1755//10016 1810//10017
f 1098//10018 1735//10019 1748//10020
f 1735//10021 1497//10022 1748//10023
f 1502//10024 2102//10025 1601//10026
f 881//10027 1502//10028 1601//10029
f 1455//10030 1839//10031 1744//10032
f 1706//10033 1709//10034 1680//10035
f 1212//10036 1741//10037 1703//10038
f 1788//10039 1969//10040 1671//10041
f 1075//10042 1074//10043 1692//10044
f 951//10045 2500//10046 881//10047
f 2490//10048 2486//10049 2463//10050
f 1748//10051 1497//10052 1781//10053
f 1721//10054 984//10055 1840//10056
f 1815//10057 1259//10058 1741//10059
f 1626//10060 1756//10061 1837//10062
f 975//10063 987//10064 1542//10065
f 2230//10066 2236//10067 2235//10068
f 1772//10069 678//10070 734//10071
f 1542//10072 1671//10073 975//10074
f 1806//10075 1772//10076 1780//10077
f 678//10078 1772//10079 1806//10080
f 2218//10081 2225//10082 2268//10083
f 1828//10084 1732//10085 2007//10086
f 1526//10087 1688//10088 1531//10089
f 1752//10090 1526//10091 1554//10092
f 1844//10093 1818//10094 1712//10095
f 1823//10096 1846//10097 1804//10098
f 1781//10099 1669//10100 1704//10101
f 1721//10102 1779//10103 2143//10104
f 1770//10105 1670//10106 1526//10107
f 1497//10108 1669//10109 1781//10110
f 1098//10111 1713//10112 1735//10113
f 1742//10114 1815//10115 1741//10116
f 1526//10117 858//10118 1875//10119
f 1599//10120 1531//10121 1688//10122
f 1803//10123 1790//10124 1558//10125
f 1703//10126 1721//10127 1683//10128
f 1832//10129 1766//10130 957//10131
f 1542//10132 1679//10133 1671//10134
f 1679//10135 1788//10136 1671//10137
f 1927//10138 1819//10139 1827//10140
f 1718//10141 1745//10142 1739//10143
f 1684//10144 1022//10145 1839//10146
f 1459//10147 1283//10148 1299//10149
f 1022//10150 1410//10151 1418//10152
f 2368//10153 2393//10154 2326//10155
f 1669//10156 1497//10157 1776//10158
f 1875//10159 858//10160 1212//10161
f 1739//10162 1745//10163 852//10164
f 1964//10165 1918//10166 1461//10167
f 1356//10168 133//10169 1331//10170
f 1765//10171 1829//10172 1468//10173
f 858//10174 1742//10175 1741//10176
f 1006//10177 1674//10178 1021//10179
f 1723//10180 1936//10181 1935//10182
f 1468//10183 1713//10184 1098//10185
f 1724//10186 1678//10187 1476//10188
f 1680//10189 1783//10190 908//10191
f 1731//10192 1543//10193 520//10194
f 1683//10195 1721//10196 1840//10197
f 1467//10198 1679//10199 1542//10200
f 1812//10201 1708//10202 1846//10203
f 1679//10204 1975//10205 1788//10206
f 1713//10207 1830//10208 1770//10209
f 1803//10210 1722//10211 1790//10212
f 2301//10213 2391//10214 2349//10215
f 1713//10216 1588//10217 1735//10218
f 1836//10219 1530//10220 1818//10221
f 1837//10222 1756//10223 861//10224
f 886//10225 571//10226 556//10227
f 1181//10228 1805//10229 1812//10230
f 1706//10231 1680//10232 1755//10233
f 1677//10234 1729//10235 1775//10236
f 1776//10237 1787//10238 1669//10239
f 1526//10240 1670//10241 1672//10242
f 1727//10243 1770//10244 1526//10245
f 987//10246 1467//10247 1542//10248
f 1567//10249 1704//10250 1137//10251
f 1693//10252 1865//10253 1714//10254
f 897//10255 1762//10256 912//10257
f 1135//10258 1697//10259 1062//10260
f 1697//10261 376//10262 1062//10263
f 1543//10264 1731//10265 1678//10266
f 1793//10267 1679//10268 1467//10269
f 1777//10270 1602//10271 1760//10272
f 1846//10273 1798//10274 1754//10275
f 1835//10276 1096//10277 1677//10278
f 1033//10279 1030//10280 940//10281
f 1450//10282 1527//10283 1702//10284
f 1717//10285 376//10286 1697//10287
f 1711//10288 1717//10289 1697//10290
f 1717//10291 165//10292 376//10293
f 1840//10294 984//10295 1790//10296
f 1669//10297 1746//10298 1704//10299
f 1669//10300 1682//10301 1746//10302
f 2301//10303 2349//10304 2308//10305
f 1882//10306 1444//10307 1898//10308
f 1820//10309 1789//10310 1730//10311
f 861//10312 1380//10313 1566//10314
f 2301//10315 2308//10316 2266//10317
f 1771//10318 1543//10319 1691//10320
f 1958//10321 1659//10322 1651//10323
f 1697//10324 1360//10325 1711//10326
f 1711//10327 1737//10328 1717//10329
f 1717//10330 1737//10331 165//10332
f 1790//10333 1753//10334 1558//10335
f 1668//10336 1696//10337 1663//10338
f 1360//10339 1702//10340 1711//10341
f 1702//10342 1707//10343 1711//10344
f 1707//10345 1737//10346 1711//10347
f 1737//10348 1751//10349 165//10350
f 1444//10351 1782//10352 1693//10353
f 1716//10354 1787//10355 1599//10356
f 1744//10357 1839//10358 1022//10359
f 1898//10360 1444//10361 1785//10362
f 206//10363 1707//10364 1702//10365
f 1764//10366 2468//10367 1751//10368
f 316//10369 1844//10370 893//10371
f 893//10372 1844//10373 915//10374
f 1845//10375 1804//10376 1758//10377
f 1380//10378 861//10379 1756//10380
f 1780//10381 670//10382 1021//10383
f 1714//10384 2172//10385 1763//10386
f 1783//10387 1558//10388 1663//10389
f 1750//10390 2127//10391 1465//10392
f 1798//10393 1771//10394 1691//10395
f 1691//10396 1543//10397 1724//10398
f 1872//10399 1910//10400 839//10401
f 1737//10402 2044//10403 1751//10404
f 1751//10405 2044//10406 1764//10407
f 1757//10408 1701//10409 482//10410
f 1725//10411 1602//10412 1777//10413
f 1836//10414 1845//10415 1530//10416
f 2102//10417 2470//10418 1503//10419
f 2496//10420 1899//10421 544//10422
f 763//10423 2484//10424 946//10425
f 987//10426 1719//10427 1467//10428
f 1845//10429 1758//10430 1792//10431
f 1725//10432 1837//10433 1602//10434
f 1872//10435 1866//10436 1873//10437
f 1712//10438 1530//10439 1760//10440
f 489//10441 1799//10442 216//10443
f 1760//10444 861//10445 1750//10446
f 2068//10447 2466//10448 2460//10449
f 1696//10450 2159//10451 2168//10452
f 377//10453 1377//10454 1280//10455
f 1797//10456 1676//10457 1572//10458
f 1581//10459 2053//10460 1572//10461
f 1676//10462 1581//10463 1572//10464
f 1764//10465 2498//10466 2468//10467
f 2468//10468 2498//10469 1994//10470
f 1861//10471 1695//10472 1860//10473
f 2481//10474 2004//10475 2495//10476
f 1826//10477 1677//10478 1523//10479
f 1670//10480 1739//10481 852//10482
f 2234//10483 2269//10484 2253//10485
f 1724//10486 1543//10487 1678//10488
f 1658//10489 2168//10490 1791//10491
f 1397//10492 1747//10493 1719//10494
f 1696//10495 2168//10496 1658//10497
f 979//10498 519//10499 272//10500
f 1774//10501 1975//10502 1679//10503
f 975//10504 1671//10505 932//10506
f 1787//10507 1716//10508 1682//10509
f 1835//10510 1826//10511 1747//10512
f 2501//10513 2469//10514 961//10515
f 1810//10516 908//10517 1791//10518
f 1982//10519 1768//10520 191//10521
f 1137//10522 1704//10523 1825//10524
f 1804//10525 1846//10526 1758//10527
f 2004//10528 2044//10529 1737//10530
f 913//10531 1969//10532 902//10533
f 2498//10534 1795//10535 1801//10536
f 915//10537 1844//10538 1712//10539
f 1689//10540 915//10541 1712//10542
f 1740//10543 1752//10544 1541//10545
f 695//10546 661//10547 199//10548
f 1865//10549 1693//10550 1782//10551
f 1824//10552 1464//10553 1809//10554
f 1829//10555 1765//10556 1718//10557
f 1816//10558 1768//10559 1982//10560
f 1816//10561 1622//10562 1768//10563
f 1622//10564 2165//10565 1681//10566
f 1768//10567 1622//10568 1681//10569
f 670//10570 1772//10571 228//10572
f 1283//10573 1459//10574 52//10575
f 1785//10576 1444//10577 1749//10578
f 1675//10579 1075//10580 1685//10581
f 1567//10582 1781//10583 1704//10584
f 1858//10585 1857//10586 1848//10587
f 1526//10588 1752//10589 1688//10590
f 1791//10591 2160//10592 1810//10593
f 908//10594 1658//10595 1791//10596
f 1813//10597 1773//10598 1558//10599
f 1845//10600 1792//10601 1530//10602
f 69//10603 376//10604 165//10605
f 3//10606 1832//10607 1834//10608
f 1722//10609 1516//10610 1507//10611
f 1801//10612 1821//10613 1994//10614
f 1833//10615 1982//10616 2046//10617
f 1821//10618 1833//10619 2046//10620
f 1833//10621 1816//10622 1982//10623
f 1022//10624 1785//10625 1749//10626
f 2160//10627 2170//10628 1810//10629
f 1147//10630 1719//10631 1726//10632
f 1683//10633 1840//10634 1507//10635
f 1467//10636 1719//10637 1793//10638
f 1795//10639 1802//10640 1801//10641
f 1802//10642 1811//10643 1801//10644
f 1801//10645 1811//10646 1821//10647
f 1690//10648 2165//10649 1622//10650
f 1934//10651 1480//10652 1925//10653
f 229//10654 1468//10655 1091//10656
f 1780//10657 2164//10658 1742//10659
f 1672//10660 1742//10661 858//10662
f 1833//10663 1417//10664 1816//10665
f 1417//10666 1622//10667 1816//10668
f 1831//10669 2165//10670 1690//10671
f 1668//10672 1663//10673 1558//10674
f 1719//10675 1747//10676 1826//10677
f 1760//10678 1750//10679 1664//10680
f 1817//10681 1690//10682 1622//10683
f 1530//10684 1792//10685 1777//10686
f 948//10687 1796//10688 1802//10689
f 1796//10690 1811//10691 1802//10692
f 1515//10693 1817//10694 1622//10695
f 1695//10696 1861//10697 1831//10698
f 1783//10699 1663//10700 1658//10701
f 1749//10702 1410//10703 1022//10704
f 854//10705 1796//10706 948//10707
f 1811//10708 1842//10709 1833//10710
f 1821//10711 1811//10712 1833//10713
f 1833//10714 1842//10715 1417//10716
f 1622//10717 1417//10718 1515//10719
f 127//10720 1804//10721 1845//10722
f 1686//10723 1626//10724 1837//10725
f 1608//10726 1690//10727 1817//10728
f 1523//10729 1775//10730 1762//10731
f 127//10732 1845//10733 1836//10734
f 1812//10735 1805//10736 1708//10737
f 1523//10738 1677//10739 1775//10740
f 1780//10741 1772//10742 670//10743
f 1758//10744 1754//10745 1792//10746
f 1204//10747 1796//10748 854//10749
f 1822//10750 1842//10751 1811//10752
f 1608//10753 1831//10754 1690//10755
f 1822//10756 1811//10757 1796//10758
f 1842//10759 1416//10760 1417//10761
f 1417//10762 1416//10763 1515//10764
f 1515//10765 1608//10766 1817//10767
f 1728//10768 1831//10769 1608//10770
f 908//10771 1783//10772 1658//10773
f 127//10774 1836//10775 316//10776
f 1805//10777 1148//10778 1824//10779
f 852//10780 1745//10781 1672//10782
f 1478//10783 1093//10784 1928//10785
f 1822//10786 1843//10787 1842//10788
f 1843//10789 959//10790 1842//10791
f 1842//10792 959//10793 1416//10794
f 1728//10795 1695//10796 1831//10797
f 1728//10798 1860//10799 1695//10800
f 2346//10801 446//10802 2337//10803
f 1602//10804 1837//10805 861//10806
f 1087//10807 1096//10808 1835//10809
f 1708//10810 1824//10811 1809//10812
f 2004//10813 1737//10814 505//10815
f 1567//10816 1748//10817 1781//10818
f 520//10819 1543//10820 1883//10821
f 1760//10822 1664//10823 1712//10824
f 128//10825 1336//10826 72//10827
f 2053//10828 1883//10829 1543//10830
f 1822//10831 180//10832 1843//10833
f 1786//10834 1608//10835 1515//10836
f 929//10837 2462//10838 519//10839
f 512//10840 2402//10841 506//10842
f 1212//10843 1703//10844 1683//10845
f 1830//10846 1829//10847 1739//10848
f 2053//10849 1543//10850 1771//10851
f 1416//10852 1769//10853 1515//10854
f 1769//10855 1786//10856 1515//10857
f 1786//10858 1728//10859 1608//10860
f 1712//10861 1808//10862 1689//10863
f 1794//10864 1558//10865 1783//10866
f 1497//10867 1735//10868 1776//10869
f 1127//10870 1567//10871 1137//10872
f 1123//10873 1748//10874 1567//10875
f 36//10876 205//10877 1185//10878
f 959//10879 1734//10880 1416//10881
f 1738//10882 1733//10883 1541//10884
f 1774//10885 1762//10886 1974//10887
f 1752//10888 1554//10889 1541//10890
f 1752//10891 1740//10892 1688//10893
f 1526//10894 1875//10895 1554//10896
f 1468//10897 1829//10898 1830//10899
f 1755//10900 908//10901 1810//10902
f 1716//10903 1599//10904 1814//10905
f 1806//10906 1780//10907 1742//10908
f 2308//10909 2349//10910 2340//10911
f 1832//10912 915//10913 1689//10914
f 1713//10915 1468//10916 1830//10917
f 1814//10918 1599//10919 1346//10920
f 1832//10921 1689//10922 1766//10923
f 1022//10924 1684//10925 1785//10926
f 1093//10927 1153//10928 1116//10929
f 1672//10930 678//10931 1742//10932
f 1675//10933 1685//10934 1093//10935
f 1841//10936 1743//10937 1722//10938
f 1814//10939 2053//10940 1581//10941
f 1464//10942 1746//10943 1809//10944
f 2485//10945 2497//10946 2493//10947
f 1416//10948 1734//10949 1769//10950
f 1665//10951 1728//10952 1786//10953
f 1665//10954 1951//10955 1728//10956
f 1951//10957 1860//10958 1728//10959
f 1951//10960 2094//10961 1860//10962
f 1844//10963 1836//10964 1818//10965
f 316//10966 1836//10967 1844//10968
f 1776//10969 1531//10970 1787//10971
f 1719//10972 1826//10973 1793//10974
f 2147//10975 1401//10976 29//10977
f 2111//10978 2121//10979 1548//10980
f 1741//10981 1259//10982 1779//10983
f 1843//10984 347//10985 1834//10986
f 1843//10987 1734//10988 959//10989
f 1766//10990 1769//10991 1734//10992
f 957//10993 1766//10994 1734//10995
f 1766//10996 1786//10997 1769//10998
f 1766//10999 1689//11000 1786//11001
f 1689//11002 1665//11003 1786//11004
f 1754//11005 1691//11006 1777//11007
f 1507//11008 1840//11009 1790//11010
f 1761//11011 1470//11012 1461//11013
f 1523//11014 1679//11015 1793//11016
f 1091//11017 1468//11018 1098//11019
f 1820//11020 1730//11021 1838//11022
f 1843//11023 1834//11024 1734//11025
f 1808//11026 1951//11027 1665//11028
f 1588//11029 1727//11030 1531//11031
f 893//11032 915//11033 1832//11034
f 1523//11035 1774//11036 1679//11037
f 272//11038 2488//11039 710//11040
f 1093//11041 1116//11042 1675//11043
f 2340//11044 2349//11045 2348//11046
f 1832//11047 1734//11048 1834//11049
f 1832//11050 957//11051 1734//11052
f 1951//11053 1808//11054 2094//11055
f 1685//11056 1692//11057 1505//11058
f 1043//11059 295//11060 698//11061
f 2143//11062 1779//11063 2121//11064
f 1689//11065 1808//11066 1665//11067
f 1693//11068 1714//11069 1763//11070
f 1738//11071 2157//11072 1516//11073
f 1114//11074 1921//11075 236//11076
f 1268//11077 1333//11078 1520//11079
f 1149//11080 1108//11081 431//11082
f 508//11083 2144//11084 1912//11085
f 1957//11086 1108//11087 1537//11088
f 431//11089 1108//11090 1957//11091
f 1018//11092 1108//11093 2167//11094
f 1338//11095 1957//11096 1681//11097
f 2163//11098 1957//11099 1338//11100
f 1983//11101 1390//11102 2093//11103
f 30//11104 557//11105 37//11106
f 1714//11107 2173//11108 2172//11109
f 1983//11110 1984//11111 1390//11112
f 1984//11113 2065//11114 1390//11115
f 884//11116 1762//11117 897//11118
f 2065//11119 1984//11120 1214//11121
f 1950//11122 1974//11123 1762//11124
f 884//11125 1950//11126 1762//11127
f 2012//11128 1698//11129 1861//11130
f 1214//11131 2116//11132 803//11133
f 1950//11134 1938//11135 1974//11136
f 1938//11137 1967//11138 1974//11139
f 1900//11140 1761//11141 1461//11142
f 865//11143 1929//11144 884//11145
f 884//11146 1929//11147 1950//11148
f 2062//11149 2071//11150 2042//11151
f 919//11152 1985//11153 1732//11154
f 1593//11155 502//11156 2146//11157
f 1995//11158 1213//11159 2098//11160
f 1522//11161 2476//11162 1651//11163
f 2174//11164 1849//11165 2175//11166
f 1480//11167 1989//11168 1499//11169
f 1929//11170 1938//11171 1950//11172
f 1605//11173 2058//11174 1574//11175
f 2097//11176 1605//11177 2133//11178
f 1912//11179 2014//11180 1886//11181
f 2092//11182 2082//11183 2083//11184
f 206//11185 1930//11186 505//11187
f 2101//11188 2100//11189 2092//11190
f 2073//11191 2101//11192 2092//11193
f 839//11194 1910//11195 865//11196
f 1910//11197 1901//11198 1929//11199
f 865//11200 1910//11201 1929//11202
f 1967//11203 1788//11204 1975//11205
f 2073//11206 2092//11207 2063//11208
f 2101//11209 1593//11210 2100//11211
f 2015//11212 1876//11213 1698//11214
f 1853//11215 1884//11216 2014//11217
f 1831//11218 1698//11219 2165//11220
f 1316//11221 273//11222 81//11223
f 1901//11224 1920//11225 1929//11226
f 1929//11227 1920//11228 1938//11229
f 1920//11230 1968//11231 1967//11232
f 1938//11233 1920//11234 1967//11235
f 1849//11236 2174//11237 1700//11238
f 2173//11239 1700//11240 2174//11241
f 2062//11242 2072//11243 2091//11244
f 803//11245 2467//11246 2059//11247
f 2239//11248 1736//11249 2240//11250
f 1505//11251 1357//11252 1685//11253
f 1358//11254 1686//11255 1476//11256
f 1967//11257 1968//11258 1788//11259
f 1968//11260 1969//11261 1788//11262
f 2065//11263 2110//11264 2156//11265
f 2065//11266 1214//11267 2110//11268
f 2110//11269 1214//11270 503//11271
f 273//11272 2093//11273 1018//11274
f 273//11275 1983//11276 2093//11277
f 532//11278 1886//11279 2155//11280
f 2034//11281 2021//11282 1947//11283
f 216//11284 1810//11285 585//11286
f 1912//11287 543//11288 2014//11289
f 1390//11290 2051//11291 1537//11292
f 1872//11293 1873//11294 1910//11295
f 1984//11296 2045//11297 1214//11298
f 597//11299 1912//11300 1886//11301
f 1593//11302 2146//11303 2100//11304
f 2071//11305 2062//11306 2090//11307
f 2034//11308 2046//11309 1982//11310
f 2034//11311 1947//11312 2046//11313
f 1214//11314 2045//11315 2116//11316
f 1873//11317 1887//11318 1910//11319
f 1887//11320 1901//11321 1910//11322
f 1562//11323 1447//11324 1106//11325
f 2163//11326 431//11327 1957//11328
f 1948//11329 1972//11330 1936//11331
f 1972//11332 1948//11333 1992//11334
f 2014//11335 2015//11336 2013//11337
f 1853//11338 2014//11339 2013//11340
f 1550//11341 1884//11342 1853//11343
f 1947//11344 2468//11345 1994//11346
f 1355//11347 1550//11348 2154//11349
f 1355//11350 1884//11351 1550//11352
f 2081//11353 2108//11354 2128//11355
f 2024//11356 1965//11357 1492//11358
f 2024//11359 2032//11360 1965//11361
f 2116//11362 1604//11363 803//11364
f 1901//11365 1911//11366 1920//11367
f 1939//11368 1968//11369 1920//11370
f 1911//11371 1939//11372 1920//11373
f 872//11374 1626//11375 1666//11376
f 2062//11377 2091//11378 2120//11379
f 1819//11380 1927//11381 1759//11382
f 1021//11383 1674//11384 1780//11385
f 872//11386 1673//11387 1756//11388
f 1550//11389 501//11390 2171//11391
f 1378//11392 1550//11393 2171//11394
f 2146//11395 2162//11396 2145//11397
f 1358//11398 482//11399 192//11400
f 2109//11401 2120//11402 2119//11403
f 1866//11404 1872//11405 2227//11406
f 1391//11407 2012//11408 1860//11409
f 2136//11410 2137//11411 2161//11412
f 2162//11413 1661//11414 236//11415
f 1887//11416 1894//11417 1901//11418
f 1901//11419 1894//11420 1911//11421
f 505//11422 1707//11423 206//11424
f 2120//11425 2137//11426 2136//11427
f 2142//11428 2164//11429 1674//11430
f 1860//11431 2012//11432 1861//11433
f 1894//11434 1939//11435 1911//11436
f 2080//11437 2060//11438 2118//11439
f 2162//11440 236//11441 508//11442
f 2164//11443 1815//11444 1742//11445
f 1018//11446 2093//11447 1537//11448
f 2154//11449 1378//11450 2161//11451
f 2041//11452 2098//11453 2491//11454
f 2043//11455 2042//11456 2032//11457
f 1108//11458 1018//11459 1537//11460
f 1465//11461 2094//11462 1808//11463
f 502//11464 1643//11465 1661//11466
f 2467//11467 1618//11468 1656//11469
f 2119//11470 2136//11471 2135//11472
f 2119//11473 2108//11474 2071//11475
f 878//11476 1183//11477 1195//11478
f 2101//11479 1594//11480 1593//11481
f 2033//11482 2370//11483 2063//11484
f 2482//11485 2491//11486 2098//11487
f 1282//11488 2406//11489 1275//11490
f 2003//11491 1948//11492 1956//11493
f 2043//11494 2032//11495 2024//11496
f 2025//11497 2043//11498 2024//11499
f 2154//11500 1550//11501 1378//11502
f 1795//11503 2498//11504 1764//11505
f 2142//11506 1548//11507 2164//11508
f 2431//11509 2454//11510 2422//11511
f 1981//11512 2011//11513 1993//11514
f 2349//11515 2391//11516 2362//11517
f 502//11518 2162//11519 2146//11520
f 2025//11521 2024//11522 2360//11523
f 2129//11524 2120//11525 2091//11526
f 1732//11527 1985//11528 2007//11529
f 2171//11530 1308//11531 209//11532
f 1930//11533 1995//11534 2041//11535
f 1390//11536 1238//11537 2051//11538
f 1866//11539 1878//11540 1887//11541
f 1878//11542 1894//11543 1887//11544
f 1965//11545 2032//11546 2011//11547
f 874//11548 2480//11549 2492//11550
f 2071//11551 2108//11552 2069//11553
f 1358//11554 1731//11555 482//11556
f 430//11557 2021//11558 2034//11559
f 1965//11560 2003//11561 1964//11562
f 1855//11563 1889//11564 831//11565
f 1668//11566 1773//11567 2150//11568
f 1390//11569 2156//11570 1238//11571
f 898//11572 869//11573 1903//11574
f 2391//11575 2407//11576 2362//11577
f 2121//11578 2111//11579 2074//11580
f 1548//11581 1259//11582 2164//11583
f 2099//11584 2129//11585 2091//11586
f 1550//11587 1853//11588 501//11589
f 1853//11590 1852//11591 501//11592
f 952//11593 2017//11594 969//11595
f 2085//11596 2121//11597 2074//11598
f 2130//11599 2006//11600 1391//11601
f 2144//11602 1367//11603 543//11604
f 2100//11605 2146//11606 2099//11607
f 1545//11608 1319//11609 113//11610
f 1903//11611 1922//11612 898//11613
f 1922//11614 1931//11615 898//11616
f 585//11617 2170//11618 1641//11619
f 2007//11620 2017//11621 952//11622
f 2017//11623 2074//11624 969//11625
f 1558//11626 1753//11627 1813//11628
f 837//11629 2005//11630 1517//11631
f 2005//11632 2006//11633 2130//11634
f 1532//11635 1474//11636 1528//11637
f 2003//11638 1981//11639 1948//11640
f 2070//11641 2071//11642 2069//11643
f 1922//11644 919//11645 1931//11646
f 2017//11647 2085//11648 2074//11649
f 2085//11650 2104//11651 2121//11652
f 2100//11653 2099//11654 2082//11655
f 2156//11656 2110//11657 2034//11658
f 505//11659 2474//11660 2004//11661
f 1903//11662 871//11663 1922//11664
f 1922//11665 1952//11666 919//11667
f 919//11668 1952//11669 1985//11670
f 1985//11671 2001//11672 2007//11673
f 2001//11674 2036//11675 2017//11676
f 2007//11677 2001//11678 2017//11679
f 2017//11680 2036//11681 2085//11682
f 2036//11683 2047//11684 2085//11685
f 2047//11686 2075//11687 2085//11688
f 2075//11689 2104//11690 2085//11691
f 1948//11692 1993//11693 2023//11694
f 2400//11695 2422//11696 2407//11697
f 2011//11698 2070//11699 1993//11700
f 2033//11701 2043//11702 2025//11703
f 2012//11704 2015//11705 1698//11706
f 1876//11707 1338//11708 2165//11709
f 871//11710 1940//11711 1922//11712
f 1985//11713 1976//11714 2001//11715
f 2121//11716 2104//11717 2143//11718
f 1051//11719 1413//11720 1456//11721
f 2358//11722 1362//11723 2379//11724
f 1859//11725 1789//11726 1870//11727
f 2090//11728 2109//11729 2071//11730
f 1405//11731 1398//11732 1885//11733
f 1886//11734 1884//11735 1355//11736
f 1922//11737 1960//11738 1952//11739
f 1952//11740 1960//11741 1985//11742
f 1960//11743 1976//11744 1985//11745
f 1956//11746 1948//11747 1936//11748
f 2135//11749 209//11750 2128//11751
f 2157//11752 1875//11753 1212//11754
f 2160//11755 2168//11756 2169//11757
f 1900//11758 1461//11759 1918//11760
f 2001//11761 2018//11762 2036//11763
f 2075//11764 2086//11765 2104//11766
f 2111//11767 2142//11768 2103//11769
f 1937//11770 1956//11771 1936//11772
f 2023//11773 2070//11774 2061//11775
f 2135//11776 2128//11777 2108//11778
f 2042//11779 2071//11780 2011//11781
f 2138//11782 413//11783 2383//11784
f 2033//11785 2072//11786 2043//11787
f 1922//11788 1940//11789 1960//11790
f 2070//11791 2069//11792 2061//11793
f 2069//11794 2108//11795 2061//11796
f 2108//11797 2119//11798 2135//11799
f 1855//11800 1904//11801 1889//11802
f 1889//11803 1904//11804 871//11805
f 871//11806 1904//11807 1940//11808
f 1976//11809 2018//11810 2001//11811
f 2036//11812 2018//11813 2047//11814
f 2122//11815 2143//11816 2104//11817
f 216//11818 1642//11819 489//11820
f 2148//11821 984//11822 2143//11823
f 1975//11824 1974//11825 1967//11826
f 2157//11827 1683//11828 1516//11829
f 1614//11830 1593//11831 1594//11832
f 2269//11833 2270//11834 2276//11835
f 1926//11836 2147//11837 29//11838
f 2082//11839 2091//11840 2072//11841
f 430//11842 503//11843 2059//11844
f 1904//11845 1905//11846 1940//11847
f 1940//11848 1961//11849 1960//11850
f 1961//11851 1976//11852 1960//11853
f 2087//11854 2086//11855 2075//11856
f 2065//11857 2156//11858 1390//11859
f 1820//11860 1838//11861 1900//11862
f 534//11863 1308//11864 837//11865
f 2167//11866 273//11867 1018//11868
f 831//11869 1850//11870 1855//11871
f 2019//11872 2037//11873 2018//11874
f 2018//11875 2037//11876 2047//11877
f 2037//11878 2075//11879 2047//11880
f 2086//11881 2095//11882 2104//11883
f 2095//11884 2122//11885 2104//11886
f 2122//11887 2148//11888 2143//11889
f 1926//11890 1213//11891 1995//11892
f 1405//11893 1885//11894 1761//11895
f 2006//11896 2013//11897 2012//11898
f 2211//11899 2233//11900 2216//11901
f 1855//11902 1890//11903 1904//11904
f 1904//11905 1895//11906 1905//11907
f 1905//11908 1932//11909 1940//11910
f 1961//11911 1977//11912 1976//11913
f 1976//11914 1986//11915 2018//11916
f 2484//11917 2476//11918 1518//11919
f 1870//11920 1411//11921 1859//11922
f 1548//11923 2142//11924 2111//11925
f 1904//11926 1890//11927 1895//11928
f 1895//11929 1932//11930 1905//11931
f 1940//11932 1932//11933 1961//11934
f 1976//11935 1977//11936 1986//11937
f 1986//11938 2008//11939 2018//11940
f 2018//11941 2008//11942 2019//11943
f 2087//11944 2075//11945 2037//11946
f 2087//11947 2095//11948 2086//11949
f 2094//11950 1391//11951 1860//11952
f 1852//11953 1853//11954 2006//11955
f 1853//11956 2013//11957 2006//11958
f 929//11959 979//11960 850//11961
f 1855//11962 1874//11963 1890//11964
f 2008//11965 2028//11966 2019//11967
f 1993//11968 2070//11969 2023//11970
f 1705//11971 1799//11972 1998//11973
f 1491//11974 2147//11975 206//11976
f 1851//11977 1856//11978 1855//11979
f 1895//11980 1890//11981 1874//11982
f 2038//11983 2019//11984 2028//11985
f 2038//11986 2048//11987 2037//11988
f 2019//11989 2038//11990 2037//11991
f 2048//11992 2067//11993 2087//11994
f 2037//11995 2048//11996 2087//11997
f 2087//11998 2067//11999 2095//12000
f 2095//12001 2149//12002 2122//12003
f 2149//12004 2148//12005 2122//12006
f 1308//12007 2005//12008 837//12009
f 209//12010 1308//12011 1387//12012
f 1601//12013 2102//12014 1927//12015
f 254//12016 170//12017 201//12018
f 1800//12019 1403//12020 1763//12021
f 1510//12022 1346//12023 1740//12024
f 870//12025 871//12026 1903//12027
f 1919//12028 1650//12029 1619//12030
f 2148//12031 1667//12032 1753//12033
f 1932//12034 1923//12035 1961//12036
f 1977//12037 1953//12038 1986//12039
f 2067//12040 2112//12041 2095//12042
f 2112//12043 2149//12044 2095//12045
f 2148//12046 2149//12047 1667//12048
f 2422//12049 2421//12050 2407//12051
f 1926//12052 2026//12053 1213//12054
f 1912//12055 2144//12056 543//12057
f 2128//12058 1387//12059 2153//12060
f 1733//12061 1510//12062 1740//12063
f 990//12064 853//12065 2489//12066
f 503//12067 1214//12068 803//12069
f 1921//12070 431//12071 2163//12072
f 2146//12073 2145//12074 2129//12075
f 2144//12076 1921//12077 2163//12078
f 1855//12079 1856//12080 1874//12081
f 1895//12082 1923//12083 1932//12084
f 1923//12085 1941//12086 1961//12087
f 1961//12088 1941//12089 1977//12090
f 2048//12091 2076//12092 2067//12093
f 2076//12094 2113//12095 2067//12096
f 2067//12097 2113//12098 2112//12099
f 1723//12100 1900//12101 1937//12102
f 1870//12103 1900//12104 1723//12105
f 1367//12106 2163//12107 1338//12108
f 520//12109 1346//12110 1510//12111
f 1698//12112 1831//12113 1861//12114
f 1984//12115 1919//12116 2045//12117
f 1895//12118 1891//12119 1923//12120
f 2008//12121 1986//12122 2028//12123
f 1948//12124 1981//12125 1993//12126
f 1883//12127 1346//12128 520//12129
f 1883//12130 1814//12131 1346//12132
f 1930//12133 206//12134 2147//12135
f 2499//12136 2486//12137 1447//12138
f 1891//12139 1906//12140 1923//12141
f 1923//12142 1953//12143 1941//12144
f 1953//12145 1977//12146 1941//12147
f 1953//12148 1987//12149 1986//12150
f 2113//12151 2123//12152 2112//12153
f 2123//12154 2149//12155 2112//12156
f 1387//12157 1308//12158 1226//12159
f 1599//12160 1688//12161 1346//12162
f 2093//12163 1390//12164 1537//12165
f 2003//12166 2011//12167 1981//12168
f 1987//12169 2028//12170 1986//12171
f 2038//12172 2049//12173 2048//12174
f 2048//12175 2049//12176 2076//12177
f 1813//12178 1667//12179 2149//12180
f 2123//12181 1813//12182 2149//12183
f 1461//12184 1469//12185 1964//12186
f 1757//12187 1510//12188 1743//12189
f 505//12190 1930//12191 1999//12192
f 2223//12193 1784//12194 1789//12195
f 1532//12196 1522//12197 1651//12198
f 1906//12199 1913//12200 1923//12201
f 1913//12202 1943//12203 1923//12204
f 1943//12205 1942//12206 1923//12207
f 1923//12208 1942//12209 1953//12210
f 1942//12211 1987//12212 1953//12213
f 1308//12214 1852//12215 2005//12216
f 2053//12217 1814//12218 1883//12219
f 1733//12220 1740//12221 1541//12222
f 2154//12223 1886//12224 1355//12225
f 1503//12226 1528//12227 1474//12228
f 1874//12229 1879//12230 1895//12231
f 1895//12232 1879//12233 1891//12234
f 2076//12235 2124//12236 2113//12237
f 2113//12238 2124//12239 2123//12240
f 1896//12241 1891//12242 1879//12243
f 1891//12244 1896//12245 1906//12246
f 1942//12247 1962//12248 1987//12249
f 1962//12250 2009//12251 2028//12252
f 1987//12253 1962//12254 2028//12255
f 2009//12256 2038//12257 2028//12258
f 2109//12259 2119//12260 2071//12261
f 1918//12262 1956//12263 1937//12264
f 1851//12265 1864//12266 1856//12267
f 1896//12268 1897//12269 1906//12270
f 1906//12271 1897//12272 1913//12273
f 1943//12274 1962//12275 1942//12276
f 2049//12277 2077//12278 2076//12279
f 2124//12280 2125//12281 2123//12282
f 1930//12283 2147//12284 1926//12285
f 1902//12286 1894//12287 1878//12288
f 482//12289 1510//12290 1757//12291
f 2129//12292 2137//12293 2120//12294
f 503//12295 803//12296 2059//12297
f 1847//12298 1857//12299 1851//12300
f 1851//12301 1857//12302 1864//12303
f 2039//12304 2038//12305 2009//12306
f 2038//12307 2039//12308 2049//12309
f 2076//12310 2077//12311 2124//12312
f 2150//12313 1813//12314 2123//12315
f 482//12316 520//12317 1510//12318
f 1994//12319 1821//12320 2046//12321
f 2044//12322 2004//12323 1764//12324
f 1864//12325 1867//12326 1856//12327
f 1867//12328 1874//12329 1856//12330
f 1897//12331 1944//12332 1913//12333
f 1943//12334 1944//12335 1962//12336
f 2124//12337 2126//12338 2125//12339
f 2150//12340 2123//12341 2125//12342
f 2099//12343 2146//12344 2129//12345
f 2041//12346 1995//12347 2098//12348
f 1605//12349 1641//12350 2151//12351
f 1847//12352 1959//12353 1857//12354
f 1874//12355 1867//12356 1879//12357
f 1913//12358 1944//12359 1943//12360
f 1944//12361 1963//12362 1962//12363
f 2077//12364 2096//12365 2124//12366
f 2096//12367 2126//12368 2124//12369
f 2126//12370 2150//12371 2125//12372
f 941//12373 1650//12374 1919//12375
f 2135//12376 2136//12377 209//12378
f 1884//12379 1886//12380 2014//12381
f 2049//12382 2029//12383 2077//12384
f 1388//12385 2127//12386 1389//12387
f 1389//12388 2127//12389 1566//12390
f 1930//12391 1926//12392 1995//12393
f 941//12394 1919//12395 1316//12396
f 2110//12397 503//12398 430//12399
f 1867//12400 1880//12401 1879//12402
f 1879//12403 1880//12404 1896//12405
f 1897//12406 1907//12407 1944//12408
f 1963//12409 1978//12410 1962//12411
f 1962//12412 1978//12413 2009//12414
f 2039//12415 2029//12416 2049//12417
f 2077//12418 2078//12419 2096//12420
f 822//12421 823//12422 827//12423
f 2166//12424 1668//12425 2150//12426
f 81//12427 941//12428 1316//12429
f 2204//12430 2216//12431 2203//12432
f 2011//12433 2071//12434 2070//12435
f 1880//12436 1892//12437 1896//12438
f 1892//12439 1907//12440 1897//12441
f 1896//12442 1892//12443 1897//12444
f 1907//12445 1914//12446 1944//12447
f 1978//12448 2010//12449 2009//12450
f 2010//12451 2039//12452 2009//12453
f 1688//12454 1740//12455 1346//12456
f 1789//12457 1820//12458 1870//12459
f 2130//12460 1391//12461 2094//12462
f 1944//12463 1945//12464 1963//12465
f 2029//12466 2078//12467 2077//12468
f 1767//12469 2150//12470 2126//12471
f 1767//12472 2166//12473 2150//12474
f 803//12475 2022//12476 2467//12477
f 1503//12478 1927//12479 2102//12480
f 1914//12481 1954//12482 1944//12483
f 1944//12484 1954//12485 1945//12486
f 1963//12487 1970//12488 1978//12489
f 2078//12490 2105//12491 2096//12492
f 2105//12493 2126//12494 2096//12495
f 1965//12496 2011//12497 2003//12498
f 192//12499 1626//12500 1358//12501
f 2101//12502 1559//12503 1594//12504
f 1930//12505 2041//12506 1999//12507
f 1698//12508 1876//12509 2165//12510
f 1398//12511 1871//12512 891//12513
f 2165//12514 1338//12515 1681//12516
f 1970//12517 2010//12518 1978//12519
f 2010//12520 2030//12521 2029//12522
f 2039//12523 2010//12524 2029//12525
f 2030//12526 2055//12527 2078//12528
f 2029//12529 2030//12530 2078//12531
f 1849//12532 1848//12533 2175//12534
f 1871//12535 1862//12536 891//12537
f 543//12538 2015//12539 2014//12540
f 1857//12541 1858//12542 1864//12543
f 1864//12544 1858//12545 1867//12546
f 1963//12547 1945//12548 1970//12549
f 2055//12550 2088//12551 2078//12552
f 2078//12553 2088//12554 2105//12555
f 2105//12556 2131//12557 2126//12558
f 2126//12559 2131//12560 1767//12561
f 2063//12562 2083//12563 2033//12564
f 2161//12565 2171//12566 209//12567
f 2032//12568 2042//12569 2011//12570
f 1813//12571 2150//12572 1773//12573
f 1914//12574 1908//12575 1954//12576
f 1970//12577 1979//12578 2010//12579
f 2088//12580 2131//12581 2105//12582
f 2015//12583 543//12584 1876//12585
f 1694//12586 1692//12587 1048//12588
f 1395//12589 2207//12590 1859//12591
f 1395//12592 1393//12593 2207//12594
f 1730//12595 1784//12596 1736//12597
f 2500//12598 2466//12599 2470//12600
f 1709//12601 1701//12602 1757//12603
f 1945//12604 1979//12605 1970//12606
f 2030//12607 2050//12608 2055//12609
f 2350//12610 2317//12611 2286//12612
f 2154//12613 2155//12614 1886//12615
f 871//12616 860//12617 1889//12618
f 2161//12619 209//12620 2136//12621
f 2497//12622 2463//12623 2493//12624
f 2190//12625 2204//12626 2203//12627
f 1800//12628 2179//12629 1404//12630
f 2477//12631 2469//12632 1385//12633
f 1385//12634 1715//12635 2477//12636
f 2128//12637 209//12638 1387//12639
f 1858//12640 1868//12641 1867//12642
f 1867//12643 1881//12644 1880//12645
f 1893//12646 1892//12647 1880//12648
f 1881//12649 1893//12650 1880//12651
f 1893//12652 1907//12653 1892//12654
f 1907//12655 1908//12656 1914//12657
f 1954//12658 1979//12659 1945//12660
f 1979//12661 1980//12662 2010//12663
f 2131//12664 2159//12665 1767//12666
f 1765//12667 93//12668 339//12669
f 1761//12670 1877//12671 1405//12672
f 523//12673 1347//12674 515//12675
f 1541//12676 2157//12677 1738//12678
f 2144//12679 2163//12680 1367//12681
f 1380//12682 1389//12683 1566//12684
f 2317//12685 2392//12686 2316//12687
f 1994//12688 2498//12689 1801//12690
f 1867//12691 1868//12692 1881//12693
f 1980//12694 2050//12695 2030//12696
f 2010//12697 1980//12698 2030//12699
f 2050//12700 2089//12701 2055//12702
f 2055//12703 2089//12704 2088//12705
f 2088//12706 2114//12707 2131//12708
f 1538//12709 1651//12710 1659//12711
f 2145//12712 2155//12713 2129//12714
f 2140//12715 29//12716 1928//12717
f 2370//12718 2033//12719 2025//12720
f 2252//12721 2239//12722 2240//12723
f 2239//12724 2252//12725 1862//12726
f 2392//12727 2391//12728 2316//12729
f 2469//12730 2501//12731 1385//12732
f 2477//12733 1715//12734 1710//12735
f 502//12736 1614//12737 1643//12738
f 2438//12739 1227//12740 2431//12741
f 1915//12742 1907//12743 1893//12744
f 1915//12745 1908//12746 1907//12747
f 1954//12748 1908//12749 1979//12750
f 1908//12751 1988//12752 1979//12753
f 1979//12754 1988//12755 1980//12756
f 2114//12757 2159//12758 2131//12759
f 2155//12760 2154//12761 2129//12762
f 508//12763 1966//12764 2144//12765
f 872//12766 1756//12767 1626//12768
f 1710//12769 1715//12770 1505//12771
f 236//12772 1966//12773 508//12774
f 2272//12775 2284//12776 1398//12777
f 2325//12778 2355//12779 2319//12780
f 1548//12781 2121//12782 1779//12783
f 1532//12784 1528//12785 1522//12786
f 1980//12787 2056//12788 2050//12789
f 2050//12790 2056//12791 2089//12792
f 2013//12793 2015//12794 2012//12795
f 1964//12796 2003//12797 1956//12798
f 2006//12799 2012//12800 1391//12801
f 1565//12802 1927//12803 1503//12804
f 2244//12805 2243//12806 2226//12807
f 5//12808 1715//12809 1385//12810
f 1858//12811 1848//12812 1868//12813
f 1915//12814 1946//12815 1908//12816
f 1946//12817 1988//12818 1908//12819
f 1980//12820 2020//12821 2056//12822
f 2115//12823 2159//12824 2114//12825
f 2092//12826 2083//12827 2063//12828
f 1398//12829 2284//12830 1687//12831
f 2162//12832 2155//12833 2145//12834
f 519//12835 2475//12836 2488//12837
f 2158//12838 5//12839 1385//12840
f 5//12841 1505//12842 1715//12843
f 1692//12844 1694//12845 1505//12846
f 1988//12847 2020//12848 1980//12849
f 2115//12850 2169//12851 2159//12852
f 2169//12853 2168//12854 2159//12855
f 2083//12856 2082//12857 2072//12858
f 1316//12859 1984//12860 1983//12861
f 1488//12862 1619//12863 1650//12864
f 2083//12865 2072//12866 2033//12867
f 2361//12868 1210//12869 1233//12870
f 1933//12871 1946//12872 1915//12873
f 2056//12874 2079//12875 2089//12876
f 2088//12877 2115//12878 2114//12879
f 2099//12880 2091//12881 2082//12882
f 2162//12883 532//12884 2155//12885
f 1852//12886 2006//12887 2005//12888
f 2023//12889 2061//12890 2052//12891
f 2176//12892 2184//12893 2175//12894
f 2162//12895 985//12896 532//12897
f 1909//12898 1893//12899 1881//12900
f 1909//12901 1915//12902 1893//12903
f 1988//12904 2040//12905 2020//12906
f 2040//12907 2056//12908 2020//12909
f 2089//12910 2079//12911 2088//12912
f 2088//12913 2079//12914 2115//12915
f 1782//12916 1444//12917 1882//12918
f 1216//12919 1215//12920 2320//12921
f 867//12922 1939//12923 1894//12924
f 867//12925 903//12926 1939//12927
f 1372//12928 2398//12929 1379//12930
f 1863//12931 504//12932 2027//12933
f 2158//12934 1385//12935 504//12936
f 1868//12937 1782//12938 1881//12939
f 1909//12940 1933//12941 1915//12942
f 2040//12943 1988//12944 1946//12945
f 1481//12946 2024//12947 1492//12948
f 2120//12949 2136//12950 2119//12951
f 1522//12952 1528//12953 1518//12954
f 1871//12955 1398//12956 1405//12957
f 1221//12958 1408//12959 1399//12960
f 1357//12961 5//12962 2158//12963
f 2179//12964 1800//12965 1763//12966
f 1868//12967 1865//12968 1782//12969
f 1882//12970 1881//12971 1782//12972
f 1882//12973 1909//12974 1881//12975
f 2040//12976 2057//12977 2056//12978
f 2106//12979 2079//12980 2056//12981
f 2057//12982 2106//12983 2056//12984
f 2106//12985 2132//12986 2079//12987
f 2132//12988 2115//12989 2079//12990
f 2115//12991 2132//12992 2169//12993
f 532//12994 985//12995 597//12996
f 2092//12997 2100//12998 2082//12999
f 1210//13000 1221//13001 1399//13002
f 1399//13003 1233//13004 1210//13005
f 2130//13006 2002//13007 1517//13008
f 1849//13009 1865//13010 1868//13011
f 1933//13012 2040//13013 1946//13014
f 52//13015 1269//13016 30//13017
f 1667//13018 1813//13019 1753//13020
f 1997//13021 1380//13022 1673//13023
f 940//13024 1008//13025 1088//13026
f 1947//13027 1994//13028 2046//13029
f 1882//13030 1916//13031 1909//13032
f 1924//13033 1933//13034 1909//13035
f 1533//13036 2040//13037 1933//13038
f 1533//13039 1534//13040 2040//13041
f 2058//13042 2040//13043 1534//13044
f 2058//13045 2057//13046 2040//13047
f 1238//13048 191//13049 1768//13050
f 1997//13051 1389//13052 1380//13053
f 1875//13054 1541//13055 1554//13056
f 1854//13057 504//13058 1863//13059
f 1854//13060 2158//13061 504//13062
f 2396//13063 1275//13064 2406//13065
f 2426//13066 2443//13067 153//13068
f 1916//13069 1924//13070 1909//13071
f 1925//13072 1935//13073 1934//13074
f 1870//13075 1723//13076 1426//13077
f 2058//13078 2097//13079 2057//13080
f 2097//13081 2106//13082 2057//13083
f 2132//13084 2151//13085 2169//13086
f 2151//13087 2160//13088 2169//13089
f 1106//13090 1635//13091 1562//13092
f 1957//13093 1768//13094 1681//13095
f 1957//13096 2051//13097 1768//13098
f 526//13099 535//13100 33//13101
f 1614//13102 1594//13103 1609//13104
f 2233//13105 2229//13106 2216//13107
f 2496//13108 2027//13109 2084//13110
f 2496//13111 1863//13112 2027//13113
f 2117//13114 1854//13115 1863//13116
f 2016//13117 2158//13118 1854//13119
f 2016//13120 1504//13121 1357//13122
f 2158//13123 2016//13124 1357//13125
f 1114//13126 236//13127 1661//13128
f 2129//13129 2154//13130 2137//13131
f 2133//13132 2106//13133 2097//13134
f 2491//13135 1999//13136 2041//13137
f 2051//13138 1238//13139 1768//13140
f 2061//13141 2108//13142 2081//13143
f 2189//13144 2195//13145 2186//13146
f 2348//13147 2349//13148 2362//13149
f 1701//13150 192//13151 482//13152
f 505//13153 1737//13154 1707//13155
f 2133//13156 2132//13157 2106//13158
f 2132//13159 2133//13160 2151//13161
f 2151//13162 2170//13163 2160//13164
f 502//13165 1661//13166 2162//13167
f 1998//13168 1389//13169 1997//13170
f 2297//13171 2352//13172 2329//13173
f 2352//13174 2364//13175 2329//13176
f 2394//13177 2414//13178 2364//13179
f 2352//13180 2394//13181 2364//13182
f 2402//13183 512//13184 2415//13185
f 2255//13186 2254//13187 2243//13188
f 2446//13189 1365//13190 2456//13191
f 2271//13192 2282//13193 2298//13194
f 846//13195 2283//13196 2264//13197
f 2293//13198 2310//13199 2318//13200
f 2254//13201 2295//13202 2294//13203
f 2283//13204 2290//13205 2278//13206
f 2270//13207 2294//13208 2293//13209
f 2423//13210 2455//13211 2400//13212
f 2281//13213 2287//13214 2267//13215
f 2190//13216 2191//13217 2204//13218
f 2271//13219 2263//13220 2282//13221
f 2334//13222 2329//13223 2364//13224
f 2424//13225 2432//13226 2409//13227
f 2282//13228 2263//13229 2298//13230
f 1409//13231 1659//13232 1958//13233
f 2263//13234 2302//13235 2298//13236
f 2297//13237 2329//13238 2296//13239
f 1256//13240 446//13241 2346//13242
f 1958//13243 2502//13244 2478//13245
f 2437//13246 2399//13247 2444//13248
f 263//13249 2366//13250 2359//13251
f 849//13252 827//13253 823//13254
f 2311//13255 2325//13256 2290//13257
f 2499//13258 2379//13259 2434//13260
f 2446//13261 2456//13262 2423//13263
f 947//13264 2358//13265 2379//13266
f 2499//13267 947//13268 2379//13269
f 2205//13270 2195//13271 2212//13272
f 2245//13273 2237//13274 2227//13275
f 2245//13276 2256//13277 2237//13278
f 2256//13279 2263//13280 2271//13281
f 556//13282 571//13283 2305//13284
f 1528//13285 2068//13286 1518//13287
f 2424//13288 2439//13289 2432//13290
f 2302//13291 2352//13292 2297//13293
f 1866//13294 2237//13295 826//13296
f 2248//13297 2242//13298 2211//13299
f 2334//13300 2364//13301 2363//13302
f 2235//13303 2244//13304 2226//13305
f 2255//13306 2295//13307 2254//13308
f 2329//13309 2324//13310 2296//13311
f 2439//13312 2447//13313 1973//13314
f 2329//13315 2334//13316 2324//13317
f 2409//13318 2432//13319 2414//13320
f 2293//13321 2318//13322 2276//13323
f 866//13324 2425//13325 2416//13326
f 1487//13327 1493//13328 2372//13329
f 2237//13330 2231//13331 2230//13332
f 2415//13333 512//13334 17//13335
f 2035//13336 1236//13337 26//13338
f 921//13339 2138//13340 688//13341
f 2491//13342 2482//13343 2462//13344
f 6//13345 181//13346 197//13347
f 2481//13348 948//13349 1795//13350
f 2138//13351 2383//13352 2382//13353
f 2377//13354 2394//13355 2352//13356
f 2377//13357 506//13358 2394//13359
f 2394//13360 506//13361 2402//13362
f 2401//13363 2402//13364 2415//13365
f 2394//13366 2402//13367 2401//13368
f 2318//13369 2326//13370 2276//13371
f 2439//13372 2457//13373 2432//13374
f 2298//13375 2302//13376 2297//13377
f 2244//13378 2249//13379 2243//13380
f 2404//13381 1100//13382 2382//13383
f 2238//13384 2245//13385 2227//13386
f 2245//13387 2257//13388 2256//13389
f 2257//13390 2263//13391 2256//13392
f 2324//13393 2334//13394 2328//13395
f 2257//13396 2289//13397 2263//13398
f 2289//13399 2302//13400 2263//13401
f 2236//13402 2231//13403 2250//13404
f 2138//13405 2382//13406 688//13407
f 2383//13408 2404//13409 2382//13410
f 1100//13411 2404//13412 2343//13413
f 2353//13414 2352//13415 2302//13416
f 2353//13417 2377//13418 2352//13419
f 2237//13420 2230//13421 2220//13422
f 2335//13423 2355//13424 2325//13425
f 2308//13426 2340//13427 2315//13428
f 2253//13429 2269//13430 2276//13431
f 2311//13432 2335//13433 2325//13434
f 2439//13435 2424//13436 511//13437
f 2268//13438 2267//13439 2248//13440
f 2383//13441 413//13442 2404//13443
f 123//13444 971//13445 832//13446
f 2234//13447 2243//13448 2269//13449
f 2225//13450 2213//13451 2234//13452
f 2219//13453 2213//13454 2225//13455
f 2195//13456 2196//13457 2212//13458
f 1544//13459 2418//13460 1549//13461
f 413//13462 866//13463 2404//13464
f 2404//13465 866//13466 2416//13467
f 2416//13468 2417//13469 2404//13470
f 2404//13471 2417//13472 2343//13473
f 2415//13474 2409//13475 2401//13476
f 2196//13477 2219//13478 2212//13479
f 2268//13480 2248//13481 2218//13482
f 2206//13483 2214//13484 2197//13485
f 2417//13486 2332//13487 2343//13488
f 2343//13489 2332//13490 832//13491
f 2330//13492 2302//13493 2289//13494
f 2330//13495 2353//13496 2302//13497
f 2453//13498 2454//13499 515//13500
f 2218//13501 2248//13502 2217//13503
f 2218//13504 2217//13505 2205//13506
f 2276//13507 2281//13508 2268//13509
f 2178//13510 2197//13511 2177//13512
f 2197//13513 2189//13514 2177//13515
f 2332//13516 2066//13517 832//13518
f 832//13519 2066//13520 123//13521
f 2231//13522 2236//13523 2230//13524
f 669//13525 950//13526 1144//13527
f 2217//13528 2211//13529 2199//13530
f 1216//13531 1209//13532 1217//13533
f 2066//13534 2365//13535 123//13536
f 2230//13537 2226//13538 2214//13539
f 2290//13540 2325//13541 2304//13542
f 2325//13543 2319//13544 2304//13545
f 2217//13546 2248//13547 2211//13548
f 2191//13549 2192//13550 2199//13551
f 510//13552 525//13553 2035//13554
f 2417//13555 1917//13556 2332//13557
f 2332//13558 1917//13559 2066//13560
f 2408//13561 2413//13562 2341//13563
f 2248//13564 2267//13565 2242//13566
f 2326//13567 2333//13568 2281//13569
f 1340//13570 2365//13571 2066//13572
f 2440//13573 1302//13574 1340//13575
f 2226//13576 2230//13577 2235//13578
f 1153//13579 1163//13580 1116//13581
f 2431//13582 2455//13583 2438//13584
f 2416//13585 2425//13586 2417//13587
f 2495//13588 2474//13589 2462//13590
f 2290//13591 2304//13592 2277//13593
f 825//13594 2227//13595 1872//13596
f 151//13597 239//13598 1038//13599
f 9//13600 151//13601 1038//13602
f 545//13603 928//13604 2381//13605
f 2440//13606 2406//13607 1384//13608
f 928//13609 1596//13610 2381//13611
f 2186//13612 2188//13613 2185//13614
f 2456//13615 26//13616 1888//13617
f 2287//13618 2333//13619 2262//13620
f 2425//13621 2342//13622 2417//13623
f 2342//13624 1917//13625 2417//13626
f 1917//13627 877//13628 2066//13629
f 2336//13630 1340//13631 2066//13632
f 2336//13633 2440//13634 1340//13635
f 2328//13636 2351//13637 2327//13638
f 825//13639 2238//13640 2227//13641
f 2351//13642 2368//13643 2327//13644
f 1222//13645 2388//13646 1211//13647
f 678//13648 756//13649 734//13650
f 428//13651 263//13652 1343//13653
f 2188//13654 2191//13655 2190//13656
f 2341//13657 2376//13658 2333//13659
f 2066//13660 877//13661 2336//13662
f 2290//13663 2277//13664 2278//13665
f 739//13666 634//13667 592//13668
f 675//13669 304//13670 14//13671
f 2384//13672 675//13673 14//13674
f 2199//13675 2211//13676 2204//13677
f 2191//13678 2199//13679 2204//13680
f 2322//13681 2318//13682 2310//13683
f 2287//13684 2262//13685 2233//13686
f 2185//13687 2188//13688 2184//13689
f 2386//13690 2425//13691 845//13692
f 2384//13693 572//13694 675//13695
f 1128//13696 123//13697 2365//13698
f 832//13699 971//13700 2343//13701
f 2188//13702 2186//13703 2191//13704
f 2185//13705 2184//13706 2176//13707
f 2345//13708 1917//13709 2342//13710
f 2345//13711 877//13712 1917//13713
f 2336//13714 2406//13715 2440//13716
f 971//13717 1100//13718 2343//13719
f 2299//13720 2289//13721 2257//13722
f 2299//13723 2303//13724 2289//13725
f 2249//13726 2255//13727 2243//13728
f 506//13729 513//13730 512//13731
f 2437//13732 955//13733 1219//13734
f 1587//13735 2398//13736 1324//13737
f 877//13738 2396//13739 2336//13740
f 2336//13741 2396//13742 2406//13743
f 2463//13744 2479//13745 879//13746
f 2376//13747 2412//13748 2350//13749
f 2281//13750 2267//13751 2268//13752
f 2303//13753 2330//13754 2289//13755
f 624//13756 635//13757 159//13758
f 1996//13759 2356//13760 1561//13761
f 2449//13762 2436//13763 1996//13764
f 2356//13765 2054//13766 2451//13767
f 928//13768 2398//13769 1587//13770
f 2333//13771 2350//13772 2262//13773
f 2035//13774 26//13775 2456//13776
f 2346//13777 2342//13778 2425//13779
f 2346//13780 2345//13781 2342//13782
f 1544//13783 2380//13784 2418//13785
f 2412//13786 2392//13787 2350//13788
f 622//13789 509//13790 1151//13791
f 2436//13792 2054//13793 1996//13794
f 545//13795 2451//13796 928//13797
f 2326//13798 2341//13799 2333//13800
f 2346//13801 2425//13802 2386//13803
f 1365//13804 2035//13805 2456//13806
f 2369//13807 2377//13808 2353//13809
f 2369//13810 506//13811 2377//13812
f 2451//13813 900//13814 928//13815
f 900//13816 2398//13817 928//13818
f 1235//13819 1888//13820 1244//13821
f 2337//13822 2345//13823 2346//13824
f 877//13825 772//13826 2396//13827
f 772//13828 1275//13829 2396//13830
f 2432//13831 2446//13832 2414//13833
f 2294//13834 2295//13835 2310//13836
f 2369//13837 2330//13838 828//13839
f 2418//13840 2419//13841 2436//13842
f 2450//13843 2429//13844 2436//13845
f 2436//13846 2429//13847 2054//13848
f 2490//13849 2494//13850 1656//13851
f 1321//13852 155//13853 2338//13854
f 1256//13855 2346//13856 2386//13857
f 2448//13858 877//13859 2345//13860
f 877//13861 2448//13862 772//13863
f 2446//13864 2423//13865 2414//13866
f 2351//13867 2334//13868 2363//13869
f 2243//13870 2254//13871 2269//13872
f 2380//13873 2419//13874 2418//13875
f 2419//13876 2450//13877 2436//13878
f 2283//13879 2278//13880 2264//13881
f 822//13882 2197//13883 823//13884
f 1008//13885 1759//13886 1565//13887
f 2448//13888 2345//13889 2337//13890
f 2270//13891 2293//13892 2276//13893
f 2323//13894 2324//13895 2328//13896
f 2429//13897 1012//13898 2054//13899
f 2226//13900 2243//13901 2213//13902
f 2395//13903 325//13904 772//13905
f 2370//13906 2367//13907 2380//13908
f 2054//13909 2435//13910 2451//13911
f 2435//13912 2397//13913 2451//13914
f 2451//13915 2397//13916 900//13917
f 1774//13918 1974//13919 1975//13920
f 2305//13921 2290//13922 2283//13923
f 846//13924 2305//13925 2283//13926
f 2320//13927 1215//13928 2285//13929
f 2139//13930 2448//13931 2337//13932
f 2448//13933 2395//13934 772//13935
f 1232//13936 1231//13937 1216//13938
f 2272//13939 2285//13940 2284//13941
f 2367//13942 2371//13943 2380//13944
f 2371//13945 2405//13946 2380//13947
f 2380//13948 2405//13949 2419//13950
f 2419//13951 2429//13952 2450//13953
f 2429//13954 176//13955 1012//13956
f 2397//13957 2373//13958 900//13959
f 2373//13960 2398//13961 900//13962
f 2373//13963 1379//13964 2398//13965
f 2372//13966 1500//13967 1508//13968
f 1133//13969 1303//13970 1142//13971
f 2252//13972 2273//13973 2272//13974
f 891//13975 2252//13976 2272//13977
f 2419//13978 2405//13979 2429//13980
f 2405//13981 2430//13982 2429//13983
f 2429//13984 2430//13985 176//13986
f 2189//13987 2186//13988 2181//13989
f 2212//13990 2219//13991 2218//13992
f 2312//13993 2139//13994 2337//13995
f 2139//13996 2384//13997 2448//13998
f 2448//13999 2384//14000 2395//14001
f 899//14002 855//14003 843//14004
f 2272//14005 2273//14006 2285//14007
f 2331//14008 2303//14009 2299//14010
f 176//14011 2435//14012 2054//14013
f 1012//14014 176//14015 2054//14016
f 2177//14017 2185//14018 2176//14019
f 2218//14020 2219//14021 2225//14022
f 1216//14023 1220//14024 1215//14025
f 2378//14026 2139//14027 2312//14028
f 2384//14029 14//14030 2395//14031
f 2324//14032 2295//14033 2255//14034
f 2240//14035 2273//14036 2252//14037
f 2371//14038 2387//14039 2405//14040
f 2410//14041 2430//14042 2405//14043
f 2430//14044 2442//14045 176//14046
f 2435//14047 2344//14048 2397//14049
f 2397//14050 2344//14051 2373//14052
f 2456//14053 1888//14054 2455//14055
f 2242//14056 2267//14057 2233//14058
f 2233//14059 2262//14060 2229//14061
f 2378//14062 2384//14063 2139//14064
f 2323//14065 2310//14066 2295//14067
f 2323//14068 2322//14069 2310//14070
f 2240//14071 2274//14072 2273//14073
f 974//14074 841//14075 990//14076
f 2490//14077 1447//14078 2486//14079
f 2387//14080 2410//14081 2405//14082
f 2442//14083 2141//14084 176//14085
f 2344//14086 1778//14087 2373//14088
f 972//14089 1379//14090 2373//14091
f 1778//14092 972//14093 2373//14094
f 1379//14095 972//14096 428//14097
f 1211//14098 2437//14099 1223//14100
f 1228//14101 1215//14102 1220//14103
f 702//14104 2378//14105 2312//14106
f 17//14107 518//14108 2415//14109
f 1888//14110 26//14111 1244//14112
f 2324//14113 2323//14114 2295//14115
f 2305//14116 2311//14117 2290//14118
f 2307//14119 2285//14120 2273//14121
f 2274//14122 2307//14123 2273//14124
f 2307//14125 2320//14126 2285//14127
f 2369//14128 531//14129 506//14130
f 2435//14131 2258//14132 2344//14133
f 2296//14134 2324//14135 2288//14136
f 1233//14137 1217//14138 2361//14139
f 2360//14140 2371//14141 2367//14142
f 2410//14143 2442//14144 2430//14145
f 176//14146 2141//14147 2258//14148
f 176//14149 2258//14150 2435//14151
f 539//14152 2331//14153 66//14154
f 2350//14155 2392//14156 2317//14157
f 2268//14158 2225//14159 2253//14160
f 1508//14161 1500//14162 2371//14163
f 2360//14164 1508//14165 2371//14166
f 2371//14167 1500//14168 2387//14169
f 972//14170 2366//14171 428//14172
f 1626//14173 1686//14174 1358//14175
f 1759//14176 1807//14177 1819//14178
f 2277//14179 2257//14180 2245//14181
f 2277//14182 2299//14183 2257//14184
f 1784//14185 2228//14186 1736//14187
f 2265//14188 2240//14189 1736//14190
f 2228//14191 2265//14192 1736//14193
f 2265//14194 2274//14195 2240//14196
f 1209//14197 2320//14198 2307//14199
f 2320//14200 1209//14201 1216//14202
f 1555//14203 1584//14204 1560//14205
f 2387//14206 1500//14207 2372//14208
f 2410//14209 2420//14210 2442//14211
f 2433//14212 972//14213 1778//14214
f 2433//14215 2366//14216 972//14217
f 955//14218 522//14219 1225//14220
f 2339//14221 2307//14222 2274//14223
f 2372//14224 1493//14225 2387//14226
f 2411//14227 2420//14228 2410//14229
f 2420//14230 954//14231 2442//14232
f 2442//14233 954//14234 2141//14235
f 2344//14236 2433//14237 1778//14238
f 2205//14239 2212//14240 2218//14241
f 2328//14242 2334//14243 2351//14244
f 2394//14245 2401//14246 2414//14247
f 2250//14248 2256//14249 2271//14250
f 2339//14251 1209//14252 2307//14253
f 2328//14254 2322//14255 2323//14256
f 866//14257 845//14258 2425//14259
f 3//14260 316//14261 893//14262
f 2387//14263 2411//14264 2410//14265
f 2441//14266 2141//14267 954//14268
f 2141//14269 2441//14270 2258//14271
f 2354//14272 2433//14273 2344//14274
f 2254//14275 2294//14276 2270//14277
f 2269//14278 2254//14279 2270//14280
f 863//14281 2305//14282 846//14283
f 2441//14284 2354//14285 2258//14286
f 2258//14287 2354//14288 2344//14289
f 2319//14290 2355//14291 51//14292
f 2223//14293 2228//14294 1784//14295
f 1493//14296 2411//14297 2387//14298
f 1560//14299 2449//14300 1555//14301
f 2288//14302 2324//14303 2255//14304
f 825//14305 2251//14306 2238//14307
f 2251//14308 2245//14309 2238//14310
f 1299//14311 84//14312 1312//14313
f 2246//14314 2265//14315 2228//14316
f 2313//14317 2274//14318 2265//14319
f 2313//14320 2339//14321 2274//14322
f 2251//14323 2277//14324 2245//14325
f 2319//14326 51//14327 2331//14328
f 891//14329 1862//14330 2252//14331
f 2443//14332 954//14333 2420//14334
f 2443//14335 2441//14336 954//14337
f 511//14338 2447//14339 2439//14340
f 2242//14341 2233//14342 2211//14343
f 188//14344 15//14345 814//14346
f 2443//14347 2426//14348 2441//14349
f 2426//14350 2354//14351 2441//14352
f 2306//14353 2403//14354 2433//14355
f 2433//14356 2403//14357 2366//14358
f 539//14359 2303//14360 2331//14361
f 2246//14362 2228//14363 2223//14364
f 1030//14365 1819//14366 1807//14367
f 2354//14368 2306//14369 2433//14370
f 2413//14371 2412//14372 2376//14373
f 2438//14374 2455//14375 1888//14376
f 1848//14377 1857//14378 2176//14379
f 2207//14380 2208//14381 2223//14382
f 2208//14383 2246//14384 2223//14385
f 1209//14386 2339//14387 1217//14388
f 2339//14389 2361//14390 1217//14391
f 1221//14392 1210//14393 2388//14394
f 554//14395 109//14396 78//14397
f 386//14398 1375//14399 95//14400
f 2327//14401 2326//14402 2318//14403
f 2179//14404 2182//14405 1393//14406
f 2182//14407 2208//14408 1393//14409
f 1393//14410 2208//14411 2207//14412
f 2361//14413 2399//14414 2388//14415
f 2388//14416 2399//14417 1211//14418
f 2306//14419 2354//14420 2426//14421
f 2403//14422 2359//14423 2366//14424
f 2214//14425 2226//14426 2213//14427
f 2268//14428 2253//14429 2276//14430
f 889//14431 2200//14432 2179//14433
f 2200//14434 2182//14435 2179//14436
f 2200//14437 2221//14438 2182//14439
f 2221//14440 2208//14441 2182//14442
f 2314//14443 2265//14444 2246//14445
f 2314//14446 2313//14447 2265//14448
f 2339//14449 2374//14450 2361//14451
f 2478//14452 2434//14453 2379//14454
f 2205//14455 2217//14456 2199//14457
f 2208//14458 2259//14459 2246//14460
f 2259//14461 2275//14462 2246//14463
f 2314//14464 2321//14465 2313//14466
f 2313//14467 2347//14468 2339//14469
f 2347//14470 2374//14471 2339//14472
f 2374//14473 2399//14474 2361//14475
f 153//14476 154//14477 2426//14478
f 154//14479 2306//14480 2426//14481
f 2385//14482 2359//14483 2403//14484
f 2221//14485 2259//14486 2208//14487
f 2306//14488 2357//14489 2403//14490
f 2357//14491 2385//14492 2403//14493
f 2237//14494 2256//14495 2231//14496
f 2172//14497 2180//14498 889//14499
f 2180//14500 2200//14501 889//14502
f 2200//14503 2201//14504 2221//14505
f 2246//14506 2291//14507 2314//14508
f 2374//14509 2444//14510 2399//14511
f 571//14512 555//14513 2311//14514
f 2192//14515 2205//14516 2199//14517
f 2173//14518 2180//14519 2172//14520
f 2279//14521 2246//14522 2275//14523
f 2279//14524 2291//14525 2246//14526
f 2292//14527 2314//14528 2291//14529
f 2321//14530 2362//14531 2313//14532
f 2362//14533 2347//14534 2313//14535
f 2347//14536 2389//14537 2374//14538
f 2444//14539 955//14540 2437//14541
f 2292//14542 2291//14543 2279//14544
f 2452//14545 2444//14546 2374//14547
f 2054//14548 2356//14549 1996//14550
f 2338//14551 2306//14552 154//14553
f 2186//14554 2192//14555 2191//14556
f 2193//14557 2201//14558 2200//14559
f 2259//14560 2221//14561 2201//14562
f 2247//14563 2259//14564 2201//14565
f 2452//14566 955//14567 2444//14568
f 2278//14569 2277//14570 2251//14571
f 2338//14572 2357//14573 2306//14574
f 2181//14575 2186//14576 2185//14577
f 2276//14578 2326//14579 2281//14580
f 2432//14581 2457//14582 2446//14583
f 2198//14584 2201//14585 2193//14586
f 2198//14587 2232//14588 2201//14589
f 2232//14590 2247//14591 2201//14592
f 2389//14593 2452//14594 2374//14595
f 2452//14596 1630//14597 955//14598
f 1403//14599 1749//14600 1444//14601
f 1555//14602 1996//14603 1561//14604
f 2357//14605 2427//14606 2385//14607
f 2385//14608 2428//14609 230//14610
f 2409//14611 2415//14612 2424//14613
f 2304//14614 2331//14615 2299//14616
f 2193//14617 2200//14618 2180//14619
f 2445//14620 2452//14621 2389//14622
f 1565//14623 1759//14624 1927//14625
f 2380//14626 1544//14627 2370//14628
f 2338//14629 2427//14630 2357//14631
f 2427//14632 2428//14633 2385//14634
f 230//14635 222//14636 253//14637
f 2202//14638 2198//14639 2193//14640
f 2202//14641 2209//14642 2198//14643
f 2209//14644 2241//14645 2198//14646
f 2241//14647 2232//14648 2198//14649
f 2266//14650 2275//14651 2259//14652
f 2365//14653 1340//14654 1128//14655
f 2415//14656 518//14657 2424//14658
f 2338//14659 170//14660 2427//14661
f 170//14662 2428//14663 2427//14664
f 2181//14665 2185//14666 2177//14667
f 2196//14668 2195//14669 2189//14670
f 2183//14671 2193//14672 2180//14673
f 2453//14674 1630//14675 2452//14676
f 2197//14677 2214//14678 2189//14679
f 2401//14680 2409//14681 2414//14682
f 822//14683 2220//14684 2197//14685
f 1210//14686 2361//14687 2388//14688
f 2187//14689 2193//14690 2183//14691
f 2187//14692 2202//14693 2193//14694
f 2266//14695 2279//14696 2275//14697
f 2279//14698 2300//14699 2292//14700
f 2375//14701 2347//14702 2362//14703
f 2375//14704 2390//14705 2347//14706
f 2390//14707 2389//14708 2347//14709
f 2453//14710 2452//14711 2445//14712
f 1347//14713 1630//14714 2453//14715
f 1630//14716 1347//14717 522//14718
f 2220//14719 2206//14720 2197//14721
f 2262//14722 2350//14723 2286//14724
f 170//14725 254//14726 2428//14727
f 2457//14728 1973//14729 2446//14730
f 1973//14731 1365//14732 2446//14733
f 2174//14734 2183//14735 2180//14736
f 2194//14737 2202//14738 2187//14739
f 2222//14740 2241//14741 2209//14742
f 2222//14743 2260//14744 2241//14745
f 2266//14746 2259//14747 2247//14748
f 2390//14749 2445//14750 2389//14751
f 2264//14752 2251//14753 825//14754
f 2363//14755 2368//14756 2351//14757
f 2326//14758 2393//14759 2341//14760
f 1855//14761 1850//14762 1851//14763
f 2210//14764 2209//14765 2202//14766
f 2210//14767 2222//14768 2209//14769
f 2261//14770 2260//14771 2222//14772
f 2280//14773 2279//14774 2266//14775
f 2280//14776 2300//14777 2279//14778
f 251//14779 263//14780 2359//14781
f 2277//14782 2304//14783 2299//14784
f 2220//14785 2230//14786 2206//14787
f 2202//14788 2194//14789 2210//14790
f 2213//14791 2243//14792 2234//14793
f 2328//14794 2327//14795 2322//14796
f 2294//14797 2310//14798 2293//14799
f 2214//14800 2196//14801 2189//14802
f 2196//14803 2213//14804 2219//14805
f 2224//14806 2222//14807 2210//14808
f 2421//14809 2390//14810 2375//14811
f 2206//14812 2230//14813 2214//14814
f 2194//14815 2203//14816 2210//14817
f 2224//14818 2261//14819 2222//14820
f 2421//14821 2445//14822 2390//14823
f 2322//14824 2327//14825 2318//14826
f 2393//14827 2408//14828 2341//14829
f 1365//14830 1973//14831 510//14832
f 2216//14833 2210//14834 2203//14835
f 2216//14836 2224//14837 2210//14838
f 2266//14839 2308//14840 2280//14841
f 2280//14842 2308//14843 2300//14844
f 2407//14845 2421//14846 2375//14847
f 2175//14848 2183//14849 2174//14850
f 2194//14851 2190//14852 2203//14853
f 2454//14854 2445//14855 2421//14856
f 522//14857 1347//14858 523//14859
f 2456//14860 2455//14861 2423//14862
f 823//14863 2197//14864 2178//14865
f 2281//14866 2333//14867 2287//14868
f 2188//14869 2187//14870 2183//14871
f 2188//14872 2190//14873 2194//14874
f 2187//14875 2188//14876 2194//14877
f 2308//14878 2315//14879 2300//14880
f 2407//14881 2375//14882 2362//14883
f 2443//14884 2420//14885 2503//14886
f 2420//14887 2411//14888 2503//14889
f 2411//14890 1493//14891 2503//14892
f 1493//14893 1487//14894 2503//14895
f 1487//14896 1318//14897 2503//14898
f 1318//14899 1320//14900 2503//14901
f 1320//14902 2443//14903 2503//14904
