# This file uses centimeters as units for non-parametric coordinates.

mtllib Water.mtl
g default
v 89.423454 123.636314 773.893738
v 100.921387 124.900078 773.893738
v 112.036797 124.219215 773.893738
v 129.674881 125.852928 773.893738
v 140.098953 126.677940 773.893738
v 162.732697 127.680901 773.893738
v 173.686142 128.158936 773.893738
v 190.526321 126.316200 773.893738
v 201.502884 125.790581 773.893738
v 212.993530 126.354820 773.893738
v 235.645813 126.879402 773.893738
v 252.503311 126.225014 773.893738
v 269.220734 127.337242 773.893738
v 280.442291 127.337242 773.893738
v 297.159637 126.225014 773.893738
v 314.017151 126.879402 773.893738
v 336.669434 126.354820 773.893738
v 348.160095 125.790581 773.893738
v 359.136658 126.316185 773.893738
v 375.976807 128.158936 773.893738
v 386.930267 127.680901 773.893738
v 409.564026 126.677940 773.893738
v 419.988098 125.852913 773.893738
v 437.626160 124.219231 773.893738
v 448.741577 124.900078 773.893738
v 460.239532 123.636314 773.893738
v 89.423454 123.840065 756.630066
v 100.756058 124.087822 756.761047
v 112.356232 124.690727 756.693665
v 129.381912 124.756218 756.877380
v 140.196716 125.762550 756.647644
v 162.702530 125.584312 757.370605
v 173.690506 127.050575 757.527832
v 190.421982 127.470680 757.542847
v 201.678452 127.143562 757.109314
v 212.749115 126.380379 757.451843
v 235.731125 125.828987 757.240601
v 252.721649 127.160637 757.227173
v 269.342926 127.188316 757.516907
v 280.481995 126.799294 757.490234
v 297.245361 126.804619 757.294678
v 313.902252 126.390099 757.217957
v 336.657104 126.739250 757.255676
v 347.820190 126.741066 757.016296
v 359.031189 125.992714 757.183228
v 376.189972 128.135696 756.914734
v 386.739624 126.814964 756.993164
v 409.589294 126.549080 756.933899
v 420.237976 126.552986 757.116333
v 437.105621 123.634743 756.766541
v 448.697540 123.372902 756.957886
v 460.239532 123.765556 756.851257
v 89.423454 124.158409 739.748352
v 100.917412 124.679893 739.676147
v 112.303696 125.682365 739.704346
v 128.996628 126.524498 739.439697
v 140.343292 126.480583 739.973511
v 162.490067 126.649986 739.958557
v 173.487045 126.267128 740.323181
v 190.332047 126.299294 740.473328
v 201.527283 125.016426 740.813416
v 213.065353 124.610924 740.269165
v 235.463196 125.663521 740.337036
v 252.859802 126.977364 740.621338
v 269.152039 126.751183 740.632629
v 280.379822 126.658913 740.730652
v 297.077118 125.944832 740.421448
v 314.352875 127.938576 740.190247
v 336.383575 127.021111 740.031616
v 347.905853 125.325996 740.332214
v 358.975281 125.800499 740.422241
v 376.249481 127.829689 740.432556
v 386.965424 127.486610 740.371216
v 409.417053 125.879112 740.072571
v 420.428223 125.745232 740.091492
v 437.430817 125.922371 739.923706
v 448.856964 125.670555 739.613770
v 460.239532 124.443398 739.615479
v 89.423454 124.913414 717.136902
v 100.896606 126.580086 717.298828
v 112.261719 127.024284 717.467712
v 128.951172 127.228783 717.774414
v 139.849091 126.684578 717.663330
v 162.753815 127.349251 717.638062
v 173.482437 125.905281 717.649475
v 190.077042 125.362984 717.527344
v 201.774475 124.271324 717.832642
v 213.052673 126.060356 717.820801
v 235.469193 126.279137 718.129639
v 252.204254 125.386070 718.400208
v 269.079742 126.390923 718.367981
v 280.475922 124.759804 718.638977
v 297.404999 125.878563 718.459106
v 314.366943 124.938911 718.270569
v 336.642609 126.373604 718.179443
v 347.712891 125.510643 718.140808
v 359.077209 125.904793 717.801147
v 376.464050 126.935768 718.097290
v 387.310272 127.386635 718.005554
v 409.453369 126.037819 717.639893
v 420.688019 126.152046 717.532532
v 437.782684 125.976784 716.911560
v 448.903107 128.079926 717.330750
v 460.239532 127.660286 717.691589
v 89.423454 126.298424 689.217224
v 100.649239 125.535561 689.208313
v 111.995026 124.962364 689.008911
v 129.103699 126.338631 689.474487
v 140.127182 126.168495 689.732300
v 162.646088 125.803185 689.380920
v 173.421875 125.267662 689.360901
v 190.721558 124.906746 689.564148
v 202.021378 125.734032 689.499573
v 212.919479 126.119972 689.526978
v 235.121246 124.921638 689.568176
v 251.952713 123.479454 689.856506
v 269.472198 122.844917 689.681946
v 281.054932 124.346962 689.760742
v 297.998688 125.488152 689.568237
v 314.564545 124.679985 689.871338
v 336.653168 125.156349 689.403992
v 348.329742 124.938225 689.641052
v 359.151855 126.446373 689.617310
v 376.097626 125.597084 689.476807
v 387.803375 125.791969 689.594604
v 409.939484 128.132111 689.292358
v 420.521149 129.036865 689.681824
v 437.417053 127.596992 689.635437
v 448.977722 126.850121 689.612793
v 460.239532 128.778946 689.595337
v 89.423454 125.414528 672.419922
v 100.267570 125.902946 672.387939
v 112.226830 126.158806 672.721863
v 128.863770 125.754585 672.611877
v 140.110428 126.489891 672.412292
v 162.658707 127.597862 672.668701
v 173.461029 126.539940 672.647461
v 190.624344 126.450066 672.708557
v 201.777847 125.998360 672.570557
v 213.000488 126.470024 672.582642
v 234.731461 125.499001 672.775330
v 252.192184 123.892082 672.446289
v 269.661621 124.844002 672.510742
v 280.865509 125.270409 672.413208
v 297.535370 124.638283 672.999207
v 314.600403 124.291985 672.972839
v 336.780243 128.287384 672.121338
v 347.823730 125.612541 672.036926
v 359.171814 125.922401 672.445251
v 376.436127 126.720390 672.545044
v 387.262451 127.220177 672.886780
v 409.567413 127.691093 673.251587
v 420.880951 127.523232 672.800476
v 437.484131 127.945015 672.934204
v 448.845886 127.191277 672.979309
v 460.239502 126.510551 673.034729
v 89.423447 126.466942 661.441467
v 100.570763 124.854073 661.209656
v 111.971085 125.990730 661.346497
v 129.029449 126.155846 661.333923
v 140.270218 125.543709 661.396301
v 162.285797 126.254585 661.320129
v 173.428925 125.679680 661.711243
v 190.615784 126.333733 661.637817
v 202.038956 126.267250 661.711731
v 212.847412 127.792625 661.744019
v 235.052856 124.094582 661.714172
v 252.407990 124.378471 661.503601
v 269.427368 125.866432 661.282104
v 280.891174 124.618370 661.412537
v 297.630890 124.648903 661.681030
v 314.656891 124.815636 660.999451
v 337.121277 127.396248 661.544556
v 348.042938 127.221962 661.124878
v 359.096222 127.090172 660.996521
v 376.294067 126.423836 661.381104
v 387.445618 127.210533 661.659546
v 409.580109 126.166771 661.572693
v 420.816528 127.368294 662.077271
v 437.500641 126.644554 662.140747
v 449.026642 127.545738 662.185303
v 460.239502 127.998100 661.816650
v 89.423454 126.311195 650.353088
v 100.746078 126.295357 650.317078
v 111.763496 125.655785 649.923462
v 128.866104 126.091530 650.054688
v 140.163956 126.606255 649.879028
v 162.500717 126.581215 649.771545
v 173.257141 124.676399 649.973022
v 190.945602 124.522499 650.589233
v 201.550095 125.296242 650.433044
v 212.991364 124.822243 650.552246
v 235.114532 123.878212 650.085571
v 252.685623 123.604729 650.172302
v 269.365112 124.892586 650.107605
v 280.708710 123.926613 650.202881
v 297.888611 125.217140 650.210754
v 315.069763 125.425804 650.107483
v 336.948822 129.056000 650.112976
v 348.346100 127.543266 650.405090
v 359.086548 127.966896 650.295471
v 375.976562 127.051781 649.807251
v 387.210968 126.963814 650.099121
v 409.465942 126.631462 650.633240
v 420.984711 126.254723 650.615112
v 437.691559 127.142189 650.679016
v 448.858643 125.843208 650.313110
v 460.239532 126.389229 650.515137
v 89.423454 125.625450 633.243042
v 100.858315 124.937370 632.991455
v 111.985008 126.203300 633.114502
v 128.853516 124.857811 633.237305
v 140.299805 126.670662 633.278992
v 162.236771 127.412086 633.350281
v 173.603088 126.951637 633.258240
v 190.540024 125.169716 633.157837
v 201.545731 124.965614 633.235840
v 213.209457 124.720772 633.242249
v 235.542313 124.074959 633.269958
v 252.503708 124.575645 632.906433
v 269.629456 125.364738 633.264099
v 280.485046 125.439354 633.062378
v 298.182068 124.951881 633.282715
v 314.548401 124.812019 633.150085
v 337.157501 126.565834 633.587097
v 348.338928 127.024422 633.394836
v 359.359955 126.518929 633.042236
v 375.537323 128.708191 633.836609
v 387.061157 126.527946 633.940918
v 409.432098 126.595360 633.555359
v 420.806488 126.549065 633.580750
v 437.716034 126.491890 633.628235
v 448.885712 126.511070 633.849243
v 460.239502 126.437981 634.094116
v 89.423470 126.457481 616.584595
v 100.466721 126.783699 616.468445
v 111.904472 126.304955 616.258789
v 128.808228 126.944801 616.376404
v 139.926117 125.579918 616.450073
v 162.392670 126.007881 616.465942
v 173.694611 125.232643 616.278137
v 190.607803 125.920967 616.080872
v 201.862778 125.117714 616.170044
v 213.079468 125.464073 615.881348
v 235.760010 124.387077 616.047974
v 252.613022 125.391411 615.790527
v 269.643280 123.608452 616.083557
v 280.623535 125.128624 615.982361
v 297.928650 125.210426 616.156860
v 314.786469 127.350975 616.593872
v 337.355560 126.538780 616.551819
v 348.202942 127.614738 616.642700
v 359.364441 128.611053 617.067383
v 375.540131 126.449043 616.914856
v 387.049591 126.350807 616.809692
v 409.525696 126.079765 617.090576
v 420.948608 127.113579 616.922058
v 437.591400 127.727852 617.023438
v 448.742645 127.660316 617.010498
v 460.239532 126.664772 616.776062
v 89.423454 126.384071 605.197083
v 100.641563 125.520012 605.447327
v 111.863853 126.557686 605.404785
v 128.704025 126.739906 605.208557
v 139.885193 125.547813 605.443665
v 162.384323 127.004143 604.964294
v 173.680145 125.561226 605.131348
v 190.700470 127.831337 604.909790
v 201.728714 126.060005 604.582947
v 212.783752 125.341698 605.001892
v 236.006592 125.147057 604.503357
v 252.748734 126.634621 604.555664
v 269.233856 125.598930 604.332275
v 280.855499 126.262581 604.954102
v 297.440613 124.855156 605.279541
v 314.799530 125.781013 605.551025
v 337.098358 126.715553 605.079407
v 348.175140 127.986076 605.496948
v 359.407104 128.934570 605.622742
v 375.603790 126.640846 605.229187
v 386.701935 127.550148 605.860962
v 409.392883 126.722313 605.861206
v 421.051910 125.506157 605.989258
v 437.508545 125.294746 606.019653
v 449.230591 127.192238 605.850586
v 460.239532 127.087288 605.933472
v 89.423454 127.291740 588.515137
v 100.532761 127.497368 588.165527
v 111.878471 126.532982 588.238403
v 128.336700 124.924309 588.431885
v 140.187485 125.195244 588.365845
v 162.500397 124.842674 588.561279
v 174.277664 125.769646 588.262756
v 190.702713 125.380516 587.748413
v 202.193359 126.737389 587.633545
v 212.820770 126.027092 587.525391
v 236.085129 125.711464 587.673157
v 252.452316 127.763496 588.030029
v 269.006134 127.177513 587.964050
v 280.439941 126.831779 587.704773
v 297.195435 126.931892 587.984924
v 314.668182 125.735481 588.528748
v 337.009430 126.670631 588.798279
v 347.984467 127.060036 588.879700
v 358.973480 126.984001 589.178955
v 375.889954 126.553993 588.999146
v 386.872498 126.882805 588.885498
v 409.583862 124.514427 588.953796
v 420.947845 125.840385 588.964844
v 437.402130 124.859779 588.791748
v 448.981964 125.530220 588.990479
v 460.239502 125.903130 588.902405
v 89.423470 126.035591 572.234253
v 100.491875 127.089088 571.974243
v 111.814445 126.256554 571.722778
v 128.770874 126.008217 571.624817
v 140.219009 126.681633 571.158875
v 162.698990 124.038246 570.967651
v 174.641663 125.673729 570.850708
v 190.644547 128.265289 570.668396
v 202.028290 126.714211 570.759827
v 212.870514 128.012527 570.834229
v 235.828094 126.868401 570.858215
v 252.202957 128.083466 571.065247
v 269.318085 126.735039 571.620850
v 280.879333 126.142860 571.411133
v 297.036469 126.482704 571.136963
v 314.607880 126.103828 571.296387
v 336.706879 126.892525 571.822510
v 347.935211 125.960823 571.921387
v 359.378845 126.350883 571.964294
v 376.003967 126.599525 572.333618
v 387.056854 126.899406 572.223999
v 409.260864 125.708488 572.261475
v 421.047943 125.625496 572.082031
v 437.819336 125.315132 572.036011
v 448.883698 125.581673 572.028870
v 460.239532 126.203026 571.958801
v 89.423454 125.769142 560.612061
v 100.822159 126.855125 560.622620
v 111.798454 125.472725 560.621399
v 128.951736 126.506981 560.281738
v 140.469650 126.740669 560.203064
v 162.777679 125.906181 559.815979
v 174.467346 127.917900 559.892761
v 190.885284 129.961700 560.082764
v 201.939133 128.571213 559.806519
v 212.969696 128.154358 559.749451
v 235.817154 128.083389 559.603699
v 252.035095 127.734840 560.048401
v 269.065491 125.114204 560.123230
v 280.922424 126.918129 560.314270
v 297.360840 127.505760 560.335205
v 314.079865 125.981712 560.277954
v 336.728699 125.501122 560.597168
v 347.768982 126.112511 560.520752
v 359.219238 126.130180 560.707581
v 375.636139 125.361595 561.068420
v 387.097076 124.691246 561.180237
v 409.153778 125.297768 560.616028
v 421.200897 125.479912 560.659668
v 437.942932 125.347603 560.694519
v 448.817108 125.707283 560.784668
v 460.239502 125.728447 561.017334
v 89.423454 124.594185 549.550964
v 100.863258 126.088768 549.664185
v 111.794739 125.670448 549.493164
v 129.028198 125.100182 549.400208
v 140.476196 126.719475 549.089478
v 162.864594 127.073509 548.847839
v 174.278214 128.059845 548.838196
v 190.881500 128.149323 548.908630
v 201.900330 127.476585 548.709717
v 213.204117 127.150826 548.378784
v 235.542068 128.871063 548.736938
v 252.212173 127.679314 548.656677
v 269.248047 126.495567 548.373962
v 280.389801 127.049644 548.637939
v 297.360565 127.666389 549.051147
v 313.808472 126.575722 548.925110
v 336.695862 126.932320 549.307861
v 347.713745 127.290382 549.436157
v 358.665894 125.450966 549.489136
v 375.637054 125.202888 549.414795
v 387.122192 125.135582 549.545044
v 409.506256 125.886314 549.315247
v 420.835571 125.575020 549.278381
v 437.719421 125.724373 549.669617
v 448.569427 125.104652 549.652771
v 460.239502 125.012215 549.623474
v 89.423454 124.109550 532.146423
v 100.951752 125.265053 531.874084
v 111.847099 125.312126 531.738281
v 128.857300 125.679482 532.512024
v 140.523941 126.291039 532.343262
v 162.545883 127.103096 532.374512
v 174.211456 126.931236 532.375122
v 191.034775 127.651329 532.399597
v 202.196823 128.583313 532.323486
v 213.324722 129.161911 532.285645
v 235.350296 128.966675 532.237793
v 251.815674 128.410477 532.347656
v 269.310089 127.698448 532.370117
v 280.255127 127.706779 532.419312
v 297.241425 126.661278 532.332886
v 314.311249 127.527168 532.241089
v 336.866913 126.658363 532.430115
v 347.324249 125.761269 532.592285
v 358.928986 124.451591 532.743652
v 376.165375 125.368935 532.636536
v 386.904633 125.112129 532.394775
v 409.785767 124.839867 532.759033
v 420.874908 125.426567 532.731445
v 437.958893 126.292488 532.484863
v 448.848938 125.454842 532.591003
v 460.239532 125.055092 532.710999
v 89.423470 124.542686 520.559875
v 100.817078 125.550087 520.548401
v 111.960030 126.174782 520.718323
v 128.943497 124.404015 521.087402
v 140.581467 125.827507 521.197632
v 162.614792 126.823662 521.280518
v 174.145752 127.291084 521.120361
v 191.143143 128.399658 521.171265
v 201.919083 128.807312 521.221313
v 213.459946 129.051590 521.094543
v 234.994781 128.353806 521.156006
v 251.910095 127.784477 521.545776
v 269.198090 127.138069 521.585022
v 280.361847 127.771126 521.333313
v 297.227325 127.030479 521.323486
v 314.022980 126.422035 521.371948
v 336.821075 125.851097 521.507385
v 347.468170 125.900856 521.523193
v 358.864166 124.746544 521.433594
v 376.248016 124.877846 521.321533
v 387.344360 125.512154 521.256287
v 409.619263 124.115868 521.101013
v 420.652771 124.571602 521.279114
v 437.604034 125.747688 521.362732
v 449.130493 125.508690 521.475830
v 460.239532 125.685738 521.091003
v 89.423470 125.873360 509.141266
v 100.906136 127.075356 509.403625
v 111.693047 126.650826 509.519196
v 128.800125 125.313087 509.183716
v 140.542679 126.382072 509.405548
v 235.817154 -43.651844 559.603699
v 190.987610 126.836525 510.545197
v 202.241959 127.554695 510.359619
v 213.383102 129.616638 509.819092
v 234.994186 127.766777 510.394409
v 252.128967 127.005409 510.232025
v 268.817566 126.170113 510.378387
v 280.310669 125.395287 510.436005
v 297.412567 126.943565 510.004700
v 314.128784 127.076683 510.068695
v 336.287994 124.378181 510.044495
v 347.705475 124.708702 510.002838
v 358.935425 123.566536 509.878784
v 376.125092 125.369240 509.939148
v 387.367432 125.748222 509.634277
v 409.501892 125.766808 509.837830
v 420.795807 125.685936 509.906616
v 437.706360 125.870491 510.386597
v 448.881104 125.360664 510.180176
v 460.239502 125.607964 510.159760
v 89.423454 127.440468 497.877808
v 100.409737 126.408180 498.161499
v 111.931908 126.234322 498.097443
v 128.361221 127.870842 497.847076
v 140.304474 126.709450 498.271332
v 162.474640 127.045647 498.736542
v 173.765076 125.448204 498.815918
v 190.844971 125.509819 498.850922
v 202.677704 127.555977 498.522858
v 213.079788 128.826630 498.830597
v 234.933411 126.886879 498.939392
v 252.368942 127.641487 498.817322
v 268.601929 126.153450 498.789154
v 280.356781 125.644402 498.984528
v 297.531799 126.309639 499.035522
v 314.097656 126.449379 498.935486
v 336.612549 124.170341 498.714691
v 347.879822 125.850670 498.354645
v 359.010162 125.370720 498.271790
v 376.229095 125.722008 498.516785
v 387.126038 126.754509 498.937012
v 409.641663 125.088036 499.017670
v 420.606415 126.367897 498.961426
v 437.764221 124.111763 499.222504
v 448.949463 124.538368 499.096985
v 460.239532 125.267509 499.033081
v 89.423454 128.524719 481.440155
v 100.477463 128.484970 481.399231
v 111.816521 127.992928 481.782257
v 128.429947 127.262611 481.546906
v 140.004883 127.363472 481.495667
v 162.410034 127.744606 481.727661
v 173.634903 127.035103 481.537201
v 190.800262 126.679787 481.705780
v 202.231812 127.605202 482.503632
v 213.256012 128.843536 482.351746
v 235.112717 127.717339 482.309601
v 252.305801 127.636864 482.172394
v 269.091431 124.984901 482.334412
v 280.021118 126.381142 482.251404
v 297.752960 125.365730 482.268188
v 314.138275 126.944252 481.922638
v 336.393616 125.668724 481.726624
v 347.772705 125.476067 481.919312
v 359.145782 126.203545 482.084259
v 375.840485 124.003105 482.060516
v 387.074310 123.879539 482.037140
v 409.318756 125.600578 482.134796
v 420.402100 122.746742 482.193726
v 437.831146 122.827522 482.291473
v 448.978638 123.411888 482.187042
v 460.239532 123.605309 481.990845
v 89.423454 127.071587 465.195984
v 100.501404 128.107895 465.039307
v 111.736237 127.529060 464.887878
v 128.548416 126.870125 465.170959
v 139.686188 127.076195 465.002289
v 162.597610 126.742699 465.454102
v 173.685867 127.726845 465.669220
v 190.498215 127.403618 465.295349
v 201.628433 127.214485 465.415527
v 213.017151 126.695061 465.734558
v 235.213470 127.000847 465.473969
v 252.434250 126.485405 465.264099
v 268.844147 125.881645 464.833679
v 280.054901 124.332771 465.218597
v 297.231354 124.906975 465.250244
v 314.045837 124.373909 465.283264
v 336.414154 125.514153 465.059296
v 347.826660 125.785667 464.992310
v 358.801514 126.048637 464.950104
v 375.679199 123.607521 464.817383
v 386.958710 123.137230 464.832489
v 409.559845 123.163857 464.945343
v 420.749969 124.007210 464.931702
v 437.849121 123.936317 464.617615
v 449.409546 122.511818 464.497467
v 460.239532 123.579567 464.854095
v 89.423454 127.668343 442.593231
v 100.457764 128.464218 442.495697
v 111.393990 128.138184 442.455627
v 128.325653 127.574715 442.823273
v 139.594543 126.732094 442.867523
v 162.216171 126.125328 442.569244
v 173.428986 126.496132 442.804504
v 190.495575 125.547401 443.162018
v 201.381943 125.824821 443.355072
v 213.011841 125.907784 443.231323
v 235.605774 125.064949 442.852325
v 252.278809 125.563148 442.880096
v 268.953064 126.145103 442.981049
v 280.062225 124.902611 442.736267
v 297.106018 125.142891 442.640167
v 314.291718 124.242241 442.407104
v 337.017761 125.165123 442.459412
v 347.661774 126.144737 442.047333
v 359.086761 124.483803 441.917389
v 375.743561 126.577400 442.203766
v 386.689392 124.321846 442.157928
v 409.582794 125.080482 442.052063
v 420.917908 122.941811 441.957947
v 437.796906 123.639427 442.219086
v 449.262756 123.438606 442.396332
v 460.239532 122.429771 442.414032
v 89.423454 128.894348 431.570496
v 100.486115 128.082886 431.707825
v 111.477753 127.914909 431.476440
v 128.214218 127.376747 431.277069
v 139.555344 127.076393 431.286285
v 161.683044 125.678154 431.467255
v 173.677750 125.374413 431.704712
v 189.894119 126.334053 431.745667
v 201.311844 124.169792 431.714844
v 213.259872 123.961998 431.977539
v 235.357162 125.885506 431.431000
v 252.233383 125.612556 431.514954
v 268.808990 123.852104 431.343109
v 280.376434 123.658318 431.361450
v 297.663910 125.811699 431.413696
v 314.124207 123.368248 431.118988
v 337.050903 126.190163 431.266052
v 347.516632 126.244423 431.477936
v 359.157837 125.932381 431.322540
v 375.776245 125.435387 431.205292
v 387.012054 124.101372 431.041809
v 409.810486 123.527107 430.578522
v 420.729370 124.332314 430.754272
v 437.882202 122.888191 430.856842
v 449.366547 122.695229 430.617767
v 460.239532 123.181969 430.655426
v 89.423454 127.851768 414.862915
v 100.247787 127.673256 415.285339
v 111.503716 127.377617 415.127533
v 128.499161 127.830605 415.247864
v 139.570175 128.666031 414.907227
v 161.818405 124.773521 414.718170
v 173.905777 125.646248 414.671509
v 190.199432 126.266838 414.656616
v 201.188034 125.134605 414.560486
v 212.830246 124.396019 414.722748
v 235.408188 125.924385 414.846039
v 252.329498 124.750771 414.614929
v 269.227112 124.500099 414.599945
v 280.539215 125.420723 414.261475
v 297.375122 124.050163 414.119537
v 314.264130 124.908897 414.042419
v 336.520508 124.442024 414.351715
v 347.834290 124.104515 414.503479
v 359.338989 123.780342 414.660492
v 376.042908 124.348778 414.297607
v 387.169830 124.521660 413.985260
v 410.324615 125.179344 413.786346
v 420.672363 124.185219 413.483795
v 437.822876 122.261253 413.304291
v 449.513916 124.586723 413.897369
v 460.239532 122.942238 413.809052
v 89.423447 127.326439 392.918976
v 100.253281 127.017433 392.826874
v 111.407616 125.647469 392.864197
v 128.610886 126.854256 392.348358
v 139.472427 126.458946 392.427795
v 161.796600 127.014946 392.453674
v 173.226151 124.603416 392.361603
v 190.426208 125.881920 391.911713
v 201.412933 126.396523 392.104584
v 212.484436 126.055656 392.130798
v 235.568008 123.698967 392.216095
v 252.564697 124.472664 391.711273
v 269.654297 125.504143 391.483887
v 280.702942 126.259300 391.362305
v 297.022522 125.416100 391.389313
v 313.881836 124.375237 391.554810
v 336.651672 123.621483 391.659698
v 347.946594 123.955070 391.750305
v 359.366821 122.846519 391.465057
v 376.135071 122.937569 391.547729
v 387.410217 123.083519 391.135315
v 410.217285 125.510460 391.074524
v 421.030823 125.394829 391.350647
v 437.920227 124.192207 390.955353
v 449.237976 123.662529 390.562073
v 460.239502 123.268593 390.670532
v 89.423447 125.615959 375.884399
v 100.110306 125.450432 375.957672
v 111.368958 124.945030 375.972412
v 128.994995 125.333794 375.895325
v 139.570877 125.844383 375.522369
v 162.123718 125.161980 375.464569
v 173.546417 125.248985 375.379059
v 190.151489 126.794228 375.521179
v 201.208740 124.891823 375.570862
v 212.750519 125.098991 375.356476
v 235.785049 124.745827 374.913177
v 252.606979 124.860985 374.693939
v 269.466064 124.528694 374.975433
v 280.459015 127.309929 375.332886
v 296.953217 125.126991 374.980530
v 313.931702 124.771568 374.653534
v 336.534546 123.811089 374.399719
v 348.306000 124.133492 374.067139
v 359.571106 124.435234 374.130096
v 376.140228 124.743309 373.933929
v 387.486115 125.266762 373.853363
v 409.997162 127.166451 374.034058
v 420.655975 124.707771 373.856384
v 438.504761 124.287727 373.932678
v 449.353729 126.003426 373.943054
v 460.239502 125.578026 373.647552
v 89.423454 125.578026 364.812408
v 100.309235 126.003410 364.516907
v 111.158195 124.287727 364.527283
v 129.007019 124.707787 364.603577
v 139.665802 127.166435 364.425903
v 162.176834 125.266762 364.606598
v 173.522720 124.743294 364.526031
v 190.091873 124.435234 364.329865
v 201.356995 124.133476 364.392822
v 213.128418 123.811104 364.060211
v 235.731247 124.771568 363.806427
v 252.709717 125.126991 363.479431
v 269.203979 127.309929 363.127075
v 280.196930 124.528694 363.484528
v 297.055969 124.860985 363.766022
v 313.877899 124.745827 363.546783
v 336.912445 125.099007 363.103485
v 348.454254 124.891808 362.889099
v 359.511505 126.794228 362.938782
v 376.116547 125.248985 363.080902
v 387.539246 125.161980 362.995392
v 410.092102 125.844368 362.937592
v 420.667999 125.333794 362.564636
v 438.294006 124.945030 362.487549
v 449.552673 125.450447 362.502289
v 460.239502 125.615959 362.575592
v 89.423454 123.268593 347.789490
v 100.425011 123.662514 347.897949
v 111.742722 124.192207 347.504669
v 128.632141 125.394829 347.109375
v 139.445694 125.510429 347.385498
v 162.252747 123.083519 347.324707
v 173.527878 122.937553 346.912292
v 190.296173 122.846519 346.994965
v 201.716370 123.955070 346.709656
v 213.011292 123.621483 346.800323
v 235.781097 124.375221 346.905212
v 252.640427 125.416084 347.070679
v 268.960083 126.259285 347.097687
v 280.008728 125.504128 346.976135
v 297.098267 124.472649 346.748749
v 314.094940 123.698952 346.243927
v 337.178497 126.055641 346.329224
v 348.250061 126.396523 346.355408
v 359.236786 125.881905 346.548279
v 376.436798 124.603401 346.098419
v 387.866364 127.014946 346.006317
v 410.190552 126.458931 346.032227
v 421.052094 126.854256 346.111664
v 438.255341 125.647469 345.595825
v 449.409698 127.017418 345.633118
v 460.239502 127.326424 345.541046
v 89.423454 122.942207 324.650940
v 100.149055 124.586708 324.562622
v 111.840073 122.261238 325.155670
v 128.990616 124.185204 324.976166
v 139.338364 125.179314 324.673645
v 162.493118 124.521660 324.474731
v 173.620041 124.348763 324.162384
v 190.323975 123.780342 323.799500
v 201.828690 124.104500 323.956512
v 213.142426 124.441994 324.108276
v 235.398819 124.908882 324.417572
v 252.287811 124.050148 324.340485
v 269.123779 125.420708 324.198517
v 280.435883 124.500084 323.860046
v 297.333466 124.750755 323.845062
v 314.254761 125.924370 323.613983
v 336.832703 124.396004 323.737244
v 348.474945 125.134605 323.899506
v 359.463562 126.266823 323.803375
v 375.757172 125.646233 323.788483
v 387.844543 124.773506 323.741791
v 410.092804 128.666031 323.552765
v 421.163818 127.830589 323.212128
v 438.159241 127.377602 323.332489
v 449.415192 127.673256 323.174652
v 460.239502 127.851753 323.597076
v 89.423454 123.181938 307.804596
v 100.296432 122.695198 307.842255
v 111.780762 122.888161 307.603180
v 128.933609 124.332298 307.705750
v 139.852509 123.527061 307.881500
v 162.650894 124.101357 307.418182
v 173.886719 125.435371 307.254730
v 190.505142 125.932350 307.137482
v 202.146332 126.244392 306.982086
v 212.612045 126.190132 307.193970
v 235.538727 123.368217 307.341034
v 251.999039 125.811684 307.046326
v 269.286560 123.658302 307.098572
v 280.854004 123.852104 307.116913
v 297.429565 125.612541 306.945068
v 314.305817 125.885490 307.029022
v 336.403076 123.961983 306.482483
v 348.351135 124.169762 306.745178
v 359.768860 126.334038 306.714355
v 375.985199 125.374397 306.755310
v 387.979919 125.678123 306.992737
v 410.107635 127.076363 307.173737
v 421.448761 127.376732 307.182953
v 438.185211 127.914909 306.983582
v 449.176880 128.082870 306.752167
v 460.239502 128.894318 306.889526
v 89.423447 122.429741 296.045959
v 100.400230 123.438591 296.063629
v 111.866051 123.639397 296.240906
v 128.745071 122.941795 296.502014
v 140.080170 125.080452 296.407928
v 162.973557 124.321815 296.302063
v 173.919403 126.577370 296.256226
v 190.576202 124.483788 296.542603
v 202.001221 126.144722 296.412628
v 212.645187 125.165108 296.000580
v 235.371246 124.242226 296.052887
v 252.556946 125.142860 295.819824
v 269.600800 124.902596 295.723724
v 280.709930 126.145088 295.478943
v 297.384155 125.563133 295.579895
v 314.057190 125.064934 295.607666
v 336.651093 125.907753 295.228668
v 348.281036 125.824806 295.104950
v 359.167419 125.547371 295.297974
v 376.233978 126.496117 295.655487
v 387.446777 126.125313 295.890747
v 410.068420 126.732063 295.592438
v 421.337311 127.574684 295.636719
v 438.268951 128.138153 296.004364
v 449.205231 128.464203 295.964325
v 460.239532 127.668327 295.866791
v 89.423454 123.579536 273.605896
v 100.253448 122.511772 273.962524
v 111.813843 123.936287 273.842377
v 128.913010 124.007179 273.528290
v 140.103134 123.163841 273.514648
v 162.704224 123.137199 273.627502
v 173.983749 123.607475 273.642609
v 190.861465 126.048607 273.509918
v 201.836334 125.785637 273.467682
v 213.248795 125.514122 273.400696
v 235.617126 124.373878 273.176697
v 252.431595 124.906944 273.209717
v 269.608093 124.332741 273.241425
v 280.818878 125.881615 273.626312
v 297.228699 126.485374 273.195862
v 314.449493 127.000816 272.986053
v 336.645813 126.695030 272.725433
v 348.034546 127.214455 273.044464
v 359.164764 127.403603 273.164612
v 375.977081 127.726814 272.790771
v 387.065338 126.742668 273.005890
v 409.976776 127.076164 273.457733
v 421.114563 126.870094 273.289032
v 437.926727 127.529030 273.572113
v 449.161560 128.107864 273.420685
v 460.239502 127.071571 273.264008
v 89.423447 123.605247 256.469177
v 100.684319 123.411842 256.272980
v 111.831818 122.827477 256.168549
v 129.260895 122.746712 256.266266
v 140.344238 125.600548 256.325226
v 162.588638 123.879509 256.422882
v 173.822464 124.003059 256.399506
v 190.517181 126.203514 256.375763
v 201.890259 125.476036 256.540710
v 213.269348 125.668694 256.733398
v 235.524673 126.944221 256.537384
v 251.910004 125.365700 256.191803
v 269.641876 126.381111 256.208588
v 280.571564 124.984856 256.125580
v 297.357147 127.636818 256.287598
v 314.550232 127.717308 256.150421
v 336.406952 128.843506 256.108276
v 347.431183 127.605156 255.956375
v 358.862732 126.679741 256.754242
v 376.028046 127.035057 256.922821
v 387.252930 127.744576 256.732361
v 409.658081 127.363426 256.964355
v 421.233032 127.262581 256.913116
v 437.846436 127.992882 256.677765
v 449.185516 128.484940 257.060791
v 460.239532 128.524673 257.019836
v 89.423454 125.267464 239.426895
v 100.713509 124.538322 239.362991
v 111.898720 124.111717 239.237503
v 129.056564 126.367867 239.498550
v 140.021301 125.087990 239.442337
v 162.536926 126.754478 239.522995
v 173.433853 125.721977 239.943222
v 190.652817 125.370674 240.188217
v 201.783157 125.850624 240.105362
v 213.050400 124.170296 239.745316
v 235.565292 126.449333 239.524490
v 252.131149 126.309608 239.424454
v 269.306213 125.644356 239.475479
v 281.061096 126.153419 239.670853
v 297.294006 127.641441 239.642685
v 314.729553 126.886848 239.520615
v 336.583160 128.826584 239.629410
v 346.985260 127.555916 239.937149
v 358.817993 125.509773 239.609085
v 375.897858 125.448158 239.644058
v 387.188324 127.045601 239.723434
v 409.358490 126.709404 240.188675
v 421.301758 127.870796 240.612930
v 437.731049 126.234291 240.362564
v 449.253235 126.408134 240.298508
v 460.239502 127.440437 240.582199
v 89.423454 125.607918 228.300247
v 100.781853 125.360619 228.279800
v 111.956589 125.870445 228.073410
v 128.867157 125.685890 228.553391
v 140.161102 125.766762 228.622177
v 162.295532 125.748177 228.825729
v 173.537872 125.369194 228.520859
v 190.727554 123.566490 228.581223
v 201.957489 124.708641 228.457169
v 213.374954 124.378136 228.415512
v 235.534180 127.076637 228.391312
v 252.250381 126.943504 228.455307
v 269.352325 125.395241 228.024002
v 280.845459 126.170067 228.081619
v 297.533997 127.005363 228.227982
v 314.668762 127.766731 228.065567
v 336.279846 129.616592 228.640915
v 347.421021 127.554649 228.100388
v 358.675354 126.836479 227.914810
v 375.838654 126.826912 228.576248
v 386.729797 126.964973 228.921951
v 409.120300 126.382027 229.054459
v 420.862854 125.313042 229.276260
v 437.969910 126.650795 228.940811
v 448.756836 127.075310 229.056351
v 460.239532 125.873314 229.318741
v 89.423470 125.685692 217.368973
v 100.532478 125.508629 216.984146
v 112.058907 125.747658 217.097244
v 129.010193 124.571556 217.180893
v 140.043732 124.115822 217.358994
v 162.318588 125.512108 217.203690
v 173.414948 124.877800 217.138474
v 190.798813 124.746498 217.026382
v 202.194809 125.900810 216.936844
v 212.841873 125.851036 216.952591
v 235.639984 126.421989 217.088028
v 252.435623 127.030418 217.136520
v 269.301147 127.771065 217.126663
v 280.464935 127.138023 216.875015
v 297.752869 127.784431 216.914261
v 314.668152 128.353760 217.303970
v 336.203003 129.051544 217.365433
v 347.743896 128.807266 217.238663
v 358.519836 128.399612 217.288773
v 375.517212 127.291039 217.339615
v 387.048157 126.823616 217.179459
v 409.081512 125.827446 217.262344
v 420.719482 124.403969 217.372604
v 437.702911 126.174736 217.741714
v 448.845886 125.550041 217.911606
v 460.239532 124.542641 217.900131
v 89.423454 125.055046 205.749008
v 100.814018 125.454781 205.868973
v 111.704056 126.292442 205.975113
v 128.788071 125.426521 205.728561
v 139.877228 124.839821 205.700943
v 162.758316 125.112068 206.065201
v 173.497574 125.368889 205.823441
v 190.733994 124.451546 205.716324
v 202.338715 125.761208 205.867691
v 212.796051 126.658318 206.029861
v 235.351715 127.527107 206.218948
v 252.421524 126.661232 206.127121
v 269.407867 127.706734 206.040665
v 280.352936 127.698387 206.089890
v 297.847260 128.410416 206.112350
v 314.312653 128.966614 206.222214
v 336.338226 129.161865 206.174332
v 347.466156 128.583252 206.136490
v 358.628204 127.651283 206.060379
v 375.451508 126.931175 206.084854
v 387.117065 127.103050 206.085526
v 409.139038 126.290977 206.116776
v 420.805664 125.679420 205.947983
v 437.815857 125.312080 206.721695
v 448.711212 125.265007 206.585922
v 460.239532 124.109489 206.313553
v 89.423470 125.012154 188.836502
v 101.093552 125.104591 188.807266
v 111.943520 125.724312 188.790390
v 128.827408 125.574959 189.181595
v 140.156723 125.886253 189.144730
v 162.540771 125.135521 188.914932
v 174.025894 125.202827 189.045212
v 190.997086 125.450905 188.970871
v 201.949249 127.290306 189.023819
v 212.967072 126.932259 189.152176
v 235.854507 126.575645 189.534897
v 252.302399 127.666328 189.408829
v 269.273193 127.049583 189.822067
v 280.414948 126.495506 190.086044
v 297.450775 127.679253 189.803299
v 314.120880 128.871002 189.723038
v 336.458832 127.150764 190.081192
v 347.762665 127.476524 189.750259
v 358.781464 128.149261 189.551407
v 375.384735 128.059784 189.621780
v 386.798370 127.073448 189.612137
v 409.186768 126.719414 189.370499
v 420.634796 125.100136 189.059769
v 437.868225 125.670403 188.966812
v 448.799713 126.088707 188.795792
v 460.239502 124.594139 188.909042
v 89.423454 125.728386 177.442642
v 100.845856 125.707222 177.675369
v 111.720016 125.347542 177.765488
v 128.462051 125.479836 177.800308
v 140.509201 125.297707 177.843979
v 162.565887 124.691185 177.279739
v 235.538727 -43.651894 307.341034
v 201.893982 126.112434 177.939224
v 212.934250 125.501060 177.862869
v 235.583099 125.981651 178.182022
v 252.302109 127.505699 178.124771
v 268.740570 126.918053 178.145737
v 280.597504 125.114143 178.336746
v 297.627869 127.734764 178.411575
v 313.845795 128.083328 178.856277
v 336.693268 128.154282 178.710526
v 347.723846 128.571152 178.653458
v 358.777679 129.961639 178.377274
v 375.195618 127.917839 178.567215
v 386.885284 125.906120 178.643997
v 409.193329 126.740608 178.256943
v 420.711243 126.506920 178.178268
v 437.864502 125.472664 177.838577
v 448.840820 126.855064 177.837418
v 460.239532 125.769081 177.847916
v 89.423454 126.202965 166.501175
v 100.779259 125.581612 166.431168
v 111.843613 125.315071 166.424026
v 128.615051 125.625435 166.378006
v 140.402130 125.708427 166.198563
v 162.606094 126.899330 166.235977
v 173.658997 126.599464 166.126419
v 190.284134 126.350807 166.495712
v 201.727768 125.960762 166.538589
v 212.956085 126.892448 166.637466
v 235.055084 126.103767 167.163651
v 252.626465 126.482658 167.323013
v 268.783661 126.142799 167.048843
v 280.344940 126.734962 166.839127
v 297.460022 128.083389 167.394730
v 313.834869 126.868340 167.601791
v 336.792419 128.012466 167.625748
v 347.634705 126.714134 167.700180
v 359.018433 128.265228 167.791611
v 375.021301 125.673653 167.609329
v 386.963959 124.038170 167.492325
v 409.443970 126.681557 167.301102
v 420.892120 126.008156 166.835190
v 437.848511 126.256477 166.737228
v 449.171112 127.089027 166.485794
v 460.239532 126.035530 166.225723
v 89.423470 125.903053 149.557632
v 100.681023 125.530159 149.469528
v 112.260834 124.859703 149.668228
v 128.715134 125.840324 149.495163
v 140.079102 124.514351 149.506180
v 162.790466 126.882744 149.574478
v 173.773010 126.553917 149.460861
v 190.689514 126.983925 149.281021
v 201.678513 127.059959 149.580276
v 212.653534 126.670555 149.661697
v 234.994766 125.735420 149.931259
v 252.467514 126.931831 150.475052
v 269.223083 126.831703 150.755203
v 280.656860 127.177452 150.495956
v 297.210632 127.763420 150.429947
v 313.577820 125.711403 150.786819
v 336.842194 126.027031 150.934616
v 347.469635 126.737312 150.826370
v 358.960266 125.380455 150.711563
v 375.385284 125.769585 150.197220
v 387.162567 124.842598 149.898758
v 409.475494 125.195168 150.094131
v 421.326263 124.924248 150.028091
v 437.784485 126.532906 150.221573
v 449.130219 127.497307 150.294479
v 460.239532 127.291664 149.944870
v 89.423454 127.087212 132.526535
v 100.432381 127.192162 132.609360
v 112.154411 125.294670 132.440292
v 128.611084 125.506081 132.470688
v 140.270096 126.722237 132.598801
v 162.961029 127.550072 132.598984
v 174.059174 126.640755 133.230759
v 190.255890 128.934494 132.837265
v 201.487823 127.986000 132.963058
v 212.564590 126.715477 133.380539
v 234.863419 125.780937 132.908920
v 252.222336 124.855064 133.180405
v 268.807495 126.262505 133.505844
v 280.429138 125.598885 134.127670
v 296.914215 126.634544 133.904282
v 313.656342 125.146996 133.956589
v 336.879211 125.341606 133.458054
v 347.934265 126.059929 133.876999
v 358.962494 127.831276 133.550156
v 375.982819 125.561150 133.328659
v 387.278625 127.004066 133.495651
v 409.777771 125.547737 133.016281
v 420.958954 126.739845 133.251450
v 437.799103 126.557610 133.055161
v 449.021423 125.519936 133.012619
v 460.239532 126.383995 133.262924
v 89.423470 126.664696 121.683884
v 100.920296 127.660225 121.449448
v 112.071548 127.727776 121.436508
v 128.714371 127.113503 121.537949
v 140.137268 126.079674 121.369370
v 162.613373 126.350731 121.650314
v 174.122818 126.448967 121.545090
v 190.298523 128.610977 121.392563
v 201.460022 127.614662 121.817245
v 212.307404 126.538704 121.908188
v 234.876495 127.350899 121.866074
v 251.734314 125.210335 122.303085
v 269.039459 125.128548 122.477585
v 280.019714 123.608376 122.376389
v 297.049927 125.391319 122.669418
v 313.902954 124.386986 122.411972
v 336.583496 125.463982 122.578598
v 347.800201 125.117638 122.289902
v 359.055176 125.920891 122.379074
v 375.968323 125.232567 122.181808
v 387.270294 126.007790 121.994064
v 409.736877 125.579842 122.009933
v 420.854736 126.944710 122.083542
v 437.758484 126.304878 122.201157
v 449.196259 126.783623 121.991562
v 460.239502 126.457405 121.875351
v 89.423470 126.437904 104.365860
v 100.777283 126.510994 104.610733
v 111.946915 126.491798 104.831741
v 128.856476 126.548973 104.879227
v 140.230865 126.595268 104.904617
v 162.601822 126.527855 104.519058
v 174.125641 128.708115 104.623428
v 190.303009 126.518837 105.417740
v 201.324066 127.024330 105.065201
v 212.505447 126.565742 104.872940
v 235.114563 124.811928 105.309891
v 251.480881 124.951805 105.177261
v 269.177979 125.439262 105.397598
v 280.033539 125.364647 105.195938
v 297.159241 124.575554 105.553543
v 314.120636 124.074883 105.190018
v 336.453491 124.720695 105.217728
v 348.117249 124.965538 105.224136
v 359.122955 125.169624 105.302139
v 376.059875 126.951561 105.201736
v 387.426178 127.412010 105.109695
v 409.363159 126.670570 105.180984
v 420.809448 124.857735 105.222672
v 437.677948 126.203209 105.345474
v 448.804657 124.937279 105.468521
v 460.239532 125.625374 105.216934
v 89.423470 126.389137 87.944839
v 100.804337 125.843117 88.146866
v 111.971390 127.142097 87.780960
v 128.678284 126.254631 87.844864
v 140.197052 126.631386 87.826736
v 162.451996 126.963722 88.360855
v 173.686401 127.051689 88.652725
v 190.576416 127.966805 88.164505
v 201.316879 127.543175 88.054947
v 212.714142 129.055893 88.347000
v 234.593185 125.425728 88.352554
v 251.774353 125.217049 88.249283
v 268.954315 123.926521 88.257095
v 280.297882 124.892494 88.352371
v 296.977325 123.604652 88.287735
v 314.548431 123.878120 88.374405
v 336.671600 124.822136 87.907730
v 348.112885 125.296150 88.026932
v 358.717377 124.522392 87.870743
v 376.405823 124.676308 88.486954
v 387.162231 126.581123 88.688492
v 409.499023 126.606163 88.580948
v 420.796875 126.091438 88.405289
v 437.899445 125.655693 88.536514
v 448.916901 126.295265 88.142899
v 460.239532 126.311104 88.106949
v 89.423470 127.998009 76.643326
v 100.636314 127.545616 76.274673
v 112.162308 126.644463 76.319229
v 128.846436 127.368202 76.382706
v 140.082886 126.166679 76.887283
v 162.217346 127.210426 76.800430
v 173.368896 126.423744 77.078873
v 190.566757 127.090080 77.463516
v 201.620041 127.221870 77.335098
v 212.541672 127.396156 76.915421
v 235.006058 124.815544 77.460587
v 252.032059 124.648811 76.778946
v 268.771820 124.618279 77.047501
v 280.235626 125.866325 77.177872
v 297.254974 124.378365 76.956436
v 314.610107 124.094490 76.745804
v 336.815552 127.792534 76.715958
v 347.624023 126.267159 76.748245
v 359.047180 126.333641 76.822159
v 376.234039 125.679588 76.748734
v 387.377167 126.254494 77.139847
v 409.392761 125.543617 77.063736
v 420.633514 126.155754 77.126053
v 437.691864 125.990639 77.113541
v 449.092194 124.853981 77.250320
v 460.239502 126.466850 77.018509
v 89.423454 126.510445 65.425308
v 100.817078 127.191185 65.480667
v 112.178818 127.944923 65.525772
v 128.782028 127.523125 65.659500
v 140.095566 127.690987 65.208389
v 162.400513 127.220085 65.573257
v 173.226822 126.720284 65.914932
v 190.491165 125.922295 66.014725
v 201.839264 125.612450 66.423050
v 212.882706 128.287292 66.338638
v 235.062561 124.291878 65.487198
v 252.127579 124.638191 65.460770
v 268.797485 125.270302 66.046768
v 280.001373 124.843910 65.949234
v 297.470764 123.891975 66.013687
v 314.931488 125.498894 65.684708
v 336.662476 126.469917 65.877335
v 347.885132 125.998268 65.889420
v 359.038635 126.449959 65.751480
v 376.201935 126.539848 65.812515
v 387.004242 127.597755 65.791275
v 409.552551 126.489784 66.047745
v 420.799225 125.754478 65.848099
v 437.436127 126.158714 65.738113
v 449.395386 125.902855 66.072037
v 460.239502 125.414421 66.040054
v 89.423454 128.778839 48.864639
v 100.685249 126.850014 48.847183
v 112.245911 127.596886 48.824600
v 129.141846 129.036758 48.778214
v 139.723495 128.132004 49.167618
v 161.859573 125.791862 48.865372
v 173.565323 125.596977 48.983170
v 190.511139 126.446266 48.842667
v 201.333237 124.938133 48.818924
v 213.009796 125.156258 49.056046
v 235.098404 124.679878 48.588638
v 251.664246 125.488060 48.891739
v 268.608093 124.346855 48.699234
v 280.190796 122.844810 48.778091
v 297.710236 123.479362 48.603531
v 314.541718 124.921532 48.891861
v 336.743469 126.119865 48.932999
v 347.641602 125.733925 48.960464
v 358.941406 124.906639 48.895889
v 376.241089 125.267555 49.099136
v 387.016876 125.803078 49.079117
v 409.535797 126.168388 48.727737
v 420.559296 126.338539 48.985550
v 437.667938 124.962257 49.451126
v 449.013733 125.535454 49.251724
v 460.239532 126.298317 49.242752
v 89.423454 127.660179 31.501724
v 100.759865 128.079819 31.501724
v 111.880257 125.976677 31.501724
v 128.974960 126.151939 31.501724
v 140.209595 126.037712 31.501724
v 162.352676 127.386528 31.501724
v 173.198914 126.935646 31.501724
v 190.585770 125.904686 31.501724
v 201.950104 125.510551 31.501724
v 213.020340 126.373497 31.501724
v 235.296021 124.938805 31.501724
v 252.257950 125.878441 31.501724
v 269.187073 124.759712 31.501724
v 280.583252 126.390816 31.501724
v 297.458710 125.385963 31.501724
v 314.193756 126.279015 31.501724
v 336.610291 126.060249 31.501724
v 347.888519 124.271202 31.501724
v 359.585938 125.362877 31.501724
v 376.180511 125.905159 31.501724
v 386.909149 127.349129 31.501724
v 409.813904 126.684471 31.501724
v 420.711792 127.228676 31.501724
v 437.401215 127.024162 31.501724
v 448.766388 126.579964 31.501724
v 460.239532 124.913307 31.501724
v 89.423454 -43.651798 773.893738
v 162.732697 -43.651798 773.893738
v 235.645813 -43.651798 773.893738
v 314.017151 -43.651798 773.893738
v 409.564026 -43.651798 773.893738
v 460.239532 -43.651798 773.893738
v 89.423454 -43.651814 689.217224
v 409.939484 -43.651814 689.292358
v 460.239532 -43.651814 689.595337
v 162.646088 -43.651814 689.380920
v 235.121246 -43.651814 689.568176
v 314.564545 -43.651814 689.871338
v 409.153778 -43.651844 560.616028
v 89.423454 -43.651844 560.612061
v 314.079865 -43.651844 560.277954
v 460.239502 -43.651844 561.017334
v 162.777679 -43.651844 559.815979
v 409.810486 -43.651859 430.578522
v 314.124207 -43.651859 431.118988
v 89.423454 -43.651859 431.570496
v 235.357162 -43.651859 431.431000
v 460.239532 -43.651859 430.655426
v 161.683044 -43.651859 431.467255
v 235.538727 -43.651890 307.341034
v 460.239502 -43.651890 306.889526
v 89.423454 -43.651890 307.804596
v 410.107635 -43.651890 307.173737
v 162.650894 -43.651890 307.418182
v 314.305817 -43.651890 307.029022
v 89.423454 -43.651890 205.749008
v 460.239532 -43.651890 206.313553
v 314.312653 -43.651890 206.222214
v 409.139038 -43.651890 206.116776
v 162.758316 -43.651890 206.065201
v 235.351715 -43.651890 206.218948
v 89.423470 -43.651920 87.944839
v 162.451996 -43.651920 88.360855
v 234.593185 -43.651920 88.352554
v 460.239532 -43.651920 88.106949
v 409.499023 -43.651920 88.580948
v 314.548431 -43.651920 88.374405
v 89.423454 -43.651920 31.501724
v 162.352676 -43.651920 31.501724
v 235.296021 -43.651920 31.501724
v 314.193756 -43.651920 31.501724
v 409.813904 -43.651920 31.501724
v 460.239532 -43.651920 31.501724
v 173.765076 125.537506 508.790466
v 162.474640 126.949020 508.956909
v 190.284134 125.706841 177.690125
v 173.892792 125.106232 177.447449
vt 0.284722 0.000000
vt 0.284722 0.020833
vt 0.270833 0.000000
vt 0.270833 0.020833
vt 0.298611 0.000000
vt 0.298611 0.020833
vt 0.319444 0.000000
vt 0.319444 0.020833
vt 0.333333 0.000000
vt 0.333333 0.020833
vt 0.361111 0.000000
vt 0.361111 0.020833
vt 0.375000 0.000000
vt 0.375000 0.020833
vt 0.395833 0.000000
vt 0.395833 0.020833
vt 0.409722 0.000000
vt 0.409722 0.020833
vt 0.423611 0.000000
vt 0.423611 0.020833
vt 0.451389 0.000000
vt 0.451389 0.020833
vt 0.472222 0.000000
vt 0.472222 0.020833
vt 0.493056 0.000000
vt 0.493056 0.020833
vt 0.506944 0.000000
vt 0.506944 0.020833
vt 0.527778 0.000000
vt 0.527778 0.020833
vt 0.548611 0.000000
vt 0.548611 0.020833
vt 0.576389 0.000000
vt 0.576389 0.020833
vt 0.590278 0.000000
vt 0.590278 0.020833
vt 0.604167 0.000000
vt 0.604167 0.020833
vt 0.625000 0.000000
vt 0.625000 0.020833
vt 0.638889 0.000000
vt 0.638889 0.020833
vt 0.666667 0.000000
vt 0.666667 0.020833
vt 0.680556 0.000000
vt 0.680556 0.020833
vt 0.701389 0.000000
vt 0.701389 0.020833
vt 0.715278 0.000000
vt 0.715278 0.020833
vt 0.729167 0.000000
vt 0.729167 0.020833
vt 0.270833 0.041667
vt 0.284722 0.041667
vt 0.298611 0.041667
vt 0.319444 0.041667
vt 0.333333 0.041667
vt 0.361111 0.041667
vt 0.375000 0.041667
vt 0.395833 0.041667
vt 0.409722 0.041667
vt 0.423611 0.041667
vt 0.451389 0.041667
vt 0.472222 0.041667
vt 0.493056 0.041667
vt 0.506944 0.041667
vt 0.527778 0.041667
vt 0.548611 0.041667
vt 0.576389 0.041667
vt 0.590278 0.041667
vt 0.604167 0.041667
vt 0.625000 0.041667
vt 0.638889 0.041667
vt 0.666667 0.041667
vt 0.680556 0.041667
vt 0.701389 0.041667
vt 0.715278 0.041667
vt 0.729167 0.041667
vt 0.270833 0.069444
vt 0.284722 0.069444
vt 0.298611 0.069444
vt 0.319444 0.069444
vt 0.333333 0.069444
vt 0.361111 0.069444
vt 0.375000 0.069444
vt 0.395833 0.069444
vt 0.409722 0.069444
vt 0.423611 0.069444
vt 0.451389 0.069444
vt 0.472222 0.069444
vt 0.493056 0.069444
vt 0.506944 0.069444
vt 0.527778 0.069444
vt 0.548611 0.069444
vt 0.576389 0.069444
vt 0.590278 0.069444
vt 0.604167 0.069444
vt 0.625000 0.069444
vt 0.638889 0.069444
vt 0.666667 0.069444
vt 0.680556 0.069444
vt 0.701389 0.069444
vt 0.715278 0.069444
vt 0.729167 0.069444
vt 0.284722 0.104167
vt 0.270833 0.104167
vt 0.298611 0.104167
vt 0.319444 0.104167
vt 0.333333 0.104167
vt 0.361111 0.104167
vt 0.375000 0.104167
vt 0.395833 0.104167
vt 0.409722 0.104167
vt 0.423611 0.104167
vt 0.451389 0.104167
vt 0.472222 0.104167
vt 0.493056 0.104167
vt 0.506944 0.104167
vt 0.527778 0.104167
vt 0.548611 0.104167
vt 0.576389 0.104167
vt 0.590278 0.104167
vt 0.604167 0.104167
vt 0.625000 0.104167
vt 0.638889 0.104167
vt 0.666667 0.104167
vt 0.680556 0.104167
vt 0.701389 0.104167
vt 0.715278 0.104167
vt 0.729167 0.104167
vt 0.284722 0.125000
vt 0.270833 0.125000
vt 0.298611 0.125000
vt 0.319444 0.125000
vt 0.333333 0.125000
vt 0.361111 0.125000
vt 0.375000 0.125000
vt 0.395833 0.125000
vt 0.409722 0.125000
vt 0.423611 0.125000
vt 0.451389 0.125000
vt 0.472222 0.125000
vt 0.493056 0.125000
vt 0.506944 0.125000
vt 0.527778 0.125000
vt 0.548611 0.125000
vt 0.576389 0.125000
vt 0.590278 0.125000
vt 0.604167 0.125000
vt 0.625000 0.125000
vt 0.638889 0.125000
vt 0.666667 0.125000
vt 0.680556 0.125000
vt 0.701389 0.125000
vt 0.715278 0.125000
vt 0.729167 0.125000
vt 0.270833 0.138889
vt 0.284722 0.138889
vt 0.298611 0.138889
vt 0.319444 0.138889
vt 0.333333 0.138889
vt 0.361111 0.138889
vt 0.375000 0.138889
vt 0.395833 0.138889
vt 0.409722 0.138889
vt 0.423611 0.138889
vt 0.451389 0.138889
vt 0.472222 0.138889
vt 0.493056 0.138889
vt 0.506944 0.138889
vt 0.527778 0.138889
vt 0.548611 0.138889
vt 0.576389 0.138889
vt 0.590278 0.138889
vt 0.604167 0.138889
vt 0.625000 0.138889
vt 0.638889 0.138889
vt 0.666667 0.138889
vt 0.680556 0.138889
vt 0.701389 0.138889
vt 0.715278 0.138889
vt 0.729167 0.138889
vt 0.270833 0.152778
vt 0.284722 0.152778
vt 0.298611 0.152778
vt 0.319444 0.152778
vt 0.333333 0.152778
vt 0.361111 0.152778
vt 0.375000 0.152778
vt 0.395833 0.152778
vt 0.409722 0.152778
vt 0.423611 0.152778
vt 0.451389 0.152778
vt 0.472222 0.152778
vt 0.493056 0.152778
vt 0.506944 0.152778
vt 0.527778 0.152778
vt 0.548611 0.152778
vt 0.576389 0.152778
vt 0.590278 0.152778
vt 0.604167 0.152778
vt 0.625000 0.152778
vt 0.638889 0.152778
vt 0.666667 0.152778
vt 0.680556 0.152778
vt 0.701389 0.152778
vt 0.715278 0.152778
vt 0.729167 0.152778
vt 0.270833 0.173611
vt 0.284722 0.173611
vt 0.298611 0.173611
vt 0.319444 0.173611
vt 0.333333 0.173611
vt 0.361111 0.173611
vt 0.375000 0.173611
vt 0.395833 0.173611
vt 0.409722 0.173611
vt 0.423611 0.173611
vt 0.451389 0.173611
vt 0.472222 0.173611
vt 0.493056 0.173611
vt 0.506944 0.173611
vt 0.527778 0.173611
vt 0.548611 0.173611
vt 0.576389 0.173611
vt 0.590278 0.173611
vt 0.604167 0.173611
vt 0.625000 0.173611
vt 0.638889 0.173611
vt 0.666667 0.173611
vt 0.680556 0.173611
vt 0.701389 0.173611
vt 0.715278 0.173611
vt 0.729167 0.173611
vt 0.270833 0.194444
vt 0.284722 0.194444
vt 0.298611 0.194444
vt 0.319444 0.194444
vt 0.333333 0.194444
vt 0.361111 0.194444
vt 0.375000 0.194444
vt 0.395833 0.194444
vt 0.409722 0.194444
vt 0.423611 0.194444
vt 0.451389 0.194444
vt 0.472222 0.194444
vt 0.493056 0.194444
vt 0.506944 0.194444
vt 0.527778 0.194444
vt 0.548611 0.194444
vt 0.576389 0.194444
vt 0.590278 0.194444
vt 0.604167 0.194444
vt 0.625000 0.194444
vt 0.638889 0.194444
vt 0.666667 0.194444
vt 0.680556 0.194444
vt 0.701389 0.194444
vt 0.715278 0.194444
vt 0.729167 0.194444
vt 0.270833 0.208333
vt 0.284722 0.208333
vt 0.298611 0.208333
vt 0.319444 0.208333
vt 0.333333 0.208333
vt 0.361111 0.208333
vt 0.375000 0.208333
vt 0.395833 0.208333
vt 0.409722 0.208333
vt 0.423611 0.208333
vt 0.451389 0.208333
vt 0.472222 0.208333
vt 0.493056 0.208333
vt 0.506944 0.208333
vt 0.527778 0.208333
vt 0.548611 0.208333
vt 0.576389 0.208333
vt 0.590278 0.208333
vt 0.604167 0.208333
vt 0.625000 0.208333
vt 0.638889 0.208333
vt 0.666667 0.208333
vt 0.680556 0.208333
vt 0.701389 0.208333
vt 0.715278 0.208333
vt 0.729167 0.208333
vt 0.284722 0.229167
vt 0.270833 0.229167
vt 0.298611 0.229167
vt 0.319444 0.229167
vt 0.333333 0.229167
vt 0.361111 0.229167
vt 0.375000 0.229167
vt 0.395833 0.229167
vt 0.409722 0.229167
vt 0.423611 0.229167
vt 0.451389 0.229167
vt 0.472222 0.229167
vt 0.493056 0.229167
vt 0.506944 0.229167
vt 0.527778 0.229167
vt 0.548611 0.229167
vt 0.576389 0.229167
vt 0.590278 0.229167
vt 0.604167 0.229167
vt 0.625000 0.229167
vt 0.638889 0.229167
vt 0.666667 0.229167
vt 0.680556 0.229167
vt 0.701389 0.229167
vt 0.715278 0.229167
vt 0.729167 0.229167
vt 0.270833 0.250000
vt 0.284722 0.250000
vt 0.298611 0.250000
vt 0.319444 0.250000
vt 0.333333 0.250000
vt 0.361111 0.250000
vt 0.375000 0.250000
vt 0.395833 0.250000
vt 0.409722 0.250000
vt 0.423611 0.250000
vt 0.451389 0.250000
vt 0.472222 0.250000
vt 0.493056 0.250000
vt 0.506944 0.250000
vt 0.527778 0.250000
vt 0.548611 0.250000
vt 0.576389 0.250000
vt 0.590278 0.250000
vt 0.604167 0.250000
vt 0.625000 0.250000
vt 0.638889 0.250000
vt 0.666667 0.250000
vt 0.680556 0.250000
vt 0.701389 0.250000
vt 0.715278 0.250000
vt 0.729167 0.250000
vt 0.270833 0.263889
vt 0.284722 0.263889
vt 0.298611 0.263889
vt 0.319444 0.263889
vt 0.333333 0.263889
vt 0.361111 0.263889
vt 0.375000 0.263889
vt 0.395833 0.263889
vt 0.409722 0.263889
vt 0.423611 0.263889
vt 0.451389 0.263889
vt 0.472222 0.263889
vt 0.493056 0.263889
vt 0.506944 0.263889
vt 0.527778 0.263889
vt 0.548611 0.263889
vt 0.576389 0.263889
vt 0.590278 0.263889
vt 0.604167 0.263889
vt 0.625000 0.263889
vt 0.638889 0.263889
vt 0.666667 0.263889
vt 0.680556 0.263889
vt 0.701389 0.263889
vt 0.715278 0.263889
vt 0.729167 0.263889
vt 0.284722 0.277778
vt 0.270833 0.277778
vt 0.298611 0.277778
vt 0.319444 0.277778
vt 0.333333 0.277778
vt 0.361111 0.277778
vt 0.375000 0.277778
vt 0.395833 0.277778
vt 0.409722 0.277778
vt 0.423611 0.277778
vt 0.451389 0.277778
vt 0.472222 0.277778
vt 0.493056 0.277778
vt 0.506944 0.277778
vt 0.527778 0.277778
vt 0.548611 0.277778
vt 0.576389 0.277778
vt 0.590278 0.277778
vt 0.604167 0.277778
vt 0.625000 0.277778
vt 0.638889 0.277778
vt 0.666667 0.277778
vt 0.680556 0.277778
vt 0.701389 0.277778
vt 0.715278 0.277778
vt 0.729167 0.277778
vt 0.270833 0.298611
vt 0.284722 0.298611
vt 0.298611 0.298611
vt 0.319444 0.298611
vt 0.333333 0.298611
vt 0.361111 0.298611
vt 0.375000 0.298611
vt 0.395833 0.298611
vt 0.409722 0.298611
vt 0.423611 0.298611
vt 0.451389 0.298611
vt 0.472222 0.298611
vt 0.493056 0.298611
vt 0.506944 0.298611
vt 0.527778 0.298611
vt 0.548611 0.298611
vt 0.576389 0.298611
vt 0.590278 0.298611
vt 0.604167 0.298611
vt 0.625000 0.298611
vt 0.638889 0.298611
vt 0.666667 0.298611
vt 0.680556 0.298611
vt 0.701389 0.298611
vt 0.715278 0.298611
vt 0.729167 0.298611
vt 0.270833 0.312500
vt 0.284722 0.312500
vt 0.298611 0.312500
vt 0.319444 0.312500
vt 0.333333 0.312500
vt 0.361111 0.312500
vt 0.375000 0.312500
vt 0.395833 0.312500
vt 0.409722 0.312500
vt 0.423611 0.312500
vt 0.451389 0.312500
vt 0.472222 0.312500
vt 0.493056 0.312500
vt 0.506944 0.312500
vt 0.527778 0.312500
vt 0.548611 0.312500
vt 0.576389 0.312500
vt 0.590278 0.312500
vt 0.604167 0.312500
vt 0.625000 0.312500
vt 0.638889 0.312500
vt 0.666667 0.312500
vt 0.680556 0.312500
vt 0.701389 0.312500
vt 0.715278 0.312500
vt 0.729167 0.312500
vt 0.270833 0.326389
vt 0.284722 0.326389
vt 0.298611 0.326389
vt 0.319444 0.326389
vt 0.333333 0.326389
vt 0.395833 0.326389
vt 0.409722 0.326389
vt 0.423611 0.326389
vt 0.451389 0.326389
vt 0.472222 0.326389
vt 0.493056 0.326389
vt 0.506944 0.326389
vt 0.527778 0.326389
vt 0.548611 0.326389
vt 0.576389 0.326389
vt 0.590278 0.326389
vt 0.604167 0.326389
vt 0.625000 0.326389
vt 0.638889 0.326389
vt 0.666667 0.326389
vt 0.680556 0.326389
vt 0.701389 0.326389
vt 0.715278 0.326389
vt 0.729167 0.326389
vt 0.284722 0.340278
vt 0.270833 0.340278
vt 0.298611 0.340278
vt 0.319444 0.340278
vt 0.333333 0.340278
vt 0.361111 0.340278
vt 0.375000 0.340278
vt 0.395833 0.340278
vt 0.409722 0.340278
vt 0.423611 0.340278
vt 0.451389 0.340278
vt 0.472222 0.340278
vt 0.493056 0.340278
vt 0.506944 0.340278
vt 0.527778 0.340278
vt 0.548611 0.340278
vt 0.576389 0.340278
vt 0.590278 0.340278
vt 0.604167 0.340278
vt 0.625000 0.340278
vt 0.638889 0.340278
vt 0.666667 0.340278
vt 0.680556 0.340278
vt 0.701389 0.340278
vt 0.715278 0.340278
vt 0.729167 0.340278
vt 0.284722 0.361111
vt 0.270833 0.361111
vt 0.298611 0.361111
vt 0.319444 0.361111
vt 0.333333 0.361111
vt 0.361111 0.361111
vt 0.375000 0.361111
vt 0.395833 0.361111
vt 0.409722 0.361111
vt 0.423611 0.361111
vt 0.451389 0.361111
vt 0.472222 0.361111
vt 0.493056 0.361111
vt 0.506944 0.361111
vt 0.527778 0.361111
vt 0.548611 0.361111
vt 0.576389 0.361111
vt 0.590278 0.361111
vt 0.604167 0.361111
vt 0.625000 0.361111
vt 0.638889 0.361111
vt 0.666667 0.361111
vt 0.680556 0.361111
vt 0.701389 0.361111
vt 0.715278 0.361111
vt 0.729167 0.361111
vt 0.270833 0.381944
vt 0.284722 0.381944
vt 0.298611 0.381944
vt 0.319444 0.381944
vt 0.333333 0.381944
vt 0.361111 0.381944
vt 0.375000 0.381944
vt 0.395833 0.381944
vt 0.409722 0.381944
vt 0.423611 0.381944
vt 0.451389 0.381944
vt 0.472222 0.381944
vt 0.493056 0.381944
vt 0.506944 0.381944
vt 0.527778 0.381944
vt 0.548611 0.381944
vt 0.576389 0.381944
vt 0.590278 0.381944
vt 0.604167 0.381944
vt 0.625000 0.381944
vt 0.638889 0.381944
vt 0.666667 0.381944
vt 0.680556 0.381944
vt 0.701389 0.381944
vt 0.715278 0.381944
vt 0.729167 0.381944
vt 0.270833 0.409722
vt 0.284722 0.409722
vt 0.298611 0.409722
vt 0.319444 0.409722
vt 0.333333 0.409722
vt 0.361111 0.409722
vt 0.375000 0.409722
vt 0.395833 0.409722
vt 0.409722 0.409722
vt 0.423611 0.409722
vt 0.451389 0.409722
vt 0.472222 0.409722
vt 0.493056 0.409722
vt 0.506944 0.409722
vt 0.527778 0.409722
vt 0.548611 0.409722
vt 0.576389 0.409722
vt 0.590278 0.409722
vt 0.604167 0.409722
vt 0.625000 0.409722
vt 0.638889 0.409722
vt 0.666667 0.409722
vt 0.680556 0.409722
vt 0.701389 0.409722
vt 0.715278 0.409722
vt 0.729167 0.409722
vt 0.284722 0.423611
vt 0.270833 0.423611
vt 0.298611 0.423611
vt 0.319444 0.423611
vt 0.333333 0.423611
vt 0.361111 0.423611
vt 0.375000 0.423611
vt 0.395833 0.423611
vt 0.409722 0.423611
vt 0.423611 0.423611
vt 0.451389 0.423611
vt 0.472222 0.423611
vt 0.493056 0.423611
vt 0.506944 0.423611
vt 0.527778 0.423611
vt 0.548611 0.423611
vt 0.576389 0.423611
vt 0.590278 0.423611
vt 0.604167 0.423611
vt 0.625000 0.423611
vt 0.638889 0.423611
vt 0.666667 0.423611
vt 0.680556 0.423611
vt 0.701389 0.423611
vt 0.715278 0.423611
vt 0.729167 0.423611
vt 0.284722 0.444444
vt 0.270833 0.444444
vt 0.298611 0.444444
vt 0.319444 0.444444
vt 0.333333 0.444444
vt 0.361111 0.444444
vt 0.375000 0.444444
vt 0.395833 0.444444
vt 0.409722 0.444444
vt 0.423611 0.444444
vt 0.451389 0.444444
vt 0.472222 0.444444
vt 0.493056 0.444444
vt 0.506944 0.444444
vt 0.527778 0.444444
vt 0.548611 0.444444
vt 0.576389 0.444444
vt 0.590278 0.444444
vt 0.604167 0.444444
vt 0.625000 0.444444
vt 0.638889 0.444444
vt 0.666667 0.444444
vt 0.680556 0.444444
vt 0.701389 0.444444
vt 0.715278 0.444444
vt 0.729167 0.444444
vt 0.284722 0.472222
vt 0.270833 0.472222
vt 0.298611 0.472222
vt 0.319444 0.472222
vt 0.333333 0.472222
vt 0.361111 0.472222
vt 0.375000 0.472222
vt 0.395833 0.472222
vt 0.409722 0.472222
vt 0.423611 0.472222
vt 0.451389 0.472222
vt 0.472222 0.472222
vt 0.493056 0.472222
vt 0.506944 0.472222
vt 0.527778 0.472222
vt 0.548611 0.472222
vt 0.576389 0.472222
vt 0.590278 0.472222
vt 0.604167 0.472222
vt 0.625000 0.472222
vt 0.638889 0.472222
vt 0.666667 0.472222
vt 0.680556 0.472222
vt 0.701389 0.472222
vt 0.715278 0.472222
vt 0.729167 0.472222
vt 0.284722 0.493056
vt 0.270833 0.493056
vt 0.298611 0.493056
vt 0.319444 0.493056
vt 0.333333 0.493056
vt 0.361111 0.493056
vt 0.375000 0.493056
vt 0.395833 0.493056
vt 0.409722 0.493056
vt 0.423611 0.493056
vt 0.451389 0.493056
vt 0.472222 0.493056
vt 0.493056 0.493056
vt 0.506944 0.493056
vt 0.527778 0.493056
vt 0.548611 0.493056
vt 0.576389 0.493056
vt 0.590278 0.493056
vt 0.604167 0.493056
vt 0.625000 0.493056
vt 0.638889 0.493056
vt 0.666667 0.493056
vt 0.680556 0.493056
vt 0.701389 0.493056
vt 0.715278 0.493056
vt 0.729167 0.493056
vt 0.270833 0.506944
vt 0.284722 0.506944
vt 0.298611 0.506944
vt 0.319444 0.506944
vt 0.333333 0.506944
vt 0.361111 0.506944
vt 0.375000 0.506944
vt 0.395833 0.506944
vt 0.409722 0.506944
vt 0.423611 0.506944
vt 0.451389 0.506944
vt 0.472222 0.506944
vt 0.493056 0.506944
vt 0.506944 0.506944
vt 0.527778 0.506944
vt 0.548611 0.506944
vt 0.576389 0.506944
vt 0.590278 0.506944
vt 0.604167 0.506944
vt 0.625000 0.506944
vt 0.638889 0.506944
vt 0.666667 0.506944
vt 0.680556 0.506944
vt 0.701389 0.506944
vt 0.715278 0.506944
vt 0.729167 0.506944
vt 0.270833 0.527778
vt 0.284722 0.527778
vt 0.298611 0.527778
vt 0.319444 0.527778
vt 0.333333 0.527778
vt 0.361111 0.527778
vt 0.375000 0.527778
vt 0.395833 0.527778
vt 0.409722 0.527778
vt 0.423611 0.527778
vt 0.451389 0.527778
vt 0.472222 0.527778
vt 0.493056 0.527778
vt 0.506944 0.527778
vt 0.527778 0.527778
vt 0.548611 0.527778
vt 0.576389 0.527778
vt 0.590278 0.527778
vt 0.604167 0.527778
vt 0.625000 0.527778
vt 0.638889 0.527778
vt 0.666667 0.527778
vt 0.680556 0.527778
vt 0.701389 0.527778
vt 0.715278 0.527778
vt 0.729167 0.527778
vt 0.284722 0.555556
vt 0.270833 0.555556
vt 0.298611 0.555556
vt 0.319444 0.555556
vt 0.333333 0.555556
vt 0.361111 0.555556
vt 0.375000 0.555556
vt 0.395833 0.555556
vt 0.409722 0.555556
vt 0.423611 0.555556
vt 0.451389 0.555556
vt 0.472222 0.555556
vt 0.493056 0.555556
vt 0.506944 0.555556
vt 0.527778 0.555556
vt 0.548611 0.555556
vt 0.576389 0.555556
vt 0.590278 0.555556
vt 0.604167 0.555556
vt 0.625000 0.555556
vt 0.638889 0.555556
vt 0.666667 0.555556
vt 0.680556 0.555556
vt 0.701389 0.555556
vt 0.715278 0.555556
vt 0.729167 0.555556
vt 0.270833 0.576389
vt 0.284722 0.576389
vt 0.298611 0.576389
vt 0.319444 0.576389
vt 0.333333 0.576389
vt 0.361111 0.576389
vt 0.375000 0.576389
vt 0.395833 0.576389
vt 0.409722 0.576389
vt 0.423611 0.576389
vt 0.451389 0.576389
vt 0.472222 0.576389
vt 0.493056 0.576389
vt 0.506944 0.576389
vt 0.527778 0.576389
vt 0.548611 0.576389
vt 0.576389 0.576389
vt 0.590278 0.576389
vt 0.604167 0.576389
vt 0.625000 0.576389
vt 0.638889 0.576389
vt 0.666667 0.576389
vt 0.680556 0.576389
vt 0.701389 0.576389
vt 0.715278 0.576389
vt 0.729167 0.576389
vt 0.270833 0.590278
vt 0.284722 0.590278
vt 0.298611 0.590278
vt 0.319444 0.590278
vt 0.333333 0.590278
vt 0.361111 0.590278
vt 0.375000 0.590278
vt 0.395833 0.590278
vt 0.409722 0.590278
vt 0.423611 0.590278
vt 0.451389 0.590278
vt 0.472222 0.590278
vt 0.493056 0.590278
vt 0.506944 0.590278
vt 0.527778 0.590278
vt 0.548611 0.590278
vt 0.576389 0.590278
vt 0.590278 0.590278
vt 0.604167 0.590278
vt 0.625000 0.590278
vt 0.638889 0.590278
vt 0.666667 0.590278
vt 0.680556 0.590278
vt 0.701389 0.590278
vt 0.715278 0.590278
vt 0.729167 0.590278
vt 0.284722 0.618056
vt 0.270833 0.618056
vt 0.298611 0.618056
vt 0.319444 0.618056
vt 0.333333 0.618056
vt 0.361111 0.618056
vt 0.375000 0.618056
vt 0.395833 0.618056
vt 0.409722 0.618056
vt 0.423611 0.618056
vt 0.451389 0.618056
vt 0.472222 0.618056
vt 0.493056 0.618056
vt 0.506944 0.618056
vt 0.527778 0.618056
vt 0.548611 0.618056
vt 0.576389 0.618056
vt 0.590278 0.618056
vt 0.604167 0.618056
vt 0.625000 0.618056
vt 0.638889 0.618056
vt 0.666667 0.618056
vt 0.680556 0.618056
vt 0.701389 0.618056
vt 0.715278 0.618056
vt 0.729167 0.618056
vt 0.270833 0.638889
vt 0.284722 0.638889
vt 0.298611 0.638889
vt 0.319444 0.638889
vt 0.333333 0.638889
vt 0.361111 0.638889
vt 0.375000 0.638889
vt 0.395833 0.638889
vt 0.409722 0.638889
vt 0.423611 0.638889
vt 0.451389 0.638889
vt 0.472222 0.638889
vt 0.493056 0.638889
vt 0.506944 0.638889
vt 0.527778 0.638889
vt 0.548611 0.638889
vt 0.576389 0.638889
vt 0.590278 0.638889
vt 0.604167 0.638889
vt 0.625000 0.638889
vt 0.638889 0.638889
vt 0.666667 0.638889
vt 0.680556 0.638889
vt 0.701389 0.638889
vt 0.715278 0.638889
vt 0.729167 0.638889
vt 0.270833 0.659722
vt 0.284722 0.659722
vt 0.298611 0.659722
vt 0.319444 0.659722
vt 0.333333 0.659722
vt 0.361111 0.659722
vt 0.375000 0.659722
vt 0.395833 0.659722
vt 0.409722 0.659722
vt 0.423611 0.659722
vt 0.451389 0.659722
vt 0.472222 0.659722
vt 0.493056 0.659722
vt 0.506944 0.659722
vt 0.527778 0.659722
vt 0.548611 0.659722
vt 0.576389 0.659722
vt 0.590278 0.659722
vt 0.604167 0.659722
vt 0.625000 0.659722
vt 0.638889 0.659722
vt 0.666667 0.659722
vt 0.680556 0.659722
vt 0.701389 0.659722
vt 0.715278 0.659722
vt 0.729167 0.659722
vt 0.270833 0.673611
vt 0.284722 0.673611
vt 0.298611 0.673611
vt 0.319444 0.673611
vt 0.333333 0.673611
vt 0.361111 0.673611
vt 0.375000 0.673611
vt 0.395833 0.673611
vt 0.409722 0.673611
vt 0.423611 0.673611
vt 0.451389 0.673611
vt 0.472222 0.673611
vt 0.493056 0.673611
vt 0.506944 0.673611
vt 0.527778 0.673611
vt 0.548611 0.673611
vt 0.576389 0.673611
vt 0.590278 0.673611
vt 0.604167 0.673611
vt 0.625000 0.673611
vt 0.638889 0.673611
vt 0.666667 0.673611
vt 0.680556 0.673611
vt 0.701389 0.673611
vt 0.715278 0.673611
vt 0.729167 0.673611
vt 0.270833 0.687500
vt 0.284722 0.687500
vt 0.298611 0.687500
vt 0.319444 0.687500
vt 0.333333 0.687500
vt 0.361111 0.687500
vt 0.375000 0.687500
vt 0.395833 0.687500
vt 0.409722 0.687500
vt 0.423611 0.687500
vt 0.451389 0.687500
vt 0.472222 0.687500
vt 0.493056 0.687500
vt 0.506944 0.687500
vt 0.527778 0.687500
vt 0.548611 0.687500
vt 0.576389 0.687500
vt 0.590278 0.687500
vt 0.604167 0.687500
vt 0.625000 0.687500
vt 0.638889 0.687500
vt 0.666667 0.687500
vt 0.680556 0.687500
vt 0.701389 0.687500
vt 0.715278 0.687500
vt 0.729167 0.687500
vt 0.270833 0.701389
vt 0.284722 0.701389
vt 0.298611 0.701389
vt 0.319444 0.701389
vt 0.333333 0.701389
vt 0.361111 0.701389
vt 0.375000 0.701389
vt 0.395833 0.701389
vt 0.409722 0.701389
vt 0.423611 0.701389
vt 0.451389 0.701389
vt 0.472222 0.701389
vt 0.493056 0.701389
vt 0.506944 0.701389
vt 0.527778 0.701389
vt 0.548611 0.701389
vt 0.576389 0.701389
vt 0.590278 0.701389
vt 0.604167 0.701389
vt 0.625000 0.701389
vt 0.638889 0.701389
vt 0.666667 0.701389
vt 0.680556 0.701389
vt 0.701389 0.701389
vt 0.715278 0.701389
vt 0.729167 0.701389
vt 0.270833 0.722222
vt 0.284722 0.722222
vt 0.298611 0.722222
vt 0.319444 0.722222
vt 0.333333 0.722222
vt 0.361111 0.722222
vt 0.375000 0.722222
vt 0.395833 0.722222
vt 0.409722 0.722222
vt 0.423611 0.722222
vt 0.451389 0.722222
vt 0.472222 0.722222
vt 0.493056 0.722222
vt 0.506944 0.722222
vt 0.527778 0.722222
vt 0.548611 0.722222
vt 0.576389 0.722222
vt 0.590278 0.722222
vt 0.604167 0.722222
vt 0.625000 0.722222
vt 0.638889 0.722222
vt 0.666667 0.722222
vt 0.680556 0.722222
vt 0.701389 0.722222
vt 0.715278 0.722222
vt 0.729167 0.722222
vt 0.284722 0.736111
vt 0.270833 0.736111
vt 0.298611 0.736111
vt 0.319444 0.736111
vt 0.333333 0.736111
vt 0.361111 0.736111
vt 0.409722 0.736111
vt 0.423611 0.736111
vt 0.451389 0.736111
vt 0.472222 0.736111
vt 0.493056 0.736111
vt 0.506944 0.736111
vt 0.527778 0.736111
vt 0.548611 0.736111
vt 0.576389 0.736111
vt 0.590278 0.736111
vt 0.604167 0.736111
vt 0.625000 0.736111
vt 0.638889 0.736111
vt 0.666667 0.736111
vt 0.680556 0.736111
vt 0.701389 0.736111
vt 0.715278 0.736111
vt 0.729167 0.736111
vt 0.284722 0.750000
vt 0.270833 0.750000
vt 0.298611 0.750000
vt 0.319444 0.750000
vt 0.333333 0.750000
vt 0.361111 0.750000
vt 0.375000 0.750000
vt 0.395833 0.750000
vt 0.409722 0.750000
vt 0.423611 0.750000
vt 0.451389 0.750000
vt 0.472222 0.750000
vt 0.493056 0.750000
vt 0.506944 0.750000
vt 0.527778 0.750000
vt 0.548611 0.750000
vt 0.576389 0.750000
vt 0.590278 0.750000
vt 0.604167 0.750000
vt 0.625000 0.750000
vt 0.638889 0.750000
vt 0.666667 0.750000
vt 0.680556 0.750000
vt 0.701389 0.750000
vt 0.715278 0.750000
vt 0.729167 0.750000
vt 0.270833 0.770833
vt 0.284722 0.770833
vt 0.298611 0.770833
vt 0.319444 0.770833
vt 0.333333 0.770833
vt 0.361111 0.770833
vt 0.375000 0.770833
vt 0.395833 0.770833
vt 0.409722 0.770833
vt 0.423611 0.770833
vt 0.451389 0.770833
vt 0.472222 0.770833
vt 0.493056 0.770833
vt 0.506944 0.770833
vt 0.527778 0.770833
vt 0.548611 0.770833
vt 0.576389 0.770833
vt 0.590278 0.770833
vt 0.604167 0.770833
vt 0.625000 0.770833
vt 0.638889 0.770833
vt 0.666667 0.770833
vt 0.680556 0.770833
vt 0.701389 0.770833
vt 0.715278 0.770833
vt 0.729167 0.770833
vt 0.284722 0.791667
vt 0.270833 0.791667
vt 0.298611 0.791667
vt 0.319444 0.791667
vt 0.333333 0.791667
vt 0.361111 0.791667
vt 0.375000 0.791667
vt 0.395833 0.791667
vt 0.409722 0.791667
vt 0.423611 0.791667
vt 0.451389 0.791667
vt 0.472222 0.791667
vt 0.493056 0.791667
vt 0.506944 0.791667
vt 0.527778 0.791667
vt 0.548611 0.791667
vt 0.576389 0.791667
vt 0.590278 0.791667
vt 0.604167 0.791667
vt 0.625000 0.791667
vt 0.638889 0.791667
vt 0.666667 0.791667
vt 0.680556 0.791667
vt 0.701389 0.791667
vt 0.715278 0.791667
vt 0.729167 0.791667
vt 0.270833 0.805556
vt 0.284722 0.805556
vt 0.298611 0.805556
vt 0.319444 0.805556
vt 0.333333 0.805556
vt 0.361111 0.805556
vt 0.375000 0.805556
vt 0.395833 0.805556
vt 0.409722 0.805556
vt 0.423611 0.805556
vt 0.451389 0.805556
vt 0.472222 0.805556
vt 0.493056 0.805556
vt 0.506944 0.805556
vt 0.527778 0.805556
vt 0.548611 0.805556
vt 0.576389 0.805556
vt 0.590278 0.805556
vt 0.604167 0.805556
vt 0.625000 0.805556
vt 0.638889 0.805556
vt 0.666667 0.805556
vt 0.680556 0.805556
vt 0.701389 0.805556
vt 0.715278 0.805556
vt 0.729167 0.805556
vt 0.284722 0.826389
vt 0.270833 0.826389
vt 0.298611 0.826389
vt 0.319444 0.826389
vt 0.333333 0.826389
vt 0.361111 0.826389
vt 0.375000 0.826389
vt 0.395833 0.826389
vt 0.409722 0.826389
vt 0.423611 0.826389
vt 0.451389 0.826389
vt 0.472222 0.826389
vt 0.493056 0.826389
vt 0.506944 0.826389
vt 0.527778 0.826389
vt 0.548611 0.826389
vt 0.576389 0.826389
vt 0.590278 0.826389
vt 0.604167 0.826389
vt 0.625000 0.826389
vt 0.638889 0.826389
vt 0.666667 0.826389
vt 0.680556 0.826389
vt 0.701389 0.826389
vt 0.715278 0.826389
vt 0.729167 0.826389
vt 0.284722 0.847222
vt 0.270833 0.847222
vt 0.298611 0.847222
vt 0.319444 0.847222
vt 0.333333 0.847222
vt 0.361111 0.847222
vt 0.375000 0.847222
vt 0.395833 0.847222
vt 0.409722 0.847222
vt 0.423611 0.847222
vt 0.451389 0.847222
vt 0.472222 0.847222
vt 0.493056 0.847222
vt 0.506944 0.847222
vt 0.527778 0.847222
vt 0.548611 0.847222
vt 0.576389 0.847222
vt 0.590278 0.847222
vt 0.604167 0.847222
vt 0.625000 0.847222
vt 0.638889 0.847222
vt 0.666667 0.847222
vt 0.680556 0.847222
vt 0.701389 0.847222
vt 0.715278 0.847222
vt 0.729167 0.847222
vt 0.284722 0.861111
vt 0.270833 0.861111
vt 0.298611 0.861111
vt 0.319444 0.861111
vt 0.333333 0.861111
vt 0.361111 0.861111
vt 0.375000 0.861111
vt 0.395833 0.861111
vt 0.409722 0.861111
vt 0.423611 0.861111
vt 0.451389 0.861111
vt 0.472222 0.861111
vt 0.493056 0.861111
vt 0.506944 0.861111
vt 0.527778 0.861111
vt 0.548611 0.861111
vt 0.576389 0.861111
vt 0.590278 0.861111
vt 0.604167 0.861111
vt 0.625000 0.861111
vt 0.638889 0.861111
vt 0.666667 0.861111
vt 0.680556 0.861111
vt 0.701389 0.861111
vt 0.715278 0.861111
vt 0.729167 0.861111
vt 0.270833 0.875000
vt 0.284722 0.875000
vt 0.298611 0.875000
vt 0.319444 0.875000
vt 0.333333 0.875000
vt 0.361111 0.875000
vt 0.375000 0.875000
vt 0.395833 0.875000
vt 0.409722 0.875000
vt 0.423611 0.875000
vt 0.451389 0.875000
vt 0.472222 0.875000
vt 0.493056 0.875000
vt 0.506944 0.875000
vt 0.527778 0.875000
vt 0.548611 0.875000
vt 0.576389 0.875000
vt 0.590278 0.875000
vt 0.604167 0.875000
vt 0.625000 0.875000
vt 0.638889 0.875000
vt 0.666667 0.875000
vt 0.680556 0.875000
vt 0.701389 0.875000
vt 0.715278 0.875000
vt 0.729167 0.875000
vt 0.284722 0.895833
vt 0.270833 0.895833
vt 0.298611 0.895833
vt 0.319444 0.895833
vt 0.333333 0.895833
vt 0.361111 0.895833
vt 0.375000 0.895833
vt 0.395833 0.895833
vt 0.409722 0.895833
vt 0.423611 0.895833
vt 0.451389 0.895833
vt 0.472222 0.895833
vt 0.493056 0.895833
vt 0.506944 0.895833
vt 0.527778 0.895833
vt 0.548611 0.895833
vt 0.576389 0.895833
vt 0.590278 0.895833
vt 0.604167 0.895833
vt 0.625000 0.895833
vt 0.638889 0.895833
vt 0.666667 0.895833
vt 0.680556 0.895833
vt 0.701389 0.895833
vt 0.715278 0.895833
vt 0.729167 0.895833
vt 0.270833 0.930556
vt 0.284722 0.930556
vt 0.298611 0.930556
vt 0.319444 0.930556
vt 0.333333 0.930556
vt 0.361111 0.930556
vt 0.375000 0.930556
vt 0.395833 0.930556
vt 0.409722 0.930556
vt 0.423611 0.930556
vt 0.451389 0.930556
vt 0.472222 0.930556
vt 0.493056 0.930556
vt 0.506944 0.930556
vt 0.527778 0.930556
vt 0.548611 0.930556
vt 0.576389 0.930556
vt 0.590278 0.930556
vt 0.604167 0.930556
vt 0.625000 0.930556
vt 0.638889 0.930556
vt 0.666667 0.930556
vt 0.680556 0.930556
vt 0.701389 0.930556
vt 0.715278 0.930556
vt 0.729167 0.930556
vt 0.271128 0.104263
vt 0.270225 -0.000105
vt 0.368101 0.000012
vt 0.461639 0.000152
vt 0.548551 0.000124
vt 0.667161 0.000022
vt 0.666984 0.104670
vt 0.729167 0.000000
vt 0.729151 0.104340
vt 0.356031 0.104227
vt 0.378485 0.104096
vt 0.548658 0.103975
vt 0.666307 0.264214
vt 0.271285 0.263994
vt 0.457013 0.264173
vt 0.548489 0.263822
vt 0.729172 0.263596
vt 0.371446 0.263805
vt 0.666739 0.423770
vt 0.548567 0.423696
vt 0.271217 0.423629
vt 0.369734 0.424522
vt 0.729116 0.423782
vt 0.349873 0.423892
vt 0.455690 0.576185
vt 0.729172 0.576317
vt 0.271142 0.576377
vt 0.666930 0.576262
vt 0.361228 0.576288
vt 0.548639 0.576104
vt 0.449908 0.575856
vt 0.270702 0.701552
vt 0.729211 0.700943
vt 0.548583 0.701432
vt 0.666293 0.701590
vt 0.361433 0.701000
vt 0.451598 0.701054
vt 0.487537 0.701854
vt 0.270743 0.848689
vt 0.361547 0.848169
vt 0.453365 0.847676
vt 0.729149 0.845106
vt 0.666454 0.844812
vt 0.548941 0.844974
vt 0.270818 0.930559
vt 0.361022 0.930560
vt 0.451213 0.930530
vt 0.548453 0.930499
vt 0.667064 0.930463
vt 0.729167 0.930556
vt 0.378472 0.326389
vt 0.366258 0.326389
vt 0.385417 0.736111
vt 0.371043 0.736111
vn -0.109138 0.992961 -0.046023
vn -0.054997 0.998436 -0.010066
vn -0.077118 0.996715 -0.024744
vn -0.077118 0.996715 -0.024744
vn -0.054997 0.998436 -0.010066
vn -0.021992 0.999689 0.011799
vn 0.061069 0.996986 -0.047858
vn 0.017265 0.999670 -0.019036
vn -0.011667 0.999932 0.000012
vn -0.011667 0.999932 0.000012
vn 0.017265 0.999670 -0.019036
vn -0.051733 0.998312 0.026405
vn -0.092049 0.993793 -0.062464
vn -0.049668 0.998583 -0.019114
vn -0.048894 0.998636 -0.018324
vn -0.048894 0.998636 -0.018324
vn -0.049668 0.998583 -0.019114
vn -0.004140 0.999618 0.027324
vn -0.078742 0.994917 -0.062768
vn -0.084301 0.994678 -0.059240
vn -0.088650 0.994461 -0.056476
vn -0.088650 0.994461 -0.056476
vn -0.084301 0.994678 -0.059240
vn -0.093642 0.994178 -0.053299
vn -0.043918 0.991099 -0.125677
vn -0.021418 0.995230 -0.095173
vn -0.011727 0.996563 -0.082004
vn -0.011727 0.996563 -0.082004
vn -0.021418 0.995230 -0.095173
vn 0.009609 0.998551 -0.052949
vn -0.043501 0.996770 -0.067514
vn -0.098342 0.989707 -0.103965
vn -0.076610 0.993032 -0.089541
vn -0.076610 0.993032 -0.089541
vn -0.098342 0.989707 -0.103965
vn -0.129488 0.983723 -0.124590
vn 0.108513 0.991675 0.069325
vn 0.043716 0.999040 0.002692
vn 0.041444 0.999141 0.000362
vn 0.041444 0.999141 0.000362
vn 0.043716 0.999040 0.002692
vn -0.024983 0.997403 -0.067555
vn 0.047713 0.996402 0.070049
vn 0.041531 0.996376 0.074235
vn 0.037620 0.996330 0.076879
vn 0.037620 0.996330 0.076879
vn 0.041531 0.996376 0.074235
vn 0.032057 0.996228 0.080637
vn -0.049045 0.998794 0.002279
vn 0.022100 0.998458 0.050933
vn -0.005827 0.999475 0.031866
vn -0.005827 0.999475 0.031866
vn 0.022100 0.998458 0.050933
vn 0.066058 0.994534 0.080861
vn -0.023152 0.999730 0.001896
vn 0.005311 0.999274 -0.037724
vn -0.004025 0.999686 -0.024736
vn -0.004025 0.999686 -0.024736
vn 0.005311 0.999274 -0.037724
vn 0.023361 0.997752 -0.062812
vn 0.038713 0.997281 -0.062706
vn -0.020793 0.999780 -0.002834
vn -0.019609 0.999800 -0.004027
vn -0.019609 0.999800 -0.004027
vn -0.020793 0.999780 -0.002834
vn -0.077976 0.995445 0.054860
vn -0.066284 0.996281 0.055060
vn -0.034451 0.999130 0.023518
vn -0.034832 0.999108 0.023895
vn -0.034832 0.999108 0.023895
vn -0.034451 0.999130 0.023518
vn -0.001507 0.999958 -0.009104
vn 0.000000 0.999959 -0.009092
vn 0.013201 0.999750 -0.018038
vn 0.021499 0.999489 -0.023660
vn 0.021499 0.999489 -0.023660
vn 0.013201 0.999750 -0.018038
vn 0.034806 0.998860 -0.032674
vn 0.066350 0.997266 -0.032544
vn 0.032605 0.999467 0.001843
vn 0.033238 0.999447 0.001198
vn 0.033238 0.999447 0.001198
vn 0.032605 0.999467 0.001843
vn 0.000090 0.999391 0.034899
vn -0.038766 0.998647 0.034670
vn -0.007086 0.999971 0.002655
vn -0.007376 0.999969 0.002949
vn -0.007376 0.999969 0.002949
vn -0.007086 0.999971 0.002655
vn 0.024731 0.999259 -0.029489
vn 0.023146 0.999466 0.023074
vn 0.007562 0.999970 0.001867
vn 0.000090 0.999966 -0.008300
vn 0.000090 0.999966 -0.008300
vn 0.007562 0.999970 0.001867
vn -0.015287 0.999456 -0.029219
vn 0.048970 0.997275 0.055175
vn 0.019598 0.999166 0.035815
vn 0.031431 0.998554 0.043618
vn 0.031431 0.998554 0.043618
vn 0.019598 0.999166 0.035815
vn 0.000333 0.999733 0.023102
vn -0.047821 0.998675 -0.019030
vn 0.025064 0.999283 0.028392
vn -0.004300 0.999948 0.009298
vn -0.004300 0.999948 0.009298
vn 0.025064 0.999283 0.028392
vn 0.065691 0.996335 0.054786
vn -0.108758 0.993895 -0.018551
vn -0.116673 0.993116 -0.010424
vn -0.116519 0.993132 -0.010582
vn -0.116519 0.993132 -0.010582
vn -0.116673 0.993116 -0.010424
vn -0.123972 0.992281 -0.002914
vn 0.043542 0.997718 -0.051609
vn 0.094415 0.995351 -0.019025
vn 0.071963 0.996847 -0.033441
vn 0.071963 0.996847 -0.033441
vn 0.094415 0.995351 -0.019025
vn 0.124220 0.992255 0.000201
vn 0.044268 0.998991 -0.007525
vn 0.030836 0.999200 -0.025484
vn 0.024760 0.999129 -0.033597
vn 0.024760 0.999129 -0.033597
vn 0.030836 0.999200 -0.025484
vn 0.011487 0.998617 -0.051295
vn 0.078828 0.995972 0.042731
vn 0.027079 0.999586 0.009781
vn 0.049918 0.998457 0.024320
vn 0.049918 0.998457 0.024320
vn 0.027079 0.999586 0.009781
vn -0.000237 0.999971 -0.007600
vn 0.092143 0.994822 0.042883
vn 0.131282 0.991343 0.001836
vn 0.129995 0.991510 0.003194
vn 0.129995 0.991510 0.003194
vn 0.131282 0.991343 0.001836
vn 0.169567 0.984756 -0.038758
vn -0.060893 0.994125 -0.089484
vn -0.006710 0.998503 -0.054285
vn -0.028105 0.997275 -0.068209
vn -0.028105 0.997275 -0.068209
vn -0.006710 0.998503 -0.054285
vn 0.023143 0.999126 -0.034801
vn 0.108815 0.990020 -0.089559
vn 0.054806 0.997097 -0.052859
vn 0.020245 0.999364 -0.029340
vn 0.020245 0.999364 -0.029340
vn 0.054806 0.997097 -0.052859
vn -0.033929 0.999395 0.007581
vn -0.022071 0.999579 0.018851
vn -0.030985 0.999213 0.024787
vn -0.036661 0.998919 0.028566
vn -0.036661 0.998919 0.028566
vn -0.030985 0.999213 0.024787
vn -0.045083 0.998399 0.034174
vn -0.051676 0.998082 0.034102
vn -0.065024 0.996954 0.043073
vn -0.073821 0.996068 0.048986
vn -0.073821 0.996068 0.048986
vn -0.065024 0.996954 0.043073
vn -0.087697 0.994439 0.058313
vn -0.004917 0.994875 0.100996
vn -0.026627 0.996421 0.080221
vn -0.025958 0.996387 0.080863
vn -0.025958 0.996387 0.080863
vn -0.026627 0.996421 0.080221
vn -0.049376 0.997074 0.058350
vn -0.091684 0.994901 0.042036
vn -0.030987 0.996189 0.081528
vn -0.055263 0.996302 0.065797
vn -0.055263 0.996302 0.065797
vn -0.030987 0.996189 0.081528
vn -0.000896 0.994895 0.100909
vn 0.005945 0.998119 0.061016
vn 0.000635 0.998544 0.053946
vn -0.001668 0.998703 0.050878
vn -0.001668 0.998703 0.050878
vn 0.000635 0.998544 0.053946
vn -0.007613 0.999048 0.042955
vn -0.131533 0.990355 -0.043542
vn -0.026006 0.999384 0.023577
vn -0.072414 0.997357 -0.005862
vn -0.072414 0.997357 -0.005862
vn -0.026006 0.999384 0.023577
vn 0.032721 0.997622 0.060658
vn -0.024981 0.997351 -0.068310
vn -0.012953 0.998312 -0.056618
vn -0.013286 0.998289 -0.056941
vn -0.013286 0.998289 -0.056941
vn -0.012953 0.998312 -0.056618
vn -0.001502 0.998964 -0.045474
vn 0.026340 0.997298 -0.068577
vn 0.058999 0.994130 -0.090691
vn 0.081355 0.991056 -0.105783
vn 0.081355 0.991056 -0.105783
vn 0.058999 0.994130 -0.090691
vn 0.116770 0.984665 -0.129614
vn 0.072188 0.988915 -0.129755
vn 0.054925 0.991455 -0.118319
vn 0.044537 0.992775 -0.111421
vn 0.044537 0.992775 -0.111421
vn 0.054925 0.991455 -0.118319
vn 0.030142 0.994344 -0.101840
vn 0.022923 0.994521 -0.101994
vn -0.016964 0.998654 -0.049019
vn -0.004473 0.997833 -0.065642
vn -0.004473 0.997833 -0.065642
vn -0.016964 0.998654 -0.049019
vn -0.046914 0.998858 -0.009033
vn -0.078140 0.996874 -0.011652
vn -0.076631 0.997009 -0.010088
vn -0.076577 0.997013 -0.010031
vn -0.076577 0.997013 -0.010031
vn -0.076631 0.997009 -0.010088
vn -0.075166 0.997134 -0.008569
vn -0.001214 0.999665 -0.025869
vn 0.006196 0.999809 -0.018534
vn 0.006028 0.999807 -0.018701
vn 0.006028 0.999807 -0.018701
vn 0.006196 0.999809 -0.018534
vn 0.013888 0.999844 -0.010918
vn 0.034881 0.999355 -0.008584
vn 0.018154 0.999643 -0.019592
vn 0.024866 0.999576 -0.015176
vn 0.024866 0.999576 -0.015176
vn 0.018154 0.999643 -0.019592
vn 0.008442 0.999627 -0.025977
vn -0.000415 0.999965 -0.008374
vn 0.020680 0.999341 -0.029848
vn 0.020822 0.999333 -0.029992
vn 0.020822 0.999333 -0.029992
vn 0.020680 0.999341 -0.029848
vn 0.041723 0.997813 -0.051261
vn 0.024610 0.998389 -0.051119
vn -0.047535 0.998646 0.021143
vn -0.047399 0.998655 0.021006
vn -0.047399 0.998655 0.021006
vn -0.047535 0.998646 0.021143
vn -0.113062 0.989770 0.087016
vn -0.015429 0.995809 0.090150
vn 0.017380 0.998721 0.047473
vn 0.007769 0.998169 0.059995
vn 0.007769 0.998169 0.059995
vn 0.017380 0.998721 0.047473
vn 0.041716 0.999006 0.015687
vn -0.001975 0.996420 -0.084523
vn 0.094103 0.995350 -0.020572
vn 0.057629 0.997324 -0.044981
vn 0.057629 0.997324 -0.044981
vn 0.094103 0.995350 -0.020572
vn 0.145181 0.989308 0.013883
vn 0.066772 0.997700 -0.011667
vn -0.000757 0.998368 -0.057096
vn 0.026800 0.998895 -0.038603
vn 0.026800 0.998895 -0.038603
vn -0.000757 0.998368 -0.057096
vn -0.041986 0.995526 -0.084648
vn -0.124089 0.992211 -0.010965
vn -0.120296 0.992625 -0.014984
vn -0.120498 0.992604 -0.014770
vn -0.120498 0.992604 -0.014770
vn -0.120296 0.992625 -0.014984
vn -0.116635 0.992996 -0.018859
vn 0.124333 0.992078 -0.017972
vn 0.090287 0.995908 0.003830
vn 0.065229 0.997674 0.019812
vn 0.065229 0.997674 0.019812
vn 0.090287 0.995908 0.003830
vn 0.032206 0.998649 0.040791
vn 0.011731 0.999110 0.040530
vn 0.046920 0.998870 -0.007549
vn 0.035644 0.999334 0.007880
vn 0.035644 0.999334 0.007880
vn 0.046920 0.998870 -0.007549
vn 0.070824 0.996674 -0.040324
vn 0.000445 0.998876 -0.047389
vn 0.008055 0.999064 -0.042498
vn 0.004793 0.998994 -0.044595
vn 0.004793 0.998994 -0.044595
vn 0.008055 0.999064 -0.042498
vn 0.012217 0.999132 -0.039823
vn 0.169402 0.984528 -0.044818
vn 0.081384 0.995683 0.044624
vn 0.081658 0.995673 0.044349
vn 0.081658 0.995673 0.044349
vn 0.081384 0.995683 0.044624
vn -0.008997 0.990885 0.134410
vn 0.020149 0.990649 0.134941
vn 0.022150 0.990783 0.133638
vn 0.023474 0.990868 0.132774
vn 0.023474 0.990868 0.132774
vn 0.022150 0.990783 0.133638
vn 0.025407 0.990989 0.131514
vn -0.032499 0.990854 0.130964
vn 0.018222 0.995026 0.097932
vn 0.054117 0.995766 0.074311
vn 0.054117 0.995766 0.074311
vn 0.018222 0.995026 0.097932
vn 0.107102 0.993480 0.039070
vn -0.045089 0.998427 0.033337
vn -0.075072 0.995993 0.048602
vn -0.114594 0.991034 0.068707
vn -0.114594 0.991034 0.068707
vn -0.075072 0.995993 0.048602
vn -0.144411 0.985958 0.083860
vn -0.087692 0.994329 0.060171
vn -0.054356 0.995523 0.077325
vn -0.073391 0.995013 0.067548
vn -0.073391 0.995013 0.067548
vn -0.054356 0.995523 0.077325
vn -0.040170 0.995607 0.084580
vn -0.049843 0.998226 0.032555
vn -0.028054 0.998399 0.049107
vn -0.034353 0.998426 0.044327
vn -0.034353 0.998426 0.044327
vn -0.028054 0.998399 0.049107
vn -0.013337 0.998094 0.060258
vn 0.003444 0.999953 0.009067
vn 0.035220 0.999069 0.024897
vn 0.016229 0.999749 0.015437
vn 0.016229 0.999749 0.015437
vn 0.035220 0.999069 0.024897
vn 0.050177 0.998216 0.032345
vn -0.007624 0.999484 0.031221
vn -0.018539 0.999623 0.020276
vn -0.018664 0.999623 0.020151
vn -0.018664 0.999623 0.020151
vn -0.018539 0.999623 0.020276
vn -0.028995 0.999532 0.009783
vn 0.035318 0.999249 -0.015954
vn 0.104227 0.994388 0.018162
vn 0.062406 0.998048 -0.002567
vn 0.062406 0.998048 -0.002567
vn 0.104227 0.994388 0.018162
vn 0.133283 0.990542 0.032607
vn -0.001545 0.999168 -0.040753
vn 0.018463 0.999486 -0.026205
vn 0.011811 0.999448 -0.031044
vn 0.011811 0.999448 -0.031044
vn 0.018463 0.999486 -0.026205
vn 0.032540 0.999343 -0.015955
vn 0.114719 0.992915 -0.030961
vn 0.099783 0.994259 -0.038628
vn 0.108342 0.993524 -0.034237
vn 0.108342 0.993524 -0.034237
vn 0.099783 0.994259 -0.038628
vn 0.093918 0.994709 -0.041632
vn 0.033596 0.998922 -0.032028
vn -0.020401 0.999780 -0.004867
vn -0.098352 0.994556 0.034442
vn -0.098352 0.994556 0.034442
vn -0.020401 0.999780 -0.004867
vn -0.156285 0.985654 0.063731
vn -0.047009 0.998511 0.027665
vn -0.028680 0.998520 0.046216
vn -0.028611 0.998518 0.046285
vn -0.028611 0.998518 0.046285
vn -0.028680 0.998520 0.046216
vn -0.010627 0.997865 0.064436
vn -0.074006 0.994864 -0.069060
vn -0.002036 0.999897 -0.014200
vn -0.023344 0.999264 -0.030454
vn -0.023344 0.999264 -0.030454
vn -0.002036 0.999897 -0.014200
vn 0.052822 0.998220 0.027685
vn 0.013891 0.999772 -0.016223
vn -0.030646 0.998346 -0.048647
vn -0.017017 0.999105 -0.038733
vn -0.017017 0.999105 -0.038733
vn -0.030646 0.998346 -0.048647
vn -0.059428 0.995806 -0.069558
vn 0.008935 0.996289 -0.085607
vn 0.103601 0.993943 -0.036653
vn 0.050334 0.996659 -0.064325
vn 0.050334 0.996659 -0.064325
vn 0.103601 0.993943 -0.036653
vn 0.142049 0.989723 -0.016474
vn 0.040992 0.995503 -0.085400
vn -0.003517 0.998659 -0.051649
vn -0.021918 0.999051 -0.037647
vn -0.021918 0.999051 -0.037647
vn -0.003517 0.998659 -0.051649
vn -0.065983 0.997813 -0.003996
vn -0.114707 0.993388 -0.004711
vn -0.045229 0.997218 -0.059258
vn -0.018530 0.996621 -0.080023
vn -0.018530 0.996621 -0.080023
vn -0.045229 0.997218 -0.059258
vn 0.053304 0.989362 -0.135356
vn 0.040252 0.989966 -0.135450
vn -0.012401 0.996489 -0.082803
vn -0.011816 0.996447 -0.083391
vn -0.011816 0.996447 -0.083391
vn -0.012401 0.996489 -0.082803
vn -0.064367 0.997466 -0.030320
vn 0.145368 0.989353 0.006969
vn 0.099660 0.994875 -0.017069
vn 0.126332 0.991983 -0.003065
vn 0.126332 0.991983 -0.003065
vn 0.099660 0.994875 -0.017069
vn 0.077586 0.996575 -0.028610
vn -0.042896 0.999042 0.008685
vn -0.040292 0.999161 0.007368
vn -0.036868 0.999304 0.005635
vn -0.036868 0.999304 0.005635
vn -0.040292 0.999161 0.007368
vn -0.034529 0.999394 0.004452
vn -0.116546 0.992346 -0.040835
vn -0.083018 0.996445 -0.014363
vn -0.092276 0.995498 -0.021663
vn -0.092276 0.995498 -0.021663
vn -0.083018 0.996445 -0.014363
vn -0.059265 0.998233 0.004335
vn 0.031747 0.998709 -0.039666
vn 0.010563 0.999503 -0.029698
vn -0.020997 0.999670 -0.014822
vn -0.020997 0.999670 -0.014822
vn 0.010563 0.999503 -0.029698
vn -0.041576 0.999122 -0.005107
vn 0.071371 0.997444 -0.003358
vn 0.066202 0.997805 0.001845
vn 0.066186 0.997806 0.001861
vn 0.066186 0.997806 0.001861
vn 0.066202 0.997805 0.001845
vn 0.060917 0.998117 0.007161
vn 0.012145 0.999901 0.007095
vn 0.005497 0.999931 0.010345
vn -0.003726 0.999883 0.014851
vn -0.003726 0.999883 0.014851
vn 0.005497 0.999931 0.010345
vn -0.009994 0.999790 0.017914
vn -0.010239 0.999787 0.017913
vn -0.001639 0.999933 0.011483
vn 0.002154 0.999960 0.008646
vn 0.002154 0.999960 0.008646
vn -0.001639 0.999933 0.011483
vn 0.010343 0.999943 0.002522
vn 0.022106 0.999752 0.002701
vn -0.037482 0.998793 0.031755
vn -0.124423 0.989463 0.074040
vn -0.124423 0.989463 0.074040
vn -0.037482 0.998793 0.031755
vn -0.188626 0.976400 0.105182
vn 0.106045 0.983827 0.144358
vn 0.055054 0.991418 0.118569
vn 0.084221 0.987483 0.133357
vn 0.084221 0.987483 0.133357
vn 0.055054 0.991418 0.118569
vn 0.033359 0.993645 0.107506
vn -0.143177 0.989060 -0.035518
vn 0.013848 0.999517 0.027832
vn -0.094044 0.995445 -0.015627
vn -0.094044 0.995445 -0.015627
vn 0.013848 0.999517 0.027832
vn 0.067756 0.996477 0.049432
vn -0.037887 0.996695 -0.071857
vn 0.028019 0.998543 -0.046109
vn -0.017159 0.997816 -0.063790
vn -0.017159 0.997816 -0.063790
vn 0.028019 0.998543 -0.046109
vn 0.049762 0.998055 -0.037552
vn -0.011667 0.999436 -0.031499
vn -0.056310 0.996710 -0.058292
vn -0.035143 0.998342 -0.045596
vn -0.035143 0.998342 -0.045596
vn -0.056310 0.996710 -0.058292
vn -0.078051 0.994395 -0.071315
vn 0.049534 0.998287 -0.031134
vn 0.041641 0.998737 -0.028131
vn 0.023899 0.999486 -0.021376
vn 0.023899 0.999486 -0.021376
vn 0.041641 0.998737 -0.028131
vn 0.015858 0.999707 -0.018313
vn -0.029022 0.999403 -0.018755
vn -0.009905 0.999364 -0.034255
vn -0.003901 0.999227 -0.039117
vn -0.003901 0.999227 -0.039117
vn -0.009905 0.999364 -0.034255
vn 0.015343 0.998386 -0.054685
vn 0.133246 0.989575 -0.054652
vn 0.113986 0.992357 -0.047279
vn 0.069133 0.997153 -0.030103
vn 0.069133 0.997153 -0.030103
vn 0.113986 0.992357 -0.047279
vn 0.049581 0.998514 -0.022613
vn 0.032487 0.999217 -0.022592
vn 0.028428 0.999392 -0.020192
vn 0.024876 0.999527 -0.018092
vn 0.024876 0.999527 -0.018092
vn 0.028428 0.999392 -0.020192
vn 0.021041 0.999653 -0.015825
vn 0.093276 0.995540 -0.014093
vn 0.053303 0.998577 0.001605
vn -0.030909 0.998925 0.034540
vn -0.030909 0.998925 0.034540
vn 0.053303 0.998577 0.001605
vn -0.072634 0.996065 0.050790
vn -0.156425 0.986446 0.049562
vn -0.129379 0.990829 0.038977
vn -0.066066 0.997714 0.014236
vn -0.066066 0.997714 0.014236
vn -0.129379 0.990829 0.038977
vn -0.035397 0.999371 0.002271
vn -0.009096 0.998836 -0.047363
vn 0.026785 0.999454 -0.019361
vn 0.017105 0.999491 -0.026924
vn 0.017105 0.999491 -0.026924
vn 0.026785 0.999454 -0.019361
vn 0.053893 0.998545 0.001850
vn 0.054250 0.996275 -0.067024
vn 0.075444 0.995654 -0.054607
vn 0.065083 0.996033 -0.060685
vn 0.065083 0.996033 -0.060685
vn 0.075444 0.995654 -0.054607
vn 0.086093 0.995113 -0.048345
vn -0.059436 0.996047 -0.066008
vn -0.025578 0.995938 -0.086335
vn 0.003989 0.994574 -0.103957
vn 0.003989 0.994574 -0.103957
vn -0.025578 0.995938 -0.086335
vn 0.034709 0.991906 -0.122139
vn 0.143454 0.982418 -0.119479
vn 0.077151 0.992488 -0.094950
vn -0.064065 0.997079 -0.041590
vn -0.064065 0.997079 -0.041590
vn 0.077151 0.992488 -0.094950
vn -0.128473 0.991572 -0.016751
vn -0.066098 0.997691 -0.015588
vn -0.066523 0.997667 -0.015344
vn -0.066936 0.997643 -0.015107
vn -0.066936 0.997643 -0.015107
vn -0.066523 0.997667 -0.015344
vn -0.067360 0.997618 -0.014864
vn 0.055172 0.998400 -0.012359
vn 0.053148 0.998524 -0.011202
vn 0.051099 0.998643 -0.010031
vn 0.051099 0.998643 -0.010031
vn 0.053148 0.998524 -0.011202
vn 0.048885 0.998766 -0.008765
vn -0.064309 0.997884 -0.009546
vn -0.046664 0.998638 -0.023352
vn -0.039954 0.998792 -0.028594
vn -0.039954 0.998792 -0.028594
vn -0.046664 0.998638 -0.023352
vn -0.022436 0.998855 -0.042260
vn 0.077502 0.996103 -0.042109
vn 0.062859 0.997355 -0.036489
vn 0.032544 0.999161 -0.024844
vn 0.032544 0.999161 -0.024844
vn 0.062859 0.997355 -0.036489
vn 0.019073 0.999625 -0.019665
vn -0.035276 0.999160 -0.020831
vn -0.058135 0.998236 -0.012076
vn -0.112238 0.993643 0.008729
vn -0.112238 0.993643 0.008729
vn -0.058135 0.998236 -0.012076
vn -0.137960 0.990262 0.018662
vn -0.058351 0.997240 -0.045897
vn 0.010967 0.999931 -0.004273
vn -0.022543 0.999448 -0.024404
vn -0.022543 0.999448 -0.024404
vn 0.010967 0.999931 -0.004273
vn 0.050206 0.998552 0.019320
vn -0.041878 0.998057 -0.046146
vn -0.035210 0.998189 -0.048776
vn -0.021774 0.998300 -0.054064
vn -0.021774 0.998300 -0.054064
vn -0.035210 0.998189 -0.048776
vn -0.016053 0.998284 -0.056312
vn 0.059806 0.996699 -0.054906
vn -0.009323 0.999955 -0.001569
vn -0.035267 0.999207 0.018466
vn -0.035267 0.999207 0.018466
vn -0.009323 0.999955 -0.001569
vn -0.103895 0.992014 0.071507
vn -0.009128 0.994631 0.103081
vn -0.068443 0.994476 0.079582
vn -0.026839 0.995009 0.096110
vn -0.026839 0.995009 0.096110
vn -0.068443 0.994476 0.079582
vn -0.087598 0.993558 0.071900
vn 0.013936 0.994590 0.102938
vn 0.037972 0.995415 0.087793
vn 0.059131 0.995475 0.074386
vn 0.059131 0.995475 0.074386
vn 0.037972 0.995415 0.087793
vn 0.084927 0.994701 0.057946
vn -0.184045 0.981930 -0.044061
vn 0.002848 0.999447 0.033142
vn -0.122759 0.992262 -0.018598
vn -0.122759 0.992262 -0.018598
vn 0.002848 0.999447 0.033142
vn 0.064474 0.996214 0.058311
vn 0.035698 0.998572 0.039759
vn -0.118522 0.992675 -0.023426
vn -0.013885 0.999713 0.019521
vn -0.013885 0.999713 0.019521
vn -0.118522 0.992675 -0.023426
vn -0.168715 0.984676 -0.044143
vn 0.067802 0.997493 0.020248
vn -0.001882 0.999693 -0.024705
vn 0.027617 0.999602 -0.005694
vn 0.027617 0.999602 -0.005694
vn -0.001882 0.999693 -0.024705
vn -0.045087 0.997603 -0.052494
vn 0.051614 0.995929 0.073898
vn 0.004420 0.999155 0.040876
vn 0.020595 0.998424 0.052208
vn 0.020595 0.998424 0.052208
vn 0.004420 0.999155 0.040876
vn -0.022007 0.999509 0.022329
vn -0.079236 0.996297 -0.033379
vn -0.030619 0.999390 0.016785
vn -0.029418 0.999405 0.018022
vn -0.029418 0.999405 0.018022
vn -0.030619 0.999390 0.016785
vn 0.024710 0.996983 0.073587
vn 0.014996 0.999716 0.018536
vn -0.035940 0.999251 -0.014325
vn -0.014479 0.999895 -0.000476
vn -0.014479 0.999895 -0.000476
vn -0.035940 0.999251 -0.014325
vn -0.065798 0.997267 -0.033604
vn 0.016507 0.999692 0.018536
vn -0.021914 0.997344 0.069465
vn -0.010230 0.998489 0.053994
vn -0.010230 0.998489 0.053994
vn -0.021914 0.997344 0.069465
vn -0.050008 0.993044 0.106600
vn 0.049633 0.995877 0.075927
vn 0.080003 0.992220 0.095394
vn 0.067120 0.993932 0.087143
vn 0.067120 0.993932 0.087143
vn 0.080003 0.992220 0.095394
vn 0.097122 0.989575 0.106341
vn 0.019702 0.995652 0.091049
vn 0.012542 0.996412 0.083706
vn 0.012326 0.996433 0.083485
vn 0.012326 0.996433 0.083485
vn 0.012542 0.996412 0.083706
vn 0.004951 0.997102 0.075914
vn -0.072192 0.993198 0.091356
vn -0.030738 0.997515 0.063402
vn -0.002067 0.999029 0.044005
vn -0.002067 0.999029 0.044005
vn -0.030738 0.997515 0.063402
vn 0.040647 0.999061 0.015013
vn -0.035435 0.999162 0.020473
vn -0.039653 0.999056 0.017730
vn -0.037922 0.999103 0.018856
vn -0.037922 0.999103 0.018856
vn -0.039653 0.999056 0.017730
vn -0.042003 0.998986 0.016201
vn 0.053806 0.998004 0.033064
vn 0.049964 0.998357 0.028050
vn 0.048396 0.998490 0.026003
vn 0.048396 0.998490 0.026003
vn 0.049964 0.998357 0.028050
vn 0.044445 0.998794 0.020848
vn 0.084923 0.996080 0.024772
vn 0.088552 0.995666 0.028418
vn 0.088580 0.995663 0.028446
vn 0.088580 0.995663 0.028446
vn 0.088552 0.995666 0.028418
vn 0.092195 0.995224 0.032080
vn 0.036425 0.999044 0.024176
vn -0.008967 0.997535 0.069595
vn -0.008427 0.997577 0.069056
vn -0.008427 0.997577 0.069056
vn -0.008967 0.997535 0.069595
vn -0.054472 0.991885 0.114875
vn -0.128533 0.985214 0.113279
vn -0.096041 0.991117 0.091991
vn -0.072571 0.994419 0.076585
vn -0.072571 0.994419 0.076585
vn -0.096041 0.991117 0.091991
vn -0.037511 0.997862 0.053529
vn -0.067674 0.996493 -0.049221
vn -0.014434 0.999891 0.003185
vn -0.015015 0.999884 0.002614
vn -0.015015 0.999884 0.002614
vn -0.014434 0.999891 0.003185
vn 0.035989 0.997960 0.052729
vn 0.049131 0.998532 -0.022824
vn 0.034588 0.998702 -0.037384
vn 0.034501 0.998702 -0.037471
vn 0.034501 0.998702 -0.037471
vn 0.034588 0.998702 -0.037384
vn 0.020181 0.998455 -0.051777
vn -0.022042 0.999493 -0.022996
vn -0.111170 0.989039 0.097175
vn -0.086819 0.994152 0.064224
vn -0.086819 0.994152 0.064224
vn -0.111170 0.989039 0.097175
vn -0.168068 0.970202 0.174531
vn 0.017898 0.999127 0.037758
vn 0.152829 0.980436 0.124054
vn 0.095309 0.991608 0.087351
vn 0.095309 0.991608 0.087351
vn 0.152829 0.980436 0.124054
vn 0.233033 0.956591 0.175014
vn -0.138026 0.989963 -0.030365
vn -0.065746 0.997714 0.015651
vn -0.096132 0.995362 -0.003642
vn -0.096132 0.995362 -0.003642
vn -0.065746 0.997714 0.015651
vn -0.028679 0.998824 0.039085
vn 0.049781 0.998297 -0.030402
vn 0.001337 0.999841 0.017770
vn 0.001514 0.999844 0.017595
vn 0.001514 0.999844 0.017595
vn 0.001337 0.999841 0.017770
vn -0.046450 0.996790 0.065203
vn -0.017447 0.996167 0.085716
vn -0.035917 0.996660 0.073336
vn -0.028205 0.996514 0.078511
vn -0.028205 0.996514 0.078511
vn -0.035917 0.996660 0.073336
vn -0.048069 0.996716 0.065165
vn -0.105433 0.994115 -0.024883
vn -0.070701 0.997261 0.021733
vn -0.054591 0.997573 0.043222
vn -0.054591 0.997573 0.043222
vn -0.070701 0.997261 0.021733
vn -0.022434 0.996054 0.085868
vn -0.084234 0.996121 -0.025430
vn -0.044179 0.997656 -0.052262
vn -0.020204 0.997465 -0.068231
vn -0.020204 0.997465 -0.068231
vn -0.044179 0.997656 -0.052262
vn 0.011226 0.995963 -0.089063
vn 0.084351 0.992613 -0.087202
vn 0.031153 0.998902 -0.034976
vn 0.030960 0.998915 -0.034787
vn 0.030960 0.998915 -0.034787
vn 0.031153 0.998902 -0.034976
vn -0.025557 0.999459 0.020724
vn 0.064496 0.997719 0.019951
vn 0.065475 0.997641 0.020625
vn 0.065103 0.997671 0.020369
vn 0.065103 0.997671 0.020369
vn 0.065475 0.997641 0.020625
vn 0.066097 0.997591 0.021054
vn -0.167497 0.976752 -0.133792
vn -0.027850 0.998836 -0.039379
vn -0.082121 0.993710 -0.076142
vn -0.082121 0.993710 -0.076142
vn -0.027850 0.998836 -0.039379
vn 0.059531 0.998026 0.019998
vn -0.044509 0.994450 0.095327
vn 0.052250 0.998634 -0.000308
vn 0.053009 0.998594 -0.001062
vn 0.053009 0.998594 -0.001062
vn 0.052250 0.998634 -0.000308
vn 0.140824 0.986053 -0.088699
vn -0.020988 0.999678 -0.014300
vn -0.056801 0.997016 -0.052280
vn -0.058536 0.996817 -0.054120
vn -0.058536 0.996817 -0.054120
vn -0.056801 0.997016 -0.052280
vn -0.097622 0.990622 -0.095597
vn 0.024185 0.999590 -0.015312
vn 0.002863 0.999857 0.016667
vn 0.011194 0.999929 0.004176
vn 0.011194 0.999929 0.004176
vn 0.002863 0.999857 0.016667
vn -0.009647 0.999326 0.035415
vn -0.064591 0.997314 0.034532
vn -0.005704 0.999685 -0.024440
vn -0.006342 0.999697 -0.023802
vn -0.006342 0.999697 -0.023802
vn -0.005704 0.999685 -0.024440
vn 0.054649 0.994910 -0.084662
vn -0.047433 0.992131 -0.115874
vn -0.043294 0.993249 -0.107624
vn -0.037199 0.994737 -0.095473
vn -0.037199 0.994737 -0.095473
vn -0.043294 0.993249 -0.107624
vn -0.032450 0.995766 -0.086003
vn 0.097017 0.992195 -0.078336
vn 0.074825 0.992156 -0.100139
vn 0.075288 0.992167 -0.099686
vn 0.075288 0.992167 -0.099686
vn 0.074825 0.992156 -0.100139
vn 0.055328 0.991333 -0.119157
vn 0.005273 0.999931 -0.010510
vn -0.010422 0.999335 -0.034956
vn -0.022360 0.998316 -0.053538
vn -0.022360 0.998316 -0.053538
vn -0.010422 0.999335 -0.034956
vn -0.038245 0.996200 -0.078250
vn 0.040334 0.999131 -0.010532
vn 0.022617 0.999716 0.007577
vn 0.023265 0.999705 0.006914
vn 0.023265 0.999705 0.006914
vn 0.022617 0.999716 0.007577
vn 0.005657 0.999674 0.024894
vn -0.042005 0.998836 0.023728
vn -0.090336 0.993264 0.072562
vn -0.089310 0.993432 0.071525
vn -0.089310 0.993432 0.071525
vn -0.090336 0.993264 0.072562
vn -0.139058 0.982755 0.121882
vn 0.043249 0.991782 0.120408
vn 0.131064 0.989892 -0.054189
vn 0.081481 0.995642 0.045368
vn 0.081481 0.995642 0.045368
vn 0.131064 0.989892 -0.054189
vn 0.162940 0.979359 -0.119613
vn 0.088651 0.988448 -0.122928
vn 0.022683 0.999592 -0.017364
vn 0.052605 0.996484 -0.065209
vn 0.052605 0.996484 -0.065209
vn 0.022683 0.999592 -0.017364
vn -0.015805 0.998903 0.044090
vn -0.054518 0.997575 0.043264
vn -0.074320 0.994452 0.074439
vn -0.065837 0.995960 0.061076
vn -0.065837 0.995960 0.061076
vn -0.074320 0.994452 0.074439
vn -0.085535 0.992067 0.092122
vn -0.038479 0.997504 -0.059211
vn 0.036427 0.999199 0.016544
vn 0.038281 0.999097 0.018421
vn 0.038281 0.999097 0.018421
vn 0.036427 0.999199 0.016544
vn 0.106822 0.990381 0.087948
vn 0.037849 0.999283 0.001256
vn 0.023703 0.999502 -0.020854
vn 0.013950 0.999252 -0.036074
vn 0.013950 0.999252 -0.036074
vn 0.023703 0.999502 -0.020854
vn -0.000872 0.998248 -0.059169
vn 0.020290 0.999794 0.001112
vn 0.002179 0.999597 0.028318
vn 0.008948 0.999795 0.018155
vn 0.008948 0.999795 0.018155
vn 0.002179 0.999597 0.028318
vn -0.008036 0.999015 0.043649
vn -0.175556 0.983565 0.042187
vn -0.133126 0.990111 -0.044255
vn -0.159367 0.987180 0.008856
vn -0.159367 0.987180 0.008856
vn -0.133126 0.990111 -0.044255
vn -0.111608 0.989936 -0.087003
vn 0.234221 0.969354 -0.074121
vn 0.127367 0.991105 0.038572
vn 0.131462 0.990727 0.034331
vn 0.131462 0.990727 0.034331
vn 0.127367 0.991105 0.038572
vn 0.021404 0.989008 0.146302
vn -0.030807 0.994346 0.101623
vn -0.009834 0.992386 0.122776
vn -0.009991 0.992404 0.122618
vn -0.009991 0.992404 0.122618
vn -0.009834 0.992386 0.122776
vn 0.013491 0.989168 0.146164
vn -0.046007 0.998604 -0.025943
vn -0.014937 0.999642 0.022189
vn 0.006663 0.998433 0.055561
vn 0.006663 0.998433 0.055561
vn -0.014937 0.999642 0.022189
vn 0.036259 0.994208 0.101172
vn -0.046064 0.998937 -0.001608
vn -0.058261 0.998204 -0.013978
vn -0.058007 0.998222 -0.013720
vn -0.058007 0.998222 -0.013720
vn -0.058261 0.998204 -0.013978
vn -0.069712 0.997239 -0.025603
vn -0.021088 0.999777 -0.001204
vn 0.026683 0.995384 -0.092186
vn 0.000208 0.999125 -0.041817
vn 0.000208 0.999125 -0.041817
vn 0.026683 0.995384 -0.092186
vn 0.046202 0.990537 -0.129233
vn 0.014255 0.999793 -0.014531
vn -0.046906 0.996005 -0.075990
vn -0.047356 0.995949 -0.076442
vn -0.047356 0.995949 -0.076442
vn -0.046906 0.996005 -0.075990
vn -0.099714 0.986634 -0.128881
vn -0.024250 0.992523 -0.119624
vn 0.000309 0.996659 -0.081671
vn 0.018500 0.998399 -0.053451
vn 0.018500 0.998399 -0.053451
vn 0.000309 0.996659 -0.081671
vn 0.043389 0.998950 -0.014689
vn 0.066193 0.990654 -0.119259
vn -0.009119 0.999124 -0.040852
vn -0.003824 0.998916 -0.046384
vn -0.003824 0.998916 -0.046384
vn -0.009119 0.999124 -0.040852
vn -0.078031 0.996456 0.031417
vn 0.059443 0.997661 0.033758
vn 0.010072 0.996359 0.084658
vn 0.011510 0.996468 0.083182
vn 0.011510 0.996468 0.083182
vn 0.010072 0.996359 0.084658
vn -0.035649 0.990692 0.131369
vn 0.142898 0.989640 -0.013902
vn 0.071914 0.995617 0.059787
vn 0.073991 0.995591 0.057650
vn 0.073991 0.995591 0.057650
vn 0.071914 0.995617 0.059787
vn 0.001804 0.991354 0.131202
vn -0.099916 0.986606 0.128937
vn -0.021331 0.998557 0.049290
vn -0.021701 0.998530 0.049665
vn -0.021701 0.998530 0.049665
vn -0.021331 0.998557 0.049290
vn 0.056848 0.997923 -0.030292
vn -0.009683 0.999938 -0.005562
vn -0.015572 0.999775 -0.014375
vn -0.019536 0.999603 -0.020307
vn -0.019536 0.999603 -0.020307
vn -0.015572 0.999775 -0.014375
vn -0.025238 0.999265 -0.028843
vn 0.053645 0.994383 0.091245
vn 0.004467 0.999038 0.043625
vn 0.005245 0.999001 0.044380
vn 0.005245 0.999001 0.044380
vn 0.004467 0.999038 0.043625
vn -0.045590 0.998948 -0.005036
vn -0.031817 0.995240 0.092113
vn -0.008675 0.998835 0.047476
vn -0.021563 0.997147 0.072344
vn -0.021563 0.997147 0.072344
vn -0.008675 0.998835 0.047476
vn 0.001257 0.999599 0.028297
vn 0.054338 0.994828 -0.085823
vn 0.114593 0.993037 -0.027314
vn 0.110370 0.993393 -0.031447
vn 0.110370 0.993393 -0.031447
vn 0.114593 0.993037 -0.027314
vn 0.173725 0.984304 0.031073
vn -0.038215 0.985924 -0.162767
vn -0.018262 0.991097 -0.131881
vn -0.005357 0.993713 -0.111829
vn -0.005357 0.993713 -0.111829
vn -0.018262 0.991097 -0.131881
vn 0.011641 0.996285 -0.085327
vn 0.006355 0.996271 -0.086047
vn -0.031812 0.991910 -0.122890
vn -0.030712 0.992076 -0.121831
vn -0.030712 0.992076 -0.121831
vn -0.031812 0.991910 -0.122890
vn -0.074186 0.983752 -0.163486
vn -0.134345 0.957346 -0.255811
vn -0.043266 0.984504 -0.169943
vn -0.046032 0.983919 -0.172581
vn -0.046032 0.983919 -0.172581
vn -0.043266 0.984504 -0.169943
vn 0.042145 0.995271 -0.087514
vn 0.158672 0.954797 -0.251369
vn 0.078595 0.992779 -0.090622
vn 0.124883 0.975100 -0.183262
vn 0.124883 0.975100 -0.183262
vn 0.078595 0.992779 -0.090622
vn 0.042239 0.998939 -0.018363
vn -0.016579 0.999688 -0.018689
vn 0.003754 0.998770 -0.049445
vn -0.004700 0.999317 -0.036665
vn -0.004700 0.999317 -0.036665
vn 0.003754 0.998770 -0.049445
vn 0.015861 0.997578 -0.067729
vn -0.087786 0.993677 -0.070003
vn -0.081201 0.993491 -0.079890
vn -0.083904 0.993584 -0.075836
vn -0.083904 0.993584 -0.075836
vn -0.081201 0.993491 -0.079890
vn -0.077029 0.993301 -0.086141
vn 0.108724 0.992074 -0.062990
vn 0.097291 0.992449 -0.074698
vn 0.096981 0.992455 -0.075014
vn 0.096981 0.992455 -0.075014
vn 0.097291 0.992449 -0.074698
vn 0.085252 0.992556 -0.086976
vn -0.002614 0.998775 0.049421
vn -0.029973 0.999519 0.007948
vn -0.048048 0.998654 -0.019526
vn -0.048048 0.998654 -0.019526
vn -0.029973 0.999519 0.007948
vn -0.074744 0.995384 -0.060209
vn -0.007807 0.998753 0.049303
vn -0.010273 0.998535 0.053129
vn -0.009210 0.998632 0.051480
vn -0.009210 0.998632 0.051480
vn -0.010273 0.998535 0.053129
vn -0.011792 0.998390 0.055484
vn -0.115202 0.992021 0.051207
vn -0.148848 0.981814 0.117834
vn -0.129654 0.988351 0.079701
vn -0.129654 0.988351 0.079701
vn -0.148848 0.981814 0.117834
vn -0.162008 0.976201 0.144173
vn 0.021298 0.989445 0.143335
vn 0.075425 0.993134 0.089416
vn 0.074946 0.993127 0.089898
vn 0.074946 0.993127 0.089898
vn 0.075425 0.993134 0.089416
vn 0.130658 0.990865 0.033390
vn 0.012269 0.999465 0.030306
vn -0.012804 0.998365 0.055705
vn -0.012295 0.998400 0.055190
vn -0.012295 0.998400 0.055190
vn -0.012804 0.998365 0.055705
vn -0.038449 0.995921 0.081629
vn 0.037476 0.997885 0.053109
vn 0.043763 0.997079 0.062598
vn 0.048699 0.996354 0.070048
vn 0.048699 0.996354 0.070048
vn 0.043763 0.997079 0.062598
vn 0.056270 0.995086 0.081475
vn -0.069863 0.997359 -0.019869
vn -0.030744 0.999364 0.018082
vn -0.032351 0.999340 0.016526
vn -0.032351 0.999340 0.016526
vn -0.030744 0.999364 0.018082
vn 0.006416 0.998520 0.054000
vn 0.047226 0.998005 0.041903
vn 0.037194 0.999070 0.021811
vn 0.024305 0.999697 -0.003963
vn 0.024305 0.999697 -0.003963
vn 0.037194 0.999070 0.021811
vn 0.015448 0.999646 -0.021649
vn -0.101479 0.990031 -0.097674
vn -0.036944 0.998854 -0.030435
vn -0.035525 0.998949 -0.028958
vn -0.035525 0.998949 -0.028958
vn -0.036944 0.998854 -0.030435
vn 0.032726 0.998578 0.042076
vn 0.043503 0.994433 -0.095975
vn -0.016138 0.999813 -0.010694
vn 0.006572 0.999044 -0.043210
vn 0.006572 0.999044 -0.043210
vn -0.016138 0.999813 -0.010694
vn -0.053159 0.997684 0.042429
vn -0.078042 0.996067 0.041943
vn 0.015552 0.998611 -0.050344
vn 0.019016 0.998374 -0.053748
vn 0.019016 0.998374 -0.053748
vn 0.015552 0.998611 -0.050344
vn 0.109750 0.983675 -0.142613
vn -0.044530 0.989037 -0.140795
vn -0.044751 0.988997 -0.141007
vn -0.044742 0.988998 -0.140998
vn -0.044742 0.988998 -0.140998
vn -0.044751 0.988997 -0.141007
vn -0.044941 0.988962 -0.141190
vn 0.001270 0.999197 -0.040045
vn 0.022964 0.998255 -0.054395
vn 0.037682 0.997231 -0.064115
vn 0.037682 0.997231 -0.064115
vn 0.022964 0.998255 -0.054395
vn 0.058182 0.995283 -0.077634
vn 0.055013 0.995460 -0.077669
vn -0.005280 0.999225 -0.038997
vn -0.050632 0.998670 -0.009764
vn -0.050632 0.998670 -0.009764
vn -0.005280 0.999225 -0.038997
vn -0.113328 0.993079 0.030853
vn -0.024841 0.997014 -0.073122
vn 0.026349 0.999436 -0.020808
vn 0.027035 0.999432 -0.020105
vn 0.027035 0.999432 -0.020105
vn 0.026349 0.999436 -0.020808
vn 0.079224 0.996294 0.033497
vn -0.046524 0.996243 -0.073048
vn -0.088947 0.995060 -0.044093
vn -0.115004 0.993020 -0.026169
vn -0.115004 0.993020 -0.026169
vn -0.088947 0.995060 -0.044093
vn -0.156438 0.987685 0.002551
vn 0.001363 0.998723 0.050509
vn -0.012857 0.999419 0.031554
vn -0.019328 0.999551 0.022919
vn -0.019328 0.999551 0.022919
vn -0.012857 0.999419 0.031554
vn -0.033790 0.999422 0.003600
vn 0.170267 0.975917 0.136367
vn 0.089048 0.992635 0.082136
vn 0.121551 0.987136 0.103865
vn 0.121551 0.987136 0.103865
vn 0.089048 0.992635 0.082136
vn 0.040829 0.997923 0.049836
vn 0.007408 0.999290 0.036930
vn 0.052913 0.995095 0.083578
vn 0.053652 0.994992 0.084334
vn 0.053652 0.994992 0.084334
vn 0.052913 0.995095 0.083578
vn 0.104455 0.985151 0.136262
vn -0.073037 0.997145 -0.019153
vn -0.012532 0.999762 0.017873
vn -0.039015 0.999237 0.001683
vn -0.039015 0.999237 0.001683
vn -0.012532 0.999762 0.017873
vn 0.018270 0.999160 0.036673
vn 0.041586 0.998950 -0.019216
vn 0.033655 0.999336 -0.013971
vn 0.028535 0.999537 -0.010586
vn 0.028535 0.999537 -0.010586
vn 0.033655 0.999336 -0.013971
vn 0.020990 0.999764 -0.005597
vn 0.042520 0.999081 -0.005320
vn 0.034657 0.999387 0.004921
vn 0.036954 0.999315 0.001930
vn 0.036954 0.999315 0.001930
vn 0.034657 0.999387 0.004921
vn 0.028888 0.999505 0.012429
vn 0.015502 0.999807 0.012090
vn -0.006427 0.999390 0.034322
vn -0.006076 0.999405 0.033966
vn -0.006076 0.999405 0.033966
vn -0.006427 0.999390 0.034322
vn -0.028251 0.998007 0.056422
vn -0.076852 0.996684 0.026734
vn -0.061319 0.997219 0.042355
vn -0.061469 0.997216 0.042205
vn -0.061469 0.997216 0.042205
vn -0.061319 0.997219 0.042355
vn -0.047133 0.997285 0.056579
vn 0.084569 0.995988 0.029248
vn 0.052371 0.997354 0.050424
vn 0.028643 0.997412 0.065948
vn 0.028643 0.997412 0.065948
vn 0.052371 0.997354 0.050424
vn -0.005212 0.996109 0.087981
vn -0.074889 0.997048 -0.016922
vn -0.023288 0.999063 0.036487
vn -0.021806 0.999039 0.038017
vn -0.021806 0.999039 0.038017
vn -0.023288 0.999063 0.036487
vn 0.026340 0.995813 0.087542
vn -0.012238 0.999799 -0.015879
vn -0.002451 0.999667 -0.025698
vn -0.002312 0.999663 -0.025838
vn -0.002312 0.999663 -0.025838
vn -0.002451 0.999667 -0.025698
vn 0.008245 0.999303 -0.036423
vn -0.161818 0.975502 -0.149032
vn -0.126051 0.986928 -0.100423
vn -0.110522 0.990697 -0.079401
vn -0.110522 0.990697 -0.079401
vn -0.126051 0.986928 -0.100423
vn -0.076647 0.996488 -0.033711
vn 0.133839 0.980189 -0.146006
vn 0.068637 0.992276 -0.103331
vn 0.025115 0.996894 -0.074645
vn 0.025115 0.996894 -0.074645
vn 0.068637 0.992276 -0.103331
vn -0.041483 0.998675 -0.030443
vn -0.039704 0.998748 -0.030448
vn -0.008717 0.998704 -0.050149
vn 0.014686 0.997779 -0.064979
vn 0.014686 0.997779 -0.064979
vn -0.008717 0.998704 -0.050149
vn 0.043014 0.995631 -0.082873
vn 0.056746 0.993221 0.101453
vn -0.039922 0.999190 0.005100
vn -0.039533 0.999203 0.005490
vn -0.039533 0.999203 0.005490
vn -0.039922 0.999190 0.005100
vn -0.129523 0.987930 -0.084965
vn 0.008529 0.999598 -0.027045
vn 0.118155 0.991746 0.049802
vn 0.080198 0.996511 0.023127
vn 0.080198 0.996511 0.023127
vn 0.118155 0.991746 0.049802
vn 0.184188 0.978154 0.096383
vn 0.014984 0.999885 -0.002140
vn 0.007812 0.999900 -0.011776
vn 0.004389 0.999856 -0.016374
vn 0.004389 0.999856 -0.016374
vn 0.007812 0.999900 -0.011776
vn -0.003476 0.999631 -0.026936
vn 0.032711 0.999322 0.016925
vn 0.014956 0.999875 0.005114
vn 0.022055 0.999708 0.009837
vn 0.022055 0.999708 0.009837
vn 0.014956 0.999875 0.005114
vn 0.004075 0.999989 -0.002123
vn -0.052861 0.997874 -0.038132
vn -0.024331 0.999654 -0.010009
vn -0.024820 0.999637 -0.010491
vn -0.024820 0.999637 -0.010491
vn -0.024331 0.999654 -0.010009
vn 0.003332 0.999846 0.017239
vn 0.114242 0.992738 -0.037697
vn 0.072589 0.997315 -0.009703
vn 0.043293 0.999013 0.009927
vn 0.043293 0.999013 0.009927
vn 0.072589 0.997315 -0.009703
vn -0.002518 0.999175 0.040526
vn -0.047974 0.998844 0.002965
vn -0.015024 0.999546 0.026113
vn -0.027402 0.999473 0.017424
vn -0.027402 0.999473 0.017424
vn -0.015024 0.999546 0.026113
vn 0.005558 0.999162 0.040541
vn 0.061082 0.996890 0.049791
vn 0.028668 0.996964 0.072390
vn 0.006894 0.996142 0.087489
vn 0.006894 0.996142 0.087489
vn 0.028668 0.996964 0.072390
vn -0.028169 0.993346 0.111669
vn -0.113114 0.993561 0.006532
vn -0.015315 0.997330 0.071404
vn -0.053691 0.997494 0.046083
vn -0.053691 0.997494 0.046083
vn -0.015315 0.997330 0.071404
vn 0.043578 0.992984 0.109928
vn 0.078030 0.989426 0.122259
vn 0.020527 0.997685 0.064828
vn 0.020542 0.997684 0.064843
vn 0.020542 0.997684 0.064843
vn 0.020527 0.997685 0.064828
vn -0.037868 0.999264 0.006205
vn -0.155928 0.985918 -0.060441
vn 0.013967 0.998541 0.052163
vn -0.055434 0.998442 0.006383
vn -0.055434 0.998442 0.006383
vn 0.013967 0.998541 0.052163
vn 0.120151 0.985276 0.121631
vn -0.033392 0.995978 -0.083141
vn -0.027307 0.996796 -0.075175
vn -0.024821 0.997101 -0.071921
vn -0.024821 0.997101 -0.071921
vn -0.027307 0.996796 -0.075175
vn -0.018961 0.997754 -0.064245
vn 0.039672 0.995805 -0.082451
vn 0.049717 0.994781 -0.089098
vn 0.056478 0.994010 -0.093568
vn 0.056478 0.994010 -0.093568
vn 0.049717 0.994781 -0.089098
vn 0.066432 0.992753 -0.100143
vn 0.103527 0.989625 -0.099627
vn 0.032403 0.999065 -0.028613
vn 0.031854 0.999098 -0.028065
vn 0.031854 0.999098 -0.028065
vn 0.032403 0.999065 -0.028613
vn -0.040115 0.998237 0.043755
vn 0.018212 0.998865 0.044015
vn 0.038136 0.998782 0.031307
vn 0.052110 0.998391 0.022374
vn 0.052110 0.998391 0.022374
vn 0.038136 0.998782 0.031307
vn 0.071104 0.997417 0.010209
vn 0.020981 0.999737 0.009301
vn 0.002428 0.999763 0.021632
vn -0.010501 0.999488 0.030218
vn -0.010501 0.999488 0.030218
vn 0.002428 0.999763 0.021632
vn -0.029731 0.998634 0.042978
vn 0.028878 0.999412 0.018478
vn 0.036653 0.998916 0.028686
vn 0.039678 0.998679 0.032656
vn 0.039678 0.998679 0.032656
vn 0.036653 0.998916 0.028686
vn 0.047079 0.997992 0.042376
vn -0.029122 0.999418 0.017743
vn -0.043660 0.998528 0.032194
vn -0.043941 0.998506 0.032473
vn -0.043941 0.998506 0.032473
vn -0.043660 0.998528 0.032194
vn -0.058704 0.997161 0.047152
vn -0.043671 0.993863 -0.101634
vn 0.029570 0.999189 -0.027320
vn 0.029205 0.999190 -0.027692
vn 0.029205 0.999190 -0.027692
vn 0.029570 0.999189 -0.027320
vn 0.103187 0.993503 0.048010
vn -0.008727 0.994777 -0.101699
vn -0.055689 0.995861 -0.071828
vn -0.091500 0.994607 -0.048825
vn -0.091500 0.994607 -0.048825
vn -0.055689 0.995861 -0.071828
vn -0.137286 0.990347 -0.019128
vn 0.027349 0.999518 0.014685
vn 0.011969 0.999928 -0.001190
vn 0.011499 0.999933 -0.001676
vn 0.011499 0.999933 -0.001676
vn 0.011969 0.999928 -0.001190
vn -0.004542 0.999824 -0.018226
vn 0.009676 0.988378 0.151710
vn -0.062612 0.994769 0.080707
vn -0.061276 0.994744 0.082033
vn -0.061276 0.994744 0.082033
vn -0.062612 0.994769 0.080707
vn -0.126377 0.991839 0.016844
vn -0.079345 0.985499 0.149988
vn -0.010585 0.998139 0.060052
vn -0.031921 0.995607 0.088024
vn -0.031921 0.995607 0.088024
vn -0.010585 0.998139 0.060052
vn 0.035962 0.999353 -0.001168
vn -0.041014 0.999157 -0.002062
vn -0.061452 0.998046 0.011296
vn -0.076714 0.996826 0.021283
vn -0.076714 0.996826 0.021283
vn -0.061452 0.998046 0.011296
vn -0.098940 0.994448 0.035844
vn 0.049572 0.990312 0.129708
vn -0.040470 0.996759 0.069531
vn -0.006448 0.995701 0.092402
vn -0.006448 0.995701 0.092402
vn -0.040470 0.996759 0.069531
vn -0.090203 0.995280 0.035803
vn -0.126611 0.983226 -0.131285
vn -0.001768 0.999980 -0.006106
vn -0.004425 0.999952 -0.008772
vn -0.004425 0.999952 -0.008772
vn -0.001768 0.999980 -0.006106
vn 0.132570 0.982777 0.128746
vn 0.185455 0.974015 -0.130005
vn 0.119905 0.989078 -0.085718
vn 0.076990 0.995418 -0.056708
vn 0.076990 0.995418 -0.056708
vn 0.119905 0.989078 -0.085718
vn 0.008440 0.999911 -0.010343
vn -0.003191 0.999942 -0.010338
vn 0.005842 0.999732 -0.022408
vn 0.003003 0.999822 -0.018615
vn 0.003003 0.999822 -0.018615
vn 0.005842 0.999732 -0.022408
vn 0.012443 0.999435 -0.031225
vn 0.004138 0.999502 -0.031276
vn -0.032613 0.999449 -0.006133
vn -0.054460 0.998477 0.008840
vn -0.054460 0.998477 0.008840
vn -0.032613 0.999449 -0.006133
vn -0.089604 0.995432 0.032969
vn 0.003163 0.997238 0.074205
vn -0.016633 0.998391 0.054219
vn -0.016820 0.998398 0.054030
vn -0.016820 0.998398 0.054030
vn -0.016633 0.998391 0.054219
vn -0.037067 0.998750 0.033529
vn -0.003061 0.997673 0.068117
vn 0.002641 0.997410 0.071882
vn 0.000311 0.997523 0.070344
vn 0.000311 0.997523 0.070344
vn 0.002641 0.997410 0.071882
vn 0.006125 0.997226 0.074181
vn 0.006154 0.999895 0.013096
vn 0.056620 0.997306 0.046632
vn 0.036324 0.998790 0.033149
vn 0.036324 0.998790 0.033149
vn 0.056620 0.997306 0.046632
vn 0.087433 0.993908 0.067093
vn -0.029594 0.999541 -0.006446
vn 0.024057 0.997971 -0.058954
vn 0.024613 0.997925 -0.059497
vn 0.024613 0.997925 -0.059497
vn 0.024057 0.997971 -0.058954
vn 0.078801 0.990542 -0.112325
vn 0.039479 0.992787 -0.113208
vn -0.025844 0.998626 -0.045582
vn -0.022933 0.998555 -0.048610
vn -0.022933 0.998555 -0.048610
vn -0.025844 0.998626 -0.045582
vn -0.091959 0.995485 0.023520
vn -0.037694 0.999128 -0.017977
vn -0.028042 0.999601 -0.003285
vn -0.020868 0.999753 0.007627
vn -0.020868 0.999753 0.007627
vn -0.028042 0.999601 -0.003285
vn -0.010545 0.999673 0.023317
vn 0.121871 0.992540 -0.003351
vn 0.114085 0.993406 -0.011349
vn 0.113964 0.993419 -0.011473
vn 0.113964 0.993419 -0.011473
vn 0.114085 0.993406 -0.011349
vn 0.106396 0.994138 -0.019231
vn -0.019043 0.999815 -0.002848
vn -0.050459 0.996835 0.061430
vn -0.032632 0.999157 0.024929
vn -0.032632 0.999157 0.024929
vn -0.050459 0.996835 0.061430
vn -0.062524 0.994316 0.086175
vn 0.068888 0.997194 0.029304
vn 0.097910 0.993483 0.058352
vn 0.097947 0.993477 0.058389
vn 0.097947 0.993477 0.058389
vn 0.097910 0.993483 0.058352
vn 0.125001 0.988463 0.085529
vn -0.040303 0.998752 0.029493
vn -0.097011 0.988323 0.117504
vn -0.074075 0.993887 0.081864
vn -0.074075 0.993887 0.081864
vn -0.097011 0.988323 0.117504
vn -0.128243 0.977728 0.166137
vn 0.070328 0.994307 0.080044
vn 0.115332 0.985624 0.123469
vn 0.114051 0.985927 0.122233
vn 0.114051 0.985927 0.122233
vn 0.115332 0.985624 0.123469
vn 0.161182 0.972579 0.167660
vn -0.031130 0.999461 -0.010398
vn 0.017493 0.999157 0.037146
vn 0.016973 0.999184 0.036638
vn 0.016973 0.999184 0.036638
vn 0.017493 0.999157 0.037146
vn 0.061603 0.994874 0.080198
vn 0.047520 0.998792 -0.012526
vn 0.019671 0.998775 0.045398
vn 0.035543 0.999291 0.012429
vn 0.035543 0.999291 0.012429
vn 0.019671 0.998775 0.045398
vn 0.009777 0.997779 0.065890
vn -0.058386 0.996219 0.064334
vn -0.076707 0.992859 0.091362
vn -0.069433 0.994323 0.080629
vn -0.069433 0.994323 0.080629
vn -0.076707 0.992859 0.091362
vn -0.088317 0.990166 0.108500
vn 0.099964 0.981585 0.162782
vn 0.087334 0.985638 0.144535
vn 0.078958 0.988043 0.132428
vn 0.078958 0.988043 0.132428
vn 0.087334 0.985638 0.144535
vn 0.063810 0.991823 0.110523
vn -0.135580 0.985857 0.098514
vn -0.096783 0.985752 0.137575
vn -0.097311 0.985773 0.137048
vn -0.097311 0.985773 0.137048
vn -0.096783 0.985752 0.137575
vn -0.065197 0.983482 0.168857
vn -0.004397 0.999464 -0.032443
vn 0.026423 0.999523 0.015980
vn 0.049955 0.997344 0.053011
vn 0.049955 0.997344 0.053011
vn 0.026423 0.999523 0.015980
vn 0.082082 0.991222 0.103645
vn -0.121158 0.982731 -0.139859
vn -0.096668 0.990230 -0.100498
vn -0.077549 0.994538 -0.069853
vn -0.077549 0.994538 -0.069853
vn -0.096668 0.990230 -0.100498
vn -0.052765 0.998149 -0.030233
vn 0.035344 0.989432 -0.140627
vn -0.019110 0.999377 -0.029655
vn 0.012207 0.995535 -0.093605
vn 0.012207 0.995535 -0.093605
vn -0.019110 0.999377 -0.029655
vn -0.041523 0.999004 0.016326
vn -0.098928 0.994534 0.033382
vn -0.107219 0.993916 0.025186
vn -0.106962 0.993938 0.025441
vn -0.106962 0.993938 0.025441
vn -0.107219 0.993916 0.025186
vn -0.114601 0.993251 0.017874
vn -0.089925 0.995560 0.027807
vn -0.087235 0.995719 0.030559
vn -0.087253 0.995718 0.030541
vn -0.087253 0.995718 0.030541
vn -0.087235 0.995719 0.030559
vn -0.084471 0.995867 0.033387
vn 0.132690 0.990748 0.028497
vn 0.137576 0.990260 0.021412
vn 0.135859 0.990440 0.023903
vn 0.135859 0.990440 0.023903
vn 0.137576 0.990260 0.021412
vn 0.140602 0.989920 0.017016
vn 0.009477 0.994042 0.108588
vn -0.037654 0.997407 0.061332
vn -0.037545 0.997404 0.061442
vn -0.037545 0.997404 0.061442
vn -0.037654 0.997407 0.061332
vn -0.082548 0.996460 0.015905
vn 0.011326 0.998311 0.056991
vn 0.018483 0.997265 0.071560
vn 0.028973 0.995254 0.092897
vn 0.028973 0.995254 0.092897
vn 0.018483 0.997265 0.071560
vn 0.036246 0.993525 0.107681
vn -0.089136 0.994332 0.057948
vn 0.010409 0.998878 -0.046209
vn 0.005501 0.999140 -0.041092
vn 0.005501 0.999140 -0.041092
vn 0.010409 0.998878 -0.046209
vn 0.104232 0.984116 -0.143706
vn -0.034706 0.975882 -0.215522
vn -0.017299 0.981624 -0.190040
vn -0.005598 0.984938 -0.172820
vn -0.005598 0.984938 -0.172820
vn -0.017299 0.981624 -0.190040
vn 0.012978 0.989298 -0.145333
vn 0.005663 0.976391 -0.215938
vn -0.082871 0.988305 -0.128010
vn -0.080168 0.988170 -0.130744
vn -0.080168 0.988170 -0.130744
vn -0.082871 0.988305 -0.128010
vn -0.160287 0.985885 -0.048362
vn 0.085437 0.995618 -0.038024
vn 0.049154 0.998790 -0.001310
vn 0.050295 0.998731 -0.002463
vn 0.050295 0.998731 -0.002463
vn 0.049154 0.998790 -0.001310
vn 0.009232 0.999199 0.038936
vn 0.073801 0.990861 0.112909
vn 0.018648 0.996832 0.077322
vn 0.042276 0.994805 0.092602
vn 0.042276 0.994805 0.092602
vn 0.018648 0.996832 0.077322
vn -0.016770 0.998383 0.054319
vn -0.092078 0.995751 -0.001509
vn 0.020358 0.997198 0.071991
vn -0.025841 0.998787 0.041919
vn -0.025841 0.998787 0.041919
vn 0.020358 0.997198 0.071991
vn 0.083435 0.990113 0.112760
vn -0.012008 0.994151 -0.107327
vn 0.043403 0.997604 -0.053880
vn 0.042021 0.997590 -0.055220
vn 0.042021 0.997590 -0.055220
vn 0.043403 0.997604 -0.053880
vn 0.097295 0.995255 -0.001349
vn 0.106384 0.994150 -0.018640
vn 0.024165 0.996894 -0.074950
vn 0.055415 0.997021 -0.053655
vn 0.055415 0.997021 -0.053655
vn 0.024165 0.996894 -0.074950
vn -0.023321 0.993979 -0.107060
vn -0.065039 0.997646 -0.021749
vn -0.018034 0.996264 -0.084455
vn -0.032972 0.997366 -0.064600
vn -0.032972 0.997366 -0.064600
vn -0.018034 0.996264 -0.084455
vn 0.016807 0.991305 -0.130504
vn 0.127528 0.983451 -0.128687
vn 0.044272 0.996343 -0.073075
vn -0.003355 0.999151 -0.041065
vn -0.003355 0.999151 -0.041065
vn 0.044272 0.996343 -0.073075
vn -0.078222 0.996890 0.009545
vn -0.132105 0.991207 0.007569
vn -0.058745 0.996127 -0.065414
vn -0.056986 0.996114 -0.067148
vn -0.056986 0.996114 -0.067148
vn -0.058745 0.996127 -0.065414
vn 0.019023 0.989777 -0.141350
vn 0.152993 0.978305 -0.139690
vn 0.052528 0.995829 -0.074598
vn -0.018146 0.999430 -0.028455
vn -0.018146 0.999430 -0.028455
vn 0.052528 0.995829 -0.074598
vn -0.116833 0.992482 0.036460
vn 0.063308 0.997222 0.039240
vn 0.065610 0.997013 0.040741
vn 0.064551 0.997110 0.040050
vn 0.064551 0.997110 0.040050
vn 0.065610 0.997013 0.040741
vn 0.067052 0.996879 0.041681
vn 0.009216 0.999189 0.039206
vn 0.011618 0.999287 0.035932
vn 0.010831 0.999256 0.037006
vn 0.010831 0.999256 0.037006
vn 0.011618 0.999287 0.035932
vn 0.013345 0.999347 0.033578
vn -0.088504 0.993651 0.069466
vn -0.106809 0.992967 0.051082
vn -0.106739 0.992970 0.051152
vn -0.106739 0.992970 0.051152
vn -0.106809 0.992967 0.051082
vn -0.125036 0.991614 0.032669
vn 0.063700 0.993445 0.094921
vn 0.049547 0.995472 0.081121
vn 0.049509 0.995477 0.081083
vn 0.049509 0.995477 0.081083
vn 0.049547 0.995472 0.081121
vn 0.035565 0.997087 0.067474
vn -0.058809 0.997678 0.034340
vn -0.004813 0.997485 0.070716
vn -0.026457 0.998071 0.056172
vn -0.026457 0.998071 0.056172
vn -0.004813 0.997485 0.070716
vn 0.032249 0.994907 0.095502
vn 0.081676 0.989687 0.117684
vn 0.036659 0.996539 0.074606
vn 0.038805 0.996302 0.076662
vn 0.038805 0.996302 0.076662
vn 0.036659 0.996539 0.074606
vn -0.006526 0.999430 0.033135
vn -0.053225 0.998580 -0.002263
vn 0.006406 0.998235 0.059049
vn 0.007425 0.998165 0.060094
vn 0.007425 0.998165 0.060094
vn 0.006406 0.998235 0.059049
vn 0.064177 0.990928 0.118082
vn -0.041926 0.999118 -0.002529
vn -0.041869 0.999120 -0.002452
vn -0.041845 0.999121 -0.002419
vn -0.041845 0.999121 -0.002419
vn -0.041869 0.999120 -0.002452
vn -0.041793 0.999124 -0.002350
vn -0.111779 0.992264 -0.054013
vn -0.065257 0.997612 -0.022639
vn -0.084282 0.995811 -0.035462
vn -0.084282 0.995811 -0.035462
vn -0.065257 0.997612 -0.022639
vn -0.035439 0.999369 -0.002566
vn -0.082303 0.989921 -0.115253
vn -0.026197 0.996567 -0.078534
vn -0.049058 0.994407 -0.093529
vn -0.049058 0.994407 -0.093529
vn -0.026197 0.996567 -0.078534
vn 0.008426 0.998410 -0.055736
vn 0.136336 0.983339 -0.120240
vn 0.079984 0.994891 -0.061604
vn 0.081038 0.994737 -0.062700
vn 0.081038 0.994737 -0.062700
vn 0.079984 0.994891 -0.061604
vn 0.025359 0.999666 -0.004902
vn -0.079334 0.996047 -0.039952
vn -0.049644 0.998578 -0.019446
vn -0.062079 0.997678 -0.028032
vn -0.062079 0.997678 -0.028032
vn -0.049644 0.998578 -0.019446
vn -0.029986 0.999533 -0.005880
vn 0.036432 0.998579 -0.038890
vn 0.076341 0.992839 -0.091889
vn 0.064043 0.995083 -0.075554
vn 0.064043 0.995083 -0.075554
vn 0.076341 0.992839 -0.091889
vn 0.103250 0.986431 -0.127648
vn 0.103524 0.994448 0.018890
vn -0.030359 0.996885 -0.072795
vn 0.022661 0.999071 -0.036651
vn 0.022661 0.999071 -0.036651
vn -0.030359 0.996885 -0.072795
vn -0.114788 0.984860 -0.129906
vn 0.012888 0.999596 -0.025314
vn 0.036689 0.999323 -0.002678
vn 0.035518 0.999362 -0.003792
vn 0.035518 0.999362 -0.003792
vn 0.036689 0.999323 -0.002678
vn 0.059681 0.998032 0.019228
vn -0.160407 0.982518 -0.094487
vn -0.097116 0.993930 -0.051688
vn -0.121410 0.990263 -0.068107
vn -0.121410 0.990263 -0.068107
vn -0.097116 0.993930 -0.051688
vn -0.057358 0.998045 -0.024845
vn 0.010032 0.997541 -0.069358
vn -0.017816 0.996020 -0.087333
vn -0.006325 0.996781 -0.079926
vn -0.006325 0.996781 -0.079926
vn -0.017816 0.996020 -0.087333
vn -0.033712 0.994659 -0.097556
vn -0.020871 0.996820 -0.076910
vn -0.049032 0.997152 -0.057302
vn -0.066794 0.996757 -0.044880
vn -0.066794 0.996757 -0.044880
vn -0.049032 0.997152 -0.057302
vn -0.095302 0.995138 -0.024851
vn 0.084829 0.996074 -0.025330
vn 0.080154 0.996539 -0.022041
vn 0.077457 0.996792 -0.020144
vn 0.077457 0.996792 -0.020144
vn 0.080154 0.996539 -0.022041
vn 0.072945 0.997192 -0.016973
vn 0.097464 0.995093 -0.017032
vn 0.054717 0.998177 0.025481
vn 0.054922 0.998171 0.025278
vn 0.054922 0.998171 0.025278
vn 0.054717 0.998177 0.025481
vn 0.014987 0.997790 0.064735
vn -0.022454 0.997712 0.063764
vn -0.034780 0.996789 0.072125
vn -0.042588 0.996089 0.077415
vn -0.042588 0.996089 0.077415
vn -0.034780 0.996789 0.072125
vn -0.055024 0.994789 0.085832
vn 0.014987 0.996176 0.086080
vn 0.075354 0.997117 0.008886
vn 0.059084 0.997808 0.029791
vn 0.059084 0.997808 0.029791
vn 0.075354 0.997117 0.008886
vn 0.116301 0.992236 -0.044057
vn -0.079551 0.995749 -0.046425
vn -0.101089 0.994367 -0.031868
vn -0.114638 0.993149 -0.022676
vn -0.114638 0.993149 -0.022676
vn -0.101089 0.994367 -0.031868
vn -0.135753 0.990708 -0.008297
vn 0.023527 0.999711 -0.005015
vn -0.061705 0.995203 0.075919
vn -0.068951 0.994179 0.082788
vn -0.068951 0.994179 0.082788
vn -0.061705 0.995203 0.075919
vn -0.155837 0.973901 0.165020
vn -0.117272 0.993100 -0.000218
vn 0.040336 0.993665 0.104898
vn -0.021592 0.997721 0.063931
vn -0.021592 0.997721 0.063931
vn 0.040336 0.993665 0.104898
vn 0.131865 0.977498 0.164647
vn 0.066667 0.997773 -0.002023
vn -0.001946 0.999107 0.042199
vn -0.053293 0.995750 0.075115
vn -0.053293 0.995750 0.075115
vn -0.001946 0.999107 0.042199
vn -0.118872 0.986001 0.116929
vn 0.013099 0.997570 0.068436
vn 0.027380 0.995739 0.088056
vn 0.034617 0.994586 0.097987
vn 0.034617 0.994586 0.097987
vn 0.027380 0.995739 0.088056
vn 0.049303 0.991775 0.118118
vn -0.124816 0.991967 0.020543
vn -0.099605 0.993995 0.045300
vn -0.100481 0.993946 0.044443
vn -0.100481 0.993946 0.044443
vn -0.099605 0.993995 0.045300
vn -0.074695 0.994775 0.069587
vn 0.035259 0.999030 -0.026376
vn 0.057728 0.998327 -0.003236
vn 0.058069 0.998308 -0.002885
vn 0.058069 0.998308 -0.002885
vn 0.057728 0.998327 -0.003236
vn 0.077960 0.996800 0.017656
vn 0.029613 0.999210 -0.026488
vn 0.037763 0.998770 -0.032119
vn 0.042368 0.998478 -0.035302
vn 0.042368 0.998478 -0.035302
vn 0.037763 0.998770 -0.032119
vn 0.050372 0.997896 -0.040832
vn -0.005261 0.999088 -0.042382
vn -0.013305 0.999317 -0.034476
vn -0.013382 0.999319 -0.034399
vn -0.013382 0.999319 -0.034399
vn -0.013305 0.999317 -0.034476
vn -0.021470 0.999420 -0.026443
vn 0.067645 0.997487 0.021084
vn 0.045522 0.998961 -0.002071
vn 0.044663 0.998998 -0.002969
vn 0.044663 0.998998 -0.002969
vn 0.045522 0.998961 -0.002071
vn 0.021793 0.999402 -0.026851
vn -0.041983 0.999023 0.013806
vn -0.039554 0.999073 0.017014
vn -0.038584 0.999088 0.018294
vn -0.038584 0.999088 0.018294
vn -0.039554 0.999073 0.017014
vn -0.036169 0.999115 0.021481
vn -0.034906 0.997304 -0.064541
vn 0.040448 0.999056 -0.015833
vn 0.009420 0.999310 -0.035930
vn 0.009420 0.999310 -0.035930
vn 0.040448 0.999056 -0.015833
vn 0.082587 0.996517 0.011554
vn 0.007910 0.999300 -0.036567
vn -0.018754 0.998338 -0.054487
vn -0.007855 0.998856 -0.047168
vn -0.007855 0.998856 -0.047168
vn -0.018754 0.998338 -0.054487
vn -0.033753 0.997344 -0.064549
vn 0.025011 0.999033 -0.036153
vn 0.005951 0.999826 -0.017690
vn 0.005692 0.999832 -0.017439
vn 0.005692 0.999832 -0.017439
vn 0.005951 0.999826 -0.017690
vn -0.015012 0.999884 0.002629
vn -0.029900 0.999550 0.002528
vn -0.028860 0.999582 0.001844
vn -0.028142 0.999603 0.001373
vn -0.028142 0.999603 0.001373
vn -0.028860 0.999582 0.001844
vn -0.027115 0.999632 0.000697
vn 0.103267 0.992259 0.068983
vn 0.083793 0.995576 0.042522
vn 0.074414 0.996782 0.029805
vn 0.074414 0.996782 0.029805
vn 0.083793 0.995576 0.042522
vn 0.053556 0.998564 0.001587
vn -0.115654 0.990596 0.073100
vn -0.066901 0.997000 0.038937
vn -0.038596 0.999072 0.019116
vn -0.038596 0.999072 0.019116
vn -0.066901 0.997000 0.038937
vn 0.006847 0.999896 -0.012688
vn 0.059356 0.998160 -0.012354
vn 0.038964 0.999211 0.007653
vn 0.038656 0.999221 0.007955
vn 0.038656 0.999221 0.007955
vn 0.038964 0.999211 0.007653
vn 0.018571 0.999446 0.027624
vn -0.058220 0.997974 0.025670
vn -0.045798 0.998798 0.017482
vn -0.037375 0.999230 0.011931
vn -0.037375 0.999230 0.011931
vn -0.045798 0.998798 0.017482
vn -0.024081 0.999705 0.003173
vn -0.033082 0.999447 0.003223
vn -0.041181 0.999114 0.008681
vn -0.046560 0.998840 0.012306
vn -0.046560 0.998840 0.012306
vn -0.041181 0.999114 0.008681
vn -0.054518 0.998356 0.017672
vn -0.095259 0.995191 -0.022816
vn -0.095029 0.995208 -0.023043
vn -0.095024 0.995208 -0.023048
vn -0.095024 0.995208 -0.023048
vn -0.095029 0.995208 -0.023043
vn -0.094796 0.995225 -0.023273
vn 0.072911 0.997168 -0.018430
vn 0.097842 0.994261 -0.043275
vn 0.097945 0.994246 -0.043378
vn 0.097945 0.994246 -0.043378
vn 0.097842 0.994261 -0.043275
vn 0.124642 0.989725 -0.070059
vn 0.014201 0.997415 -0.070442
vn -0.033098 0.999449 0.002415
vn -0.013927 0.999534 -0.027159
vn -0.013927 0.999534 -0.027159
vn -0.033098 0.999449 0.002415
vn -0.059284 0.997319 0.042909
vn -0.056925 0.997454 0.042952
vn -0.038693 0.998962 0.024042
vn -0.039410 0.998916 0.024786
vn -0.039410 0.998916 0.024786
vn -0.038693 0.998962 0.024042
vn -0.020251 0.999783 0.004926
vn 0.116847 0.993118 0.008026
vn 0.062029 0.990757 0.120634
vn 0.094337 0.994034 0.054740
vn 0.094337 0.994034 0.054740
vn 0.062029 0.990757 0.120634
vn 0.039732 0.985436 0.165342
vn -0.132301 0.977742 0.162842
vn -0.150241 0.971752 0.182003
vn -0.148857 0.972241 0.180526
vn -0.148857 0.972241 0.180526
vn -0.150241 0.971752 0.182003
vn -0.167440 0.965308 0.200360
vn -0.154384 0.967435 0.200588
vn -0.135515 0.975733 0.171990
vn -0.143220 0.972500 0.183663
vn -0.143220 0.972500 0.183663
vn -0.135515 0.975733 0.171990
vn -0.123810 0.980240 0.154272
vn 0.131865 0.977498 0.164651
vn 0.129681 0.978167 0.162398
vn 0.129573 0.978199 0.162287
vn 0.129573 0.978199 0.162287
vn 0.129681 0.978167 0.162398
vn 0.127135 0.978933 0.159771
vn -0.118358 0.978842 0.166913
vn -0.040502 0.995067 0.090560
vn -0.039421 0.995207 0.089496
vn -0.039421 0.995207 0.089496
vn -0.040502 0.995067 0.090560
vn 0.037829 0.999198 0.013124
vn 0.049756 0.998674 0.013225
vn 0.016891 0.996603 0.080609
vn 0.036310 0.998504 0.040872
vn 0.036310 0.998504 0.040872
vn 0.016891 0.996603 0.080609
vn 0.003773 0.994217 0.107325
vn -0.073582 0.996825 -0.030421
vn -0.038221 0.999010 0.022770
vn -0.016218 0.998316 0.055702
vn -0.016218 0.998316 0.055702
vn -0.038221 0.999010 0.022770
vn 0.018421 0.994057 0.107294
vn 0.082303 0.986598 -0.140889
vn 0.107089 0.988868 -0.103308
vn 0.125391 0.989253 -0.075209
vn 0.125391 0.989253 -0.075209
vn 0.107089 0.988868 -0.103308
vn 0.152148 0.987787 -0.033577
vn 0.052292 0.996190 0.069798
vn -0.051769 0.997974 -0.036974
vn -0.056407 0.997535 -0.041741
vn -0.056407 0.997535 -0.041741
vn -0.051769 0.997974 -0.036974
vn -0.146910 0.979906 -0.134913
vn -0.019797 0.997378 0.069604
vn -0.029680 0.996002 0.084262
vn -0.025751 0.996587 0.078436
vn -0.025751 0.996587 0.078436
vn -0.029680 0.996002 0.084262
vn -0.035688 0.995011 0.093166
vn 0.021665 0.999692 -0.012120
vn 0.044977 0.998687 0.024515
vn 0.064264 0.996422 0.054892
vn 0.064264 0.996422 0.054892
vn 0.044977 0.998687 0.024515
vn 0.090684 0.991183 0.096602
vn -0.032470 0.991875 -0.123003
vn -0.016728 0.995740 -0.090674
vn 0.005724 0.998996 -0.044441
vn 0.005724 0.998996 -0.044441
vn -0.016728 0.995740 -0.090674
vn 0.021383 0.999698 -0.012105
vn 0.082582 0.996511 0.012055
vn 0.014230 0.998386 -0.054977
vn 0.015766 0.998445 -0.053478
vn 0.015766 0.998445 -0.053478
vn 0.014230 0.998386 -0.054977
vn -0.055722 0.990850 -0.122925
vn -0.033988 0.999240 -0.019109
vn -0.017825 0.999837 -0.002835
vn -0.017607 0.999842 -0.002616
vn -0.017607 0.999842 -0.002616
vn -0.017825 0.999837 -0.002835
vn -0.001760 0.999910 0.013332
vn -0.012448 0.993983 -0.108825
vn 0.009803 0.997067 -0.075903
vn 0.024167 0.998217 -0.054574
vn 0.024167 0.998217 -0.054574
vn 0.009803 0.997067 -0.075903
vn 0.047200 0.998680 -0.020248
vn -0.028538 0.980171 -0.196088
vn 0.016959 0.988203 -0.152209
vn 0.016801 0.988182 -0.152364
vn 0.016801 0.988182 -0.152364
vn 0.016959 0.988203 -0.152209
vn 0.059108 0.992067 -0.110947
vn 0.052853 0.979257 -0.195608
vn -0.004426 0.996570 -0.082632
vn 0.027676 0.988878 -0.146134
vn 0.027676 0.988878 -0.146134
vn -0.004426 0.996570 -0.082632
vn -0.028365 0.998986 -0.034972
vn 0.006499 0.999355 -0.035304
vn -0.004528 0.999705 -0.023877
vn -0.004081 0.999695 -0.024339
vn -0.004081 0.999695 -0.024339
vn -0.004528 0.999705 -0.023877
vn -0.015069 0.999803 -0.012945
vn 0.018467 0.999751 -0.012497
vn 0.011942 0.999924 -0.002962
vn 0.014493 0.999873 -0.006690
vn 0.014493 0.999873 -0.006690
vn 0.011942 0.999924 -0.002962
vn 0.007896 0.999964 0.002949
vn -0.024074 0.999646 0.011311
vn -0.028629 0.999567 0.006856
vn -0.028464 0.999570 0.007017
vn -0.028464 0.999570 0.007017
vn -0.028629 0.999567 0.006856
vn -0.033079 0.999450 0.002502
vn -0.054850 0.997557 -0.043268
vn -0.028279 0.999475 -0.015842
vn -0.027377 0.999514 -0.014912
vn -0.027377 0.999514 -0.014912
vn -0.028279 0.999475 -0.015842
vn -0.002081 0.999935 0.011179
vn -0.094548 0.993070 -0.069805
vn -0.111067 0.989984 -0.087154
vn -0.111897 0.989813 -0.088027
vn -0.111897 0.989813 -0.088027
vn -0.111067 0.989984 -0.087154
vn -0.127814 0.986250 -0.104760
vn 0.124654 0.989815 -0.068755
vn 0.081806 0.996319 -0.025627
vn 0.081527 0.996349 -0.025347
vn 0.081527 0.996349 -0.025347
vn 0.081806 0.996319 -0.025627
vn 0.038511 0.999101 0.017737
vn -0.059826 0.998051 0.017749
vn -0.001565 0.997195 -0.074833
vn -0.026943 0.999037 -0.034620
vn -0.026943 0.999037 -0.034620
vn -0.001565 0.997195 -0.074833
vn 0.032112 0.991264 -0.127927
vn -0.020993 0.991509 -0.128332
vn -0.083349 0.994543 -0.062752
vn -0.079954 0.994588 -0.066355
vn -0.079954 0.994588 -0.066355
vn -0.083349 0.994543 -0.062752
vn -0.140106 0.990135 -0.001972
vn 0.037349 0.999301 -0.001880
vn 0.000622 0.997235 0.074318
vn 0.022307 0.999319 0.029394
vn 0.022307 0.999319 0.029394
vn 0.000622 0.997235 0.074318
vn -0.014582 0.994291 0.105705
vn -0.169356 0.980161 0.102974
vn -0.127629 0.990102 0.058381
vn -0.130505 0.989542 0.061444
vn -0.130505 0.989542 0.061444
vn -0.127629 0.990102 0.058381
vn -0.086075 0.996187 0.014264
vn -0.120152 0.979956 -0.158901
vn -0.078120 0.992327 -0.095832
vn -0.049744 0.997338 -0.053322
vn -0.049744 0.997338 -0.053322
vn -0.078120 0.992327 -0.095832
vn -0.005443 0.999902 0.012932
vn 0.119309 0.980044 -0.158997
vn 0.090007 0.987479 -0.129553
vn 0.089509 0.987590 -0.129052
vn 0.089509 0.987590 -0.129052
vn 0.090007 0.987479 -0.129553
vn 0.058879 0.993424 -0.098199
vn 0.037074 0.994473 -0.098229
vn 0.031434 0.995205 -0.092618
vn 0.031367 0.995214 -0.092550
vn 0.031367 0.995214 -0.092550
vn 0.031434 0.995205 -0.092618
vn 0.026141 0.995835 -0.087348
vn 0.003559 0.997384 0.072204
vn -0.019942 0.999509 0.024173
vn -0.052911 0.997650 -0.043525
vn -0.052911 0.997650 -0.043525
vn -0.019942 0.999509 0.024173
vn -0.075054 0.993182 -0.089201
vn 0.021610 0.999756 -0.004538
vn 0.040278 0.998913 0.023452
vn 0.052462 0.997750 0.041744
vn 0.052462 0.997750 0.041744
vn 0.040278 0.998913 0.023452
vn 0.071468 0.994962 0.070312
vn 0.152100 0.988362 -0.002454
vn 0.100949 0.992167 0.073578
vn 0.120829 0.991687 0.044252
vn 0.120829 0.991687 0.044252
vn 0.100949 0.992167 0.073578
vn 0.070779 0.990541 0.117558
vn -0.150669 0.988420 0.018008
vn -0.103444 0.992492 0.065254
vn -0.104455 0.992452 0.064251
vn -0.104455 0.992452 0.064251
vn -0.103444 0.992492 0.065254
vn -0.052071 0.991906 0.115804
vn -0.035739 0.999260 0.014228
vn -0.036102 0.999254 0.013697
vn -0.036311 0.999251 0.013390
vn -0.036311 0.999251 0.013390
vn -0.036102 0.999254 0.013697
vn -0.036629 0.999245 0.012925
vn 0.090836 0.994617 0.049869
vn 0.081763 0.995977 0.036680
vn 0.075878 0.996720 0.028137
vn 0.075878 0.996720 0.028137
vn 0.081763 0.995977 0.036680
vn 0.066267 0.997701 0.014203
vn 0.019276 0.991882 0.125690
vn 0.008685 0.994531 0.104084
vn -0.006105 0.997252 0.073829
vn -0.006105 0.997252 0.073829
vn 0.008685 0.994531 0.104084
vn -0.016437 0.998479 0.052634
vn -0.054254 0.992909 0.105777
vn -0.043695 0.992280 0.116069
vn -0.043956 0.992298 0.115815
vn -0.043956 0.992298 0.115815
vn -0.043695 0.992280 0.116069
vn -0.033687 0.991484 0.125794
vn -0.000555 0.998174 -0.060408
vn 0.079464 0.996662 0.018725
vn 0.080214 0.996588 0.019471
vn 0.080214 0.996588 0.019471
vn 0.079464 0.996662 0.018725
vn 0.164256 0.980981 0.103423
vn 0.047059 0.998800 -0.013602
vn 0.034594 0.998898 -0.031730
vn 0.026815 0.998714 -0.043024
vn 0.026815 0.998714 -0.043024
vn 0.034594 0.998898 -0.031730
vn 0.014321 0.998027 -0.061129
vn 0.057976 0.997586 0.038222
vn 0.031750 0.999423 0.012046
vn 0.032225 0.999402 0.012520
vn 0.032225 0.999402 0.012520
vn 0.031750 0.999423 0.012046
vn 0.006014 0.999889 -0.013615
vn -0.026494 0.998923 0.038091
vn -0.030986 0.998412 0.047036
vn -0.028419 0.998717 0.041924
vn -0.028419 0.998717 0.041924
vn -0.030986 0.998412 0.047036
vn -0.032954 0.998157 0.050955
vn -0.015149 0.999846 0.008839
vn 0.004661 0.999561 0.029246
vn 0.005451 0.999533 0.030059
vn 0.005451 0.999533 0.030059
vn 0.004661 0.999561 0.029246
vn 0.027600 0.998221 0.052852
vn 0.007827 0.999391 0.033995
vn 0.001293 0.999707 0.024181
vn -0.003002 0.999838 0.017729
vn -0.003002 0.999838 0.017729
vn 0.001293 0.999707 0.024181
vn -0.009046 0.999922 0.008647
vn -0.032570 0.998047 -0.053304
vn 0.012415 0.999873 -0.010051
vn 0.011269 0.999874 -0.011154
vn 0.011269 0.999874 -0.011154
vn 0.012415 0.999873 -0.010051
vn 0.057044 0.997828 0.032944
vn -0.000571 0.998030 -0.062734
vn 0.003532 0.998278 -0.058552
vn 0.003656 0.998285 -0.058426
vn 0.003656 0.998285 -0.058426
vn 0.003532 0.998278 -0.058552
vn 0.007773 0.998498 -0.054226
vn -0.129229 0.991231 -0.027600
vn -0.118392 0.992357 -0.034804
vn -0.110961 0.993030 -0.039734
vn -0.110961 0.993030 -0.039734
vn -0.118392 0.992357 -0.034804
vn -0.100712 0.993828 -0.046516
vn 0.037480 0.998237 -0.046032
vn 0.022892 0.999050 -0.037074
vn 0.010240 0.999518 -0.029298
vn 0.010240 0.999518 -0.029298
vn 0.022892 0.999050 -0.037074
vn -0.004571 0.999786 -0.020189
vn 0.033236 0.998872 0.033928
vn 0.005299 0.999969 0.005857
vn 0.005680 0.999964 0.006241
vn 0.005680 0.999964 0.006241
vn 0.005299 0.999969 0.005857
vn -0.020667 0.999582 -0.020233
vn -0.139025 0.989658 0.035355
vn -0.105989 0.994296 0.011908
vn -0.085961 0.996296 -0.002256
vn -0.085961 0.996296 -0.002256
vn -0.105989 0.994296 0.011908
vn -0.052701 0.998280 -0.025694
vn -0.015789 0.999873 0.002102
vn -0.024373 0.999660 -0.009237
vn -0.028212 0.999500 -0.014309
vn -0.028212 0.999500 -0.014309
vn -0.024373 0.999660 -0.009237
vn -0.036801 0.998993 -0.025661
vn -0.085955 0.993990 -0.067795
vn -0.023840 0.999402 -0.025053
vn -0.046282 0.998107 -0.040501
vn -0.046282 0.998107 -0.040501
vn -0.023840 0.999402 -0.025053
vn 0.014731 0.999890 0.001513
vn -0.005259 0.999530 -0.030199
vn -0.023970 0.998499 -0.049246
vn -0.024272 0.998477 -0.049554
vn -0.024272 0.998477 -0.049554
vn -0.023970 0.998499 -0.049246
vn -0.042566 0.996766 -0.068159
vn 0.060382 0.997738 -0.029536
vn 0.006107 0.999959 0.006644
vn -0.029239 0.999117 0.030182
vn -0.029239 0.999117 0.030182
vn 0.006107 0.999959 0.006644
vn -0.082581 0.994419 0.065667
vn 0.030727 0.997218 0.067906
vn 0.000291 0.996061 0.088670
vn -0.018983 0.994628 0.101757
vn -0.018983 0.994628 0.101757
vn 0.000291 0.996061 0.088670
vn -0.051109 0.991032 0.123463
vn -0.076887 0.997018 0.006672
vn -0.043447 0.997669 0.052626
vn -0.026874 0.996801 0.075267
vn -0.026874 0.996801 0.075267
vn -0.043447 0.997669 0.052626
vn 0.009065 0.992233 0.124064
vn 0.071448 0.996520 0.042940
vn 0.052795 0.998308 0.024367
vn 0.052534 0.998328 0.024107
vn 0.052534 0.998328 0.024107
vn 0.052795 0.998308 0.024367
vn 0.033724 0.999417 0.005398
vn 0.070362 0.994696 0.075034
vn 0.055595 0.996677 0.059536
vn 0.054343 0.996824 0.058221
vn 0.054343 0.996824 0.058221
vn 0.055595 0.996677 0.059536
vn 0.040571 0.998218 0.043767
vn -0.050592 0.997883 0.040853
vn -0.020572 0.997891 0.061563
vn -0.032291 0.998046 0.053490
vn -0.032291 0.998046 0.053490
vn -0.020572 0.997891 0.061563
vn -0.001096 0.997187 0.074945
vn -0.034800 0.997608 -0.059728
vn 0.011347 0.999863 -0.012089
vn 0.013242 0.999861 -0.010129
vn 0.013242 0.999861 -0.010129
vn 0.011347 0.999863 -0.012089
vn 0.061587 0.997304 0.039896
vn 0.065584 0.996020 -0.060351
vn 0.005962 0.999982 -0.000796
vn 0.006201 0.999980 -0.001034
vn 0.006201 0.999980 -0.001034
vn 0.005962 0.999982 -0.000796
vn -0.050287 0.997200 0.055356
vn -0.016497 0.998270 0.056431
vn 0.016201 0.999776 0.013598
vn 0.005706 0.999609 0.027357
vn 0.005706 0.999609 0.027357
vn 0.016201 0.999776 0.013598
vn 0.038617 0.999129 -0.015825
vn -0.031307 0.995481 -0.089647
vn 0.041527 0.998189 -0.043526
vn 0.008725 0.997889 -0.064362
vn 0.008725 0.997889 -0.064362
vn 0.041527 0.998189 -0.043526
vn 0.085698 0.996204 -0.015302
vn 0.165633 0.984587 -0.056158
vn 0.131742 0.988089 -0.079525
vn 0.144564 0.986965 -0.070719
vn 0.144564 0.986965 -0.070719
vn 0.131742 0.988089 -0.079525
vn 0.112856 0.989304 -0.092421
vn 0.014330 0.998135 -0.059345
vn -0.020297 0.999489 -0.024700
vn -0.019440 0.999484 -0.025560
vn -0.019440 0.999484 -0.025560
vn -0.020297 0.999489 -0.024700
vn -0.053093 0.998556 0.008212
vn 0.005746 0.999933 0.010075
vn 0.012148 0.999909 0.005927
vn 0.016913 0.999853 0.002839
vn 0.016913 0.999853 0.002839
vn 0.012148 0.999909 0.005927
vn 0.023868 0.999714 -0.001669
vn -0.034104 0.997392 -0.063617
vn -0.014353 0.999213 -0.036982
vn -0.005858 0.999657 -0.025519
vn -0.005858 0.999657 -0.025519
vn -0.014353 0.999213 -0.036982
vn 0.011922 0.999928 -0.001518
vn 0.027209 0.997668 -0.062599
vn -0.002407 0.999079 -0.042852
vn -0.021902 0.999315 -0.029823
vn -0.021902 0.999315 -0.029823
vn -0.002407 0.999079 -0.042852
vn -0.052854 0.998561 -0.009085
vn -0.008637 0.999922 -0.008992
vn -0.030360 0.999459 0.012620
vn -0.030162 0.999468 0.012422
vn -0.030162 0.999468 0.012422
vn -0.030360 0.999459 0.012620
vn -0.050130 0.998220 0.032303
vn 0.057044 0.997800 0.033780
vn 0.064019 0.997514 0.029450
vn 0.069449 0.997245 0.026074
vn 0.069449 0.997245 0.026074
vn 0.064019 0.997514 0.029450
vn 0.076464 0.996836 0.021711
vn 0.007971 0.999755 0.020651
vn 0.017914 0.999741 0.014000
vn 0.024435 0.999655 0.009637
vn 0.024435 0.999655 0.009637
vn 0.017914 0.999741 0.014000
vn 0.035046 0.999382 0.002533
vn -0.098794 0.994413 0.037172
vn -0.093551 0.995107 0.031785
vn -0.093582 0.995103 0.031817
vn -0.093582 0.995103 0.031817
vn -0.093551 0.995107 0.031785
vn -0.088018 0.995777 0.026104
vn -0.003335 0.996948 0.078003
vn -0.031165 0.998230 0.050650
vn -0.030669 0.998221 0.051138
vn -0.030669 0.998221 0.051138
vn -0.031165 0.998230 0.050650
vn -0.056347 0.998078 0.025791
vn -0.016408 0.993678 -0.111062
vn 0.025995 0.998718 -0.043428
vn 0.056743 0.998371 0.005956
vn 0.056743 0.998371 0.005956
vn 0.025995 0.998718 -0.043428
vn 0.101689 0.991701 0.078671
vn -0.053627 0.992351 -0.111190
vn -0.087355 0.993225 -0.076638
vn -0.085941 0.993235 -0.078094
vn -0.085941 0.993235 -0.078094
vn -0.087355 0.993225 -0.076638
vn -0.120912 0.991780 -0.041872
vn -0.036759 0.998453 -0.041720
vn -0.042578 0.998634 -0.030298
vn -0.039217 0.998549 -0.036897
vn -0.039217 0.998549 -0.036897
vn -0.042578 0.998634 -0.030298
vn -0.045055 0.998661 -0.025430
vn 0.014727 0.999577 -0.025087
vn -0.013398 0.999901 0.004307
vn -0.012093 0.999923 0.002942
vn -0.012093 0.999923 0.002942
vn -0.013398 0.999901 0.004307
vn -0.040036 0.998681 0.032161
vn -0.042789 0.998566 0.032178
vn -0.056904 0.996953 0.053362
vn -0.051243 0.997678 0.044864
vn -0.051243 0.997678 0.044864
vn -0.056904 0.996953 0.053362
vn -0.065137 0.995709 0.065727
vn -0.083035 0.996300 0.022180
vn -0.060771 0.997184 0.043950
vn -0.061260 0.997175 0.043473
vn -0.061260 0.997175 0.043473
vn -0.060771 0.997184 0.043950
vn -0.038027 0.997089 0.066085
vn -0.051841 0.998425 0.021442
vn -0.035861 0.999345 0.004938
vn -0.036195 0.999331 0.005282
vn -0.036195 0.999331 0.005282
vn -0.035861 0.999345 0.004938
vn -0.021272 0.999723 -0.010115
vn 0.008729 0.998421 -0.055498
vn 0.015707 0.998996 -0.041953
vn 0.025158 0.999405 -0.023582
vn 0.025158 0.999405 -0.023582
vn 0.015707 0.998996 -0.041953
vn 0.032411 0.999430 -0.009462
vn 0.034088 0.997762 -0.057525
vn 0.034396 0.997779 -0.057049
vn 0.034604 0.997790 -0.056727
vn 0.034604 0.997790 -0.056727
vn 0.034396 0.997779 -0.057049
vn 0.034881 0.997804 -0.056300
vn 0.040673 0.997519 -0.057454
vn 0.038597 0.997789 -0.054115
vn 0.039544 0.997668 -0.055638
vn 0.039544 0.997668 -0.055638
vn 0.038597 0.997789 -0.054115
vn 0.037432 0.997933 -0.052240
vn -0.000527 0.998653 -0.051885
vn -0.029815 0.999313 -0.022028
vn -0.029421 0.999315 -0.022431
vn -0.029421 0.999315 -0.022431
vn -0.029815 0.999313 -0.022028
vn -0.056497 0.998389 0.005252
vn 0.061465 0.998089 0.006387
vn 0.050441 0.998454 0.023340
vn 0.055102 0.998350 0.016176
vn 0.055102 0.998350 0.016176
vn 0.050441 0.998454 0.023340
vn 0.043868 0.998478 0.033428
vn -0.050944 0.993713 -0.099691
vn -0.019574 0.998468 -0.051765
vn 0.003987 0.999868 -0.015721
vn 0.003987 0.999868 -0.015721
vn -0.019574 0.998468 -0.051765
vn 0.036086 0.998789 0.033448
vn 0.039002 0.996509 -0.073812
vn 0.035120 0.996023 -0.081878
vn 0.029312 0.995148 -0.093922
vn 0.029312 0.995148 -0.093922
vn 0.035120 0.996023 -0.081878
vn 0.025510 0.994479 -0.101793
vn 0.085254 0.996266 0.013672
vn 0.039140 0.998743 -0.031321
vn 0.041478 0.998717 -0.029047
vn 0.041478 0.998717 -0.029047
vn 0.039140 0.998743 -0.031321
vn -0.004552 0.997271 -0.073686
vn 0.111784 0.993411 0.025266
vn 0.106630 0.994100 0.019871
vn 0.106401 0.994129 0.019632
vn 0.106401 0.994129 0.019632
vn 0.106630 0.994100 0.019871
vn 0.100873 0.994803 0.013853
vn -0.052964 0.998249 0.026333
vn -0.024315 0.999543 -0.017982
vn -0.036228 0.999344 0.000426
vn -0.036228 0.999344 0.000426
vn -0.024315 0.999543 -0.017982
vn -0.007826 0.999026 -0.043416
vn 0.022912 0.998805 -0.043181
vn -0.016841 0.999846 -0.004947
vn -0.018287 0.999826 -0.003556
vn -0.018287 0.999826 -0.003556
vn -0.016841 0.999846 -0.004947
vn -0.056841 0.997818 0.033590
vn 0.011312 0.999276 0.036335
vn 0.047254 0.998309 -0.033843
vn 0.026663 0.999624 0.006406
vn 0.026663 0.999624 0.006406
vn 0.047254 0.998309 -0.033843
vn 0.062003 0.996102 -0.062746
vn -0.052874 0.995906 -0.073320
vn -0.046299 0.996670 -0.067116
vn -0.046665 0.996630 -0.067462
vn -0.046665 0.996630 -0.067462
vn -0.046299 0.996670 -0.067116
vn -0.040203 0.997306 -0.061363
vn -0.051244 0.997569 -0.047229
vn -0.057876 0.996695 -0.057011
vn -0.062341 0.996026 -0.063600
vn -0.062341 0.996026 -0.063600
vn -0.057876 0.996695 -0.057011
vn -0.068671 0.994969 -0.072945
vn 0.076625 0.997037 0.006775
vn 0.047844 0.998600 -0.022543
vn 0.047543 0.998608 -0.022849
vn 0.047543 0.998608 -0.022849
vn 0.047844 0.998600 -0.022543
vn 0.021191 0.998545 -0.049587
vn 0.035012 0.999371 0.005727
vn 0.010259 0.999491 0.030209
vn 0.009926 0.999484 0.030539
vn 0.009926 0.999484 0.030539
vn 0.010259 0.999491 0.030209
vn -0.014035 0.998432 0.054191
vn -0.087372 0.989479 0.115313
vn -0.096766 0.987473 0.124636
vn -0.096639 0.987501 0.124510
vn -0.096639 0.987501 0.124510
vn -0.096766 0.987473 0.124636
vn -0.106199 0.985275 0.133993
vn -0.056585 0.997439 0.043746
vn -0.009996 0.995933 0.089539
vn -0.011371 0.996038 0.088194
vn -0.011371 0.996038 0.088194
vn -0.009996 0.995933 0.089539
vn 0.037509 0.990027 0.135795
vn 0.101811 0.992007 0.074536
vn 0.093576 0.993656 0.062388
vn 0.087914 0.994661 0.054045
vn 0.087914 0.994661 0.054045
vn 0.093576 0.993656 0.062388
vn 0.078685 0.996078 0.040464
vn -0.121714 0.991451 0.047027
vn -0.106501 0.992360 0.062287
vn -0.106684 0.992352 0.062104
vn -0.106684 0.992352 0.062104
vn -0.106501 0.992360 0.062287
vn -0.091833 0.992799 0.076926
vn -0.045292 0.997864 0.047079
vn -0.031958 0.999242 0.022243
vn -0.039267 0.998585 0.035853
vn -0.063970 0.987461 -0.144322
vn -0.039280 0.993668 -0.105268
vn -0.021267 0.996826 -0.076715
vn -0.036731 0.988763 -0.144910
vn -0.051841 0.990197 -0.129705
vn -0.051526 0.990171 -0.130023
vn -0.051526 0.990171 -0.130023
vn -0.051841 0.990197 -0.129705
vn -0.065160 0.991083 -0.116231
vn -0.022285 0.993094 -0.115189
vn -0.103848 0.994138 -0.030102
vn -0.100857 0.994345 -0.033257
vn -0.100857 0.994345 -0.033257
vn -0.103848 0.994138 -0.030102
vn -0.179384 0.982484 0.050457
vn 0.032493 0.997988 -0.054443
vn 0.048849 0.998573 -0.021595
vn 0.069482 0.997381 0.020074
vn 0.069482 0.997381 0.020074
vn 0.048849 0.998573 -0.021595
vn 0.083879 0.995255 0.049306
vn 0.034841 0.997909 -0.054436
vn 0.040630 0.997173 -0.063215
vn 0.038279 0.997485 -0.059650
vn 0.038279 0.997485 -0.059650
vn 0.040630 0.997173 -0.063215
vn 0.043647 0.996745 -0.067790
vn 0.037420 0.995483 -0.087257
vn 0.042142 0.995890 -0.080165
vn 0.045456 0.996133 -0.075181
vn 0.045456 0.996133 -0.075181
vn 0.042142 0.995890 -0.080165
vn 0.050467 0.996433 -0.067636
vn -0.060096 0.975342 -0.212361
vn 0.005138 0.988758 -0.149437
vn 0.006209 0.988909 -0.148393
vn 0.006209 0.988909 -0.148393
vn 0.005138 0.988758 -0.149437
vn 0.067442 0.993823 -0.088130
vn 0.042742 0.976114 -0.213014
vn -0.043000 0.995644 -0.082726
vn -0.008250 0.990678 -0.135972
vn -0.008250 0.990678 -0.135972
vn -0.043000 0.995644 -0.082726
vn -0.090388 0.995865 -0.009127
vn 0.036222 0.999319 -0.007079
vn 0.008700 0.999413 0.033141
vn 0.019559 0.999659 0.017284
vn 0.019559 0.999659 0.017284
vn 0.008700 0.999413 0.033141
vn -0.008171 0.998298 0.057742
vn 0.025591 0.991370 -0.128574
vn 0.052730 0.995712 -0.076014
vn 0.091432 0.995811 0.000041
vn 0.091432 0.995811 0.000041
vn 0.052730 0.995712 -0.076014
vn 0.120741 0.990957 0.058525
vn -0.004496 0.994669 -0.103022
vn -0.017891 0.993141 -0.115544
vn -0.017133 0.993237 -0.114837
vn -0.017133 0.993237 -0.114837
vn -0.017891 0.993141 -0.115544
vn -0.029165 0.991594 -0.126058
vn 0.099485 0.989962 -0.100392
vn 0.099529 0.989953 -0.100434
vn 0.099530 0.989953 -0.100435
vn 0.099530 0.989953 -0.100435
vn 0.099529 0.989953 -0.100434
vn 0.099574 0.989944 -0.100477
vn -0.007267 0.999040 0.043209
vn -0.043706 0.998978 -0.011513
vn -0.068256 0.996488 -0.048515
vn -0.068256 0.996488 -0.048515
vn -0.043706 0.998978 -0.011513
vn -0.103406 0.989428 -0.101681
vn -0.056760 0.997432 0.043674
vn -0.044863 0.998485 0.031867
vn -0.044430 0.998518 0.031438
vn -0.044430 0.998518 0.031438
vn -0.044863 0.998485 0.031867
vn -0.033136 0.999246 0.020233
vn 0.062909 0.987561 0.144102
vn 0.043372 0.993386 0.106318
vn 0.018188 0.998177 0.057554
vn 0.018188 0.998177 0.057554
vn 0.043372 0.993386 0.106318
vn -0.001026 0.999793 0.020303
vn -0.042637 0.994381 0.096895
vn -0.017535 0.992414 0.121682
vn -0.018190 0.992481 0.121038
vn -0.018190 0.992481 0.121038
vn -0.017535 0.992414 0.121682
vn 0.006202 0.989418 0.144962
vn -0.069262 0.997543 0.010513
vn -0.047935 0.997883 0.043945
vn -0.033622 0.997235 0.066277
vn -0.033622 0.997235 0.066277
vn -0.047935 0.997883 0.043945
vn -0.013624 0.995158 0.097340
vn 0.020861 0.999690 -0.013563
vn 0.032575 0.999468 -0.001742
vn 0.032885 0.999458 -0.001428
vn 0.032885 0.999458 -0.001428
vn 0.032575 0.999468 -0.001742
vn 0.045786 0.998884 0.011604
vn -0.016375 0.999785 -0.012742
vn -0.019072 0.999769 -0.009935
vn -0.019034 0.999769 -0.009975
vn -0.019034 0.999769 -0.009975
vn -0.019072 0.999769 -0.009935
vn -0.021780 0.999738 -0.007116
vn -0.102726 0.993221 -0.054409
vn -0.009380 0.999184 0.039284
vn -0.009712 0.999194 0.038952
vn -0.009712 0.999194 0.038952
vn -0.009380 0.999184 0.039284
vn 0.089150 0.986516 0.137256
vn 0.039681 0.998578 -0.035586
vn 0.026558 0.998476 -0.048375
vn 0.026833 0.998482 -0.048107
vn 0.026833 0.998482 -0.048107
vn 0.026558 0.998476 -0.048375
vn 0.014727 0.998097 -0.059883
vn 0.077236 0.996408 -0.034721
vn -0.026979 0.991980 0.123479
vn 0.013923 0.997995 0.061745
vn 0.013923 0.997995 0.061745
vn -0.026979 0.991980 0.123479
vn -0.093275 0.970447 0.222561
vn -0.091201 0.995343 0.031219
vn -0.000640 0.991997 0.126264
vn 0.004533 0.991289 0.131627
vn 0.004533 0.991289 0.131627
vn -0.000640 0.991997 0.126264
vn 0.086895 0.972507 0.216053
vn -0.018693 0.999543 0.023742
vn -0.023049 0.999625 0.014792
vn -0.015780 0.999434 0.029726
vn -0.065119 0.991606 -0.111704
vn -0.120579 0.991084 -0.056689
vn -0.121523 0.991022 -0.055743
vn -0.121523 0.991022 -0.055743
vn -0.120579 0.991084 -0.056689
vn -0.170558 0.985328 -0.006172
vn -0.182289 0.983223 -0.006603
vn -0.155556 0.987286 -0.032679
vn -0.153701 0.987516 -0.034479
vn -0.153701 0.987516 -0.034479
vn -0.155556 0.987286 -0.032679
vn -0.118991 0.990569 -0.067929
vn 0.087062 0.993242 -0.076756
vn 0.087494 0.993269 -0.075909
vn 0.088079 0.993304 -0.074761
vn 0.088079 0.993304 -0.074761
vn 0.087494 0.993269 -0.075909
vn 0.088537 0.993331 -0.073861
vn 0.043533 0.996100 -0.076748
vn -0.011193 0.999916 0.006547
vn 0.011030 0.999567 -0.027290
vn 0.011030 0.999567 -0.027290
vn -0.011193 0.999916 0.006547
vn -0.042792 0.997586 0.054690
vn 0.050010 0.998746 -0.002366
vn 0.065403 0.997661 0.019874
vn 0.074673 0.996652 0.033293
vn 0.074673 0.996652 0.033293
vn 0.065403 0.997661 0.019874
vn 0.091233 0.994179 0.057318
vn 0.067138 0.997502 0.021971
vn 0.054991 0.998441 0.009624
vn 0.054832 0.998451 0.009462
vn 0.054832 0.998451 0.009462
vn 0.054991 0.998441 0.009624
vn 0.043302 0.999059 -0.002245
vn -0.089611 0.995749 0.021301
vn -0.058073 0.997926 -0.027767
vn -0.071632 0.997409 -0.006721
vn -0.071632 0.997409 -0.006721
vn -0.058073 0.997926 -0.027767
vn -0.038466 0.997571 -0.058071
vn -0.007729 0.998300 -0.057775
vn -0.008377 0.998350 -0.056805
vn -0.008116 0.998330 -0.057196
vn -0.008116 0.998330 -0.057196
vn -0.008377 0.998350 -0.056805
vn -0.008761 0.998379 -0.056231
vn 0.120633 0.991106 -0.056182
vn 0.106267 0.993972 -0.026952
vn 0.114546 0.992453 -0.043771
vn 0.114546 0.992453 -0.043771
vn 0.106267 0.993972 -0.026952
vn 0.100548 0.994814 -0.015371
vn -0.029001 0.999396 -0.019167
vn -0.087704 0.995394 0.038714
vn -0.088423 0.995302 0.039425
vn -0.088423 0.995302 0.039425
vn -0.087704 0.995394 0.038714
vn -0.143891 0.985079 0.094424
vn 0.101771 0.989912 0.098570
vn 0.073850 0.989373 0.125250
vn 0.072195 0.989295 0.126823
vn 0.072195 0.989295 0.126823
vn 0.073850 0.989373 0.125250
vn 0.043711 0.987147 0.153724
vn -0.103614 0.982916 0.152119
vn -0.053059 0.995544 0.077959
vn -0.073600 0.991413 0.108090
vn -0.073600 0.991413 0.108090
vn -0.053059 0.995544 0.077959
vn -0.020824 0.999313 0.030672
vn -0.030987 0.995061 0.094303
vn -0.064142 0.996058 0.061276
vn -0.064204 0.996058 0.061213
vn -0.064204 0.996058 0.061213
vn -0.064142 0.996058 0.061276
vn -0.095428 0.994989 0.029857
vn -0.000262 0.998038 -0.062610
vn 0.021117 0.999618 -0.017854
vn 0.052719 0.997427 0.048583
vn 0.052719 0.997427 0.048583
vn 0.021117 0.999618 -0.017854
vn 0.073174 0.993088 0.091767
vn 0.006769 0.998049 0.062067
vn -0.052188 0.998636 0.001908
vn -0.054052 0.998538 -0.000000
vn -0.054052 0.998538 -0.000000
vn -0.052188 0.998636 0.001908
vn -0.116025 0.991203 -0.063677
vn -0.006363 0.987793 -0.155645
vn 0.043330 0.996016 -0.077936
vn 0.080025 0.996597 -0.019743
vn 0.080025 0.996597 -0.019743
vn 0.043330 0.996016 -0.077936
vn 0.129251 0.989829 0.059436
vn 0.042161 0.986972 -0.155267
vn 0.002228 0.993308 -0.115473
vn 0.002151 0.993317 -0.115396
vn 0.002151 0.993317 -0.115396
vn 0.002228 0.993308 -0.115473
vn -0.038838 0.996489 -0.074171
vn -0.021841 0.997012 -0.074101
vn -0.043451 0.997695 -0.052115
vn -0.042930 0.997690 -0.052646
vn -0.042930 0.997690 -0.052646
vn -0.043451 0.997695 -0.052115
vn -0.064590 0.997445 -0.030520
vn 0.089697 0.988367 0.122819
vn 0.036618 0.995477 0.087663
vn 0.058670 0.993022 0.102300
vn 0.058670 0.993022 0.102300
vn 0.036618 0.995477 0.087663
vn 0.003832 0.997824 0.065818
vn 0.015596 0.994132 0.107046
vn 0.030119 0.992673 0.117019
vn 0.024647 0.993259 0.113265
vn 0.024647 0.993259 0.113265
vn 0.030119 0.992673 0.117019
vn 0.038875 0.991643 0.123018
vn -0.096927 0.989486 0.107342
vn -0.026275 0.999054 0.034652
vn -0.027433 0.998981 0.035844
vn -0.027433 0.998981 0.035844
vn -0.026275 0.999054 0.034652
vn 0.043363 0.998371 -0.037071
vn 0.095415 0.994747 0.037074
vn 0.034830 0.999374 -0.006208
vn 0.057101 0.998321 0.009682
vn 0.057101 0.998321 0.009682
vn 0.034830 0.999374 -0.006208
vn -0.008873 0.999264 -0.037322
vn -0.016012 0.999026 0.041114
vn -0.016584 0.999048 0.040351
vn -0.016828 0.999057 0.040026
vn -0.016828 0.999057 0.040026
vn -0.016584 0.999048 0.040351
vn -0.017402 0.999077 0.039260
vn 0.138911 0.986250 0.089530
vn 0.092633 0.993921 0.059498
vn 0.112102 0.991075 0.072132
vn 0.112102 0.991075 0.072132
vn 0.092633 0.993921 0.059498
vn 0.063718 0.997136 0.040736
vn -0.003738 0.997672 0.068089
vn 0.008192 0.996769 0.079903
vn 0.008067 0.996780 0.079779
vn 0.008067 0.996780 0.079779
vn 0.008192 0.996769 0.079903
vn 0.019713 0.995629 0.091292
vn -0.170181 0.985382 0.007766
vn -0.117602 0.992030 0.045242
vn -0.136172 0.990166 0.032068
vn -0.136172 0.990166 0.032068
vn -0.117602 0.992030 0.045242
vn -0.085220 0.994035 0.068054
vn -0.121243 0.992623 -0.000280
vn -0.115066 0.993351 0.003820
vn -0.117543 0.993065 0.002176
vn -0.117543 0.993065 0.002176
vn -0.115066 0.993351 0.003820
vn -0.111540 0.993741 0.006157
vn 0.088403 0.996083 0.001969
vn 0.066614 0.997310 0.030588
vn 0.073125 0.997079 0.022053
vn 0.073125 0.997079 0.022053
vn 0.066614 0.997310 0.030588
vn 0.051489 0.997403 0.050365
vn -0.042842 0.997861 0.049369
vn -0.018784 0.999530 0.024229
vn -0.019991 0.999475 0.025491
vn -0.019991 0.999475 0.025491
vn -0.018784 0.999530 0.024229
vn 0.004678 0.999989 -0.000295
vn 0.091284 0.995825 -0.000622
vn 0.124901 0.991588 -0.033970
vn 0.124718 0.991617 -0.033788
vn 0.124718 0.991617 -0.033788
vn 0.124901 0.991588 -0.033970
vn 0.156336 0.985540 -0.065339
vn 0.042510 0.998166 0.043097
vn -0.057253 0.998027 -0.025790
vn -0.017251 0.999849 0.001856
vn -0.017251 0.999849 0.001856
vn -0.057253 0.998027 -0.025790
vn -0.126923 0.989147 -0.074019
vn -0.038474 0.997651 -0.056670
vn 0.009257 0.999932 -0.007036
vn 0.011754 0.999921 -0.004437
vn 0.011754 0.999921 -0.004437
vn 0.009257 0.999932 -0.007036
vn 0.057079 0.997453 0.042773
vn -0.008762 0.998375 -0.056318
vn -0.051699 0.998561 -0.014224
vn -0.053003 0.998510 -0.012942
vn -0.053003 0.998510 -0.012942
vn -0.051699 0.998561 -0.014224
vn -0.095254 0.995039 0.028716
vn 0.101171 0.991135 0.086115
vn 0.083471 0.994515 0.063029
vn 0.075868 0.995702 0.053126
vn 0.075868 0.995702 0.053126
vn 0.083471 0.994515 0.063029
vn 0.057451 0.997922 0.029165
vn -0.144144 0.985565 0.088788
vn -0.085668 0.995153 0.048289
vn -0.046797 0.998675 0.021399
vn -0.046797 0.998675 0.021399
vn -0.085668 0.995153 0.048289
vn 0.017312 0.999588 -0.022896
vn 0.043407 0.997719 0.051696
vn -0.023954 0.999700 0.005096
vn 0.000778 0.999753 0.022222
vn 0.000778 0.999753 0.022222
vn -0.023954 0.999700 0.005096
vn -0.063496 0.997732 -0.022327
vn -0.018817 0.994459 -0.103429
vn 0.051719 0.998195 -0.030516
vn 0.055473 0.998106 -0.026611
vn 0.055473 0.998106 -0.026611
vn 0.051719 0.998195 -0.030516
vn 0.130570 0.990073 0.052030
vn -0.086629 0.982174 -0.166820
vn -0.025696 0.991472 -0.127759
vn -0.051242 0.988220 -0.144207
vn -0.051242 0.988220 -0.144207
vn -0.025696 0.991472 -0.127759
vn 0.010723 0.994506 -0.104131
vn 0.073679 0.996864 0.028854
vn 0.012225 0.998550 -0.052430
vn -0.014103 0.996105 -0.087037
vn -0.014103 0.996105 -0.087037
vn 0.012225 0.998550 -0.052430
vn -0.075327 0.983074 -0.167007
vn -0.114447 0.971330 -0.208375
vn 0.119646 0.990918 -0.061376
vn 0.023123 0.992103 -0.123277
vn 0.023123 0.992103 -0.123277
vn 0.119646 0.990918 -0.061376
vn 0.249157 0.968150 0.024628
vn 0.131123 0.988566 -0.074466
vn 0.063993 0.987562 -0.143616
vn 0.062485 0.987435 -0.145148
vn 0.062485 0.987435 -0.145148
vn 0.063993 0.987562 -0.143616
vn -0.003347 0.977469 -0.211054
vn -0.038851 0.996371 -0.075727
vn -0.044016 0.996410 -0.072316
vn -0.047643 0.996414 -0.069918
vn -0.047643 0.996414 -0.069918
vn -0.044016 0.996410 -0.072316
vn -0.052855 0.996388 -0.066468
vn -0.064680 0.995692 -0.066442
vn -0.047497 0.995826 -0.077943
vn -0.035759 0.995673 -0.085772
vn -0.035759 0.995673 -0.085772
vn -0.047497 0.995826 -0.077943
vn -0.018784 0.995102 -0.097056
vn 0.003251 0.996017 -0.089100
vn -0.033849 0.997382 -0.063908
vn -0.057219 0.997209 -0.047950
vn -0.057219 0.997209 -0.047950
vn -0.033849 0.997382 -0.063908
vn -0.093438 0.995358 -0.023079
vn 0.044267 0.998638 -0.027630
vn 0.048412 0.998520 -0.024797
vn 0.046760 0.998570 -0.025926
vn 0.046760 0.998570 -0.025926
vn 0.048412 0.998520 -0.024797
vn 0.051131 0.998429 -0.022937
vn 0.043510 0.998671 -0.027626
vn 0.041555 0.998807 -0.025666
vn 0.041569 0.998806 -0.025679
vn 0.041569 0.998806 -0.025679
vn 0.041555 0.998807 -0.025666
vn 0.039551 0.998938 -0.023656
vn -0.008817 0.999673 -0.024022
vn -0.012529 0.999692 -0.021419
vn -0.014819 0.999694 -0.019812
vn -0.014819 0.999694 -0.019812
vn -0.012529 0.999692 -0.021419
vn -0.018754 0.999679 -0.017052
vn -0.016338 0.997966 -0.061627
vn -0.003481 0.999045 -0.043563
vn 0.002881 0.999397 -0.034616
vn 0.002881 0.999397 -0.034616
vn -0.003481 0.999045 -0.043563
vn 0.014901 0.999732 -0.017702
vn 0.061942 0.996237 -0.060619
vn 0.005751 0.999739 -0.022123
vn -0.028681 0.999588 0.001509
vn -0.028681 0.999588 0.001509
vn 0.005751 0.999739 -0.022123
vn -0.089155 0.995085 0.043091
vn 0.020247 0.998840 0.043682
vn 0.020213 0.998842 0.043649
vn 0.020210 0.998843 0.043647
vn 0.020210 0.998843 0.043647
vn 0.020213 0.998842 0.043649
vn 0.020173 0.998845 0.043610
vn -0.079286 0.996652 -0.019989
vn -0.021964 0.999593 0.018210
vn -0.045892 0.998944 0.002284
vn -0.045892 0.998944 0.002284
vn -0.021964 0.999593 0.018210
vn 0.016502 0.998906 0.043756
vn -0.112451 0.985659 -0.125820
vn -0.010012 0.998111 -0.060613
vn -0.050864 0.994934 -0.086714
vn -0.050864 0.994934 -0.086714
vn -0.010012 0.998111 -0.060613
vn 0.046232 0.998631 -0.024468
vn 0.050782 0.990372 -0.128778
vn 0.012195 0.996899 -0.077742
vn 0.023332 0.995439 -0.092498
vn 0.023332 0.995439 -0.092498
vn 0.012195 0.996899 -0.077742
vn -0.014263 0.998990 -0.042601
vn 0.004337 0.999087 -0.042493
vn 0.016906 0.998325 -0.055330
vn 0.016616 0.998346 -0.055034
vn 0.016616 0.998346 -0.055034
vn 0.016906 0.998325 -0.055330
vn 0.029025 0.997284 -0.067696
vn 0.156336 0.985501 -0.065924
vn 0.098715 0.995076 -0.008856
vn 0.096364 0.995325 -0.006540
vn 0.096364 0.995325 -0.006540
vn 0.098715 0.995076 -0.008856
vn 0.038046 0.997994 0.050601
vn -0.126709 0.984814 -0.118684
vn 0.045192 0.998937 -0.009114
vn -0.027281 0.998086 -0.055504
vn -0.027281 0.998086 -0.055504
vn 0.045192 0.998937 -0.009114
vn 0.135052 0.989636 0.048798
vn 0.057175 0.997953 -0.028656
vn 0.013703 0.997267 -0.072602
vn 0.012435 0.997190 -0.073879
vn 0.012435 0.997190 -0.073879
vn 0.013703 0.997267 -0.072602
vn -0.032952 0.992299 -0.119400
vn -0.097951 0.983608 -0.151398
vn -0.030799 0.995672 -0.087686
vn -0.032242 0.995504 -0.089061
vn -0.032242 0.995504 -0.089061
vn -0.030799 0.995672 -0.087686
vn 0.031729 0.999107 -0.027906
vn 0.055207 0.986725 -0.152726
vn -0.007371 0.997621 -0.068539
vn 0.011995 0.995435 -0.094687
vn 0.011995 0.995435 -0.094687
vn -0.007371 0.997621 -0.068539
vn -0.051001 0.998655 -0.009328
vn 0.016615 0.999694 0.018337
vn -0.008277 0.999965 0.001334
vn 0.001483 0.999967 0.008001
vn 0.001483 0.999967 0.008001
vn -0.008277 0.999965 0.001334
vn -0.023838 0.999673 -0.009299
vn -0.063721 0.997938 -0.007741
vn -0.039346 0.999192 0.008141
vn -0.049746 0.998761 0.001368
vn -0.049746 0.998761 0.001368
vn -0.039346 0.999192 0.008141
vn -0.023880 0.999549 0.018204
vn 0.130603 0.991145 -0.023958
vn 0.136918 0.990422 -0.017804
vn 0.136803 0.990436 -0.017916
vn 0.136803 0.990436 -0.017916
vn 0.136918 0.990422 -0.017804
vn 0.143045 0.989646 -0.011822
vn 0.010899 0.999008 -0.043175
vn 0.030425 0.999069 -0.030578
vn 0.022308 0.999109 -0.035818
vn 0.022308 0.999109 -0.035818
vn 0.030425 0.999069 -0.030578
vn 0.041678 0.998859 -0.023306
vn -0.075753 0.987108 -0.140991
vn -0.044443 0.993985 -0.100090
vn -0.032088 0.995956 -0.083918
vn -0.032088 0.995956 -0.083918
vn -0.044443 0.993985 -0.100090
vn -0.000962 0.999070 -0.043100
vn 0.247816 0.959694 -0.132568
vn 0.134274 0.989097 -0.060485
vn 0.046988 0.998881 -0.005381
vn 0.046988 0.998881 -0.005381
vn 0.134274 0.989097 -0.060485
vn -0.074876 0.994653 0.071121
vn -0.005031 0.997339 0.072725
vn 0.000098 0.997706 0.067703
vn 0.000191 0.997712 0.067612
vn 0.000191 0.997712 0.067612
vn 0.000098 0.997706 0.067703
vn 0.005288 0.998024 0.062617
vn -0.051664 0.996708 0.062476
vn 0.013971 0.999682 0.020988
vn 0.061674 0.998053 -0.009278
vn 0.061674 0.998053 -0.009278
vn 0.013971 0.999682 0.020988
vn 0.121673 0.991434 -0.047482
vn -0.018044 0.998523 -0.051248
vn -0.044884 0.998392 -0.034622
vn -0.067220 0.997523 -0.020738
vn -0.067220 0.997523 -0.020738
vn -0.044884 0.998392 -0.034622
vn -0.098068 0.995179 -0.001492
vn -0.092739 0.995344 0.026277
vn -0.086729 0.995960 0.023300
vn -0.077932 0.996779 0.018943
vn -0.077932 0.996779 0.018943
vn -0.086729 0.995960 0.023300
vn -0.071791 0.997293 0.015903
vn 0.051788 0.998311 0.026319
vn 0.036408 0.999158 0.018900
vn 0.045547 0.998690 0.023308
vn 0.045547 0.998690 0.023308
vn 0.036408 0.999158 0.018900
vn 0.029853 0.999430 0.015738
vn 0.038622 0.998770 0.031104
vn 0.035088 0.998979 0.028447
vn 0.036157 0.998918 0.029251
vn 0.036157 0.998918 0.029251
vn 0.035088 0.998979 0.028447
vn 0.032671 0.999111 0.026630
vn -0.018731 0.999705 -0.015463
vn 0.047568 0.998717 0.017378
vn 0.009760 0.999952 -0.001354
vn 0.009760 0.999952 -0.001354
vn 0.047568 0.998717 0.017378
vn 0.074411 0.996755 0.030685
vn 0.015086 0.999516 -0.027216
vn 0.020589 0.999553 -0.021690
vn 0.020673 0.999553 -0.021606
vn 0.020673 0.999553 -0.021606
vn 0.020589 0.999553 -0.021690
vn 0.026603 0.999524 -0.015648
vn -0.087274 0.994797 -0.052565
vn -0.048088 0.998269 -0.033863
vn -0.071460 0.996427 -0.045020
vn -0.071460 0.996427 -0.045020
vn -0.048088 0.998269 -0.033863
vn -0.032486 0.999123 -0.026412
vn 0.017297 0.996352 -0.083562
vn 0.041194 0.996984 -0.065775
vn 0.034162 0.996890 -0.071018
vn 0.034162 0.996890 -0.071018
vn 0.041194 0.996984 -0.065775
vn 0.056556 0.996922 -0.054296
vn 0.017637 0.997854 -0.063054
vn -0.011552 0.996928 -0.077468
vn 0.005702 0.997603 -0.068957
vn 0.005702 0.997603 -0.068957
vn -0.011552 0.996928 -0.077468
vn -0.023905 0.996217 -0.083545
vn 0.046510 0.998307 -0.034937
vn 0.008688 0.998484 -0.054354
vn 0.030140 0.998605 -0.043354
vn 0.030140 0.998605 -0.043354
vn 0.008688 0.998484 -0.054354
vn -0.007787 0.997997 -0.062780
vn -0.014177 0.999288 -0.034958
vn 0.011167 0.998124 -0.060197
vn 0.011461 0.998103 -0.060489
vn 0.011461 0.998103 -0.060489
vn 0.011167 0.998124 -0.060197
vn 0.035727 0.995775 -0.084595
vn 0.028779 0.995988 -0.084735
vn 0.005810 0.997696 -0.067596
vn -0.004724 0.998204 -0.059719
vn -0.004724 0.998204 -0.059719
vn 0.005810 0.997696 -0.067596
vn -0.029774 0.998718 -0.040941
vn 0.035652 0.998507 -0.041388
vn 0.007112 0.999777 -0.019872
vn -0.005808 0.999932 -0.010125
vn -0.005808 0.999932 -0.010125
vn 0.007112 0.999777 -0.019872
vn -0.034950 0.999319 0.011872
vn 0.135969 0.990394 0.025148
vn 0.119138 0.992741 0.016498
vn 0.129018 0.991408 0.021574
vn 0.129018 0.991408 0.021574
vn 0.119138 0.992741 0.016498
vn 0.111415 0.993695 0.012535
vn -0.033447 0.999120 0.025314
vn -0.025443 0.999492 0.019210
vn -0.022078 0.999618 0.016644
vn -0.022078 0.999618 0.016644
vn -0.025443 0.999492 0.019210
vn -0.014036 0.999846 0.010511
vn 0.031665 0.999446 0.010254
vn 0.040364 0.999178 0.003735
vn 0.044126 0.999026 0.000916
vn 0.044126 0.999026 0.000916
vn 0.040364 0.999178 0.003735
vn 0.052264 0.998620 -0.005188
vn -0.050972 0.998680 -0.006295
vn -0.045764 0.998887 -0.011392
vn -0.045713 0.998889 -0.011442
vn -0.045713 0.998889 -0.011442
vn -0.045764 0.998887 -0.011392
vn -0.040532 0.999042 -0.016510
vn -0.023876 0.999586 -0.016076
vn -0.042110 0.999086 -0.007315
vn -0.070897 0.997462 0.006540
vn -0.070897 0.997462 0.006540
vn -0.042110 0.999086 -0.007315
vn -0.091012 0.995717 0.016238
vn -0.023891 0.999590 0.015814
vn 0.027404 0.999583 -0.009135
vn 0.097988 0.994237 -0.043489
vn 0.097988 0.994237 -0.043489
vn 0.027404 0.999583 -0.009135
vn 0.142829 0.987589 -0.065327
vn 0.142337 0.987659 -0.065338
vn 0.037366 0.999239 0.011162
vn -0.014809 0.998692 0.048946
vn -0.014809 0.998692 0.048946
vn 0.037366 0.999239 0.011162
vn -0.125850 0.983649 0.128826
vn 0.041534 0.997802 0.051637
vn 0.154672 0.982250 0.106119
vn 0.087868 0.993379 0.074011
vn 0.087868 0.993379 0.074011
vn 0.154672 0.982250 0.106119
vn 0.200677 0.971243 0.128126
vn -0.001591 0.996513 0.083426
vn -0.017275 0.997540 0.067938
vn -0.017199 0.997536 0.068012
vn -0.017199 0.997536 0.068012
vn -0.017275 0.997540 0.067938
vn -0.032831 0.998079 0.052534
vn -0.074792 0.993729 0.083120
vn 0.003337 0.998971 0.045232
vn 0.112444 0.993624 -0.008272
vn 0.112444 0.993624 -0.008272
vn 0.003337 0.998971 0.045232
vn 0.184870 0.981770 -0.044178
vn 0.003291 0.998922 -0.046301
vn -0.014184 0.999346 -0.033263
vn -0.022249 0.999381 -0.027238
vn -0.022249 0.999381 -0.027238
vn -0.014184 0.999346 -0.033263
vn -0.041089 0.999069 -0.013148
vn 0.122613 0.991617 0.040768
vn 0.049724 0.998758 0.003171
vn 0.090838 0.995568 0.024359
vn 0.090838 0.995568 0.024359
vn 0.049724 0.998758 0.003171
vn 0.017716 0.999755 -0.013292
vn -0.096327 0.994046 -0.050935
vn 0.036877 0.999216 0.014373
vn -0.042614 0.998788 -0.024610
vn -0.042614 0.998788 -0.024610
vn 0.036877 0.999216 0.014373
vn 0.091378 0.994967 0.041117
vn -0.072206 0.996760 -0.035425
vn 0.000742 0.999246 0.038807
vn 0.001878 0.999200 0.039960
vn 0.001878 0.999200 0.039960
vn 0.000742 0.999246 0.038807
vn 0.071348 0.991338 0.110263
vn 0.029652 0.998939 -0.035232
vn 0.022087 0.999376 -0.027557
vn 0.022156 0.999373 -0.027628
vn 0.022156 0.999373 -0.027628
vn 0.022087 0.999376 -0.027557
vn 0.014851 0.999685 -0.020215
vn 0.033634 0.999282 -0.017455
vn 0.033021 0.999286 -0.018378
vn 0.032587 0.999288 -0.019032
vn 0.032587 0.999288 -0.019032
vn 0.033021 0.999286 -0.018378
vn 0.031893 0.999290 -0.020077
vn 0.074419 0.996794 0.029381
vn 0.050140 0.998726 0.005667
vn 0.050795 0.998689 0.006306
vn 0.050795 0.998689 0.006306
vn 0.050140 0.998726 0.005667
vn 0.026485 0.999498 -0.017390
vn 0.026243 0.998794 -0.041487
vn 0.037319 0.999102 -0.020056
vn 0.052155 0.998601 0.008733
vn 0.052155 0.998601 0.008733
vn 0.037319 0.999102 -0.020056
vn 0.062797 0.997592 0.029444
vn -0.030761 0.994392 -0.101181
vn -0.001645 0.997498 -0.070680
vn -0.000139 0.997610 -0.069098
vn -0.000139 0.997610 -0.069098
vn -0.001645 0.997498 -0.070680
vn 0.026114 0.998798 -0.041486
vn 0.054010 0.996369 0.065811
vn 0.014806 0.999863 0.007390
vn -0.012657 0.999359 -0.033491
vn -0.012657 0.999359 -0.033491
vn 0.014806 0.999863 0.007390
vn -0.058512 0.993096 -0.101671
vn -0.022730 0.989806 -0.140597
vn 0.087816 0.995456 -0.036825
vn 0.083598 0.995663 -0.040835
vn 0.083598 0.995663 -0.040835
vn 0.087816 0.995456 -0.036825
vn 0.186076 0.980835 0.057779
vn -0.008560 0.990013 -0.140713
vn 0.006302 0.987819 -0.155477
vn 0.005979 0.987872 -0.155156
vn 0.005979 0.987872 -0.155156
vn 0.006302 0.987819 -0.155477
vn 0.020871 0.985243 -0.169886
vn 0.033898 0.984938 -0.169551
vn -0.048869 0.998805 -0.000882
vn -0.000812 0.995062 -0.099253
vn -0.000812 0.995062 -0.099253
vn -0.048869 0.998805 -0.000882
vn -0.084689 0.993712 0.073240
vn -0.029874 0.999544 0.004464
vn -0.012215 0.999464 0.030360
vn -0.001204 0.998918 0.046483
vn -0.001204 0.998918 0.046483
vn -0.012215 0.999464 0.030360
vn 0.015776 0.997329 0.071309
vn -0.033060 0.980679 -0.192808
vn 0.018499 0.992518 -0.120693
vn 0.050080 0.995854 -0.075940
vn 0.050080 0.995854 -0.075940
vn 0.018499 0.992518 -0.120693
vn 0.105652 0.994396 0.003898
vn 0.104838 0.975484 -0.193495
vn 0.061698 0.986469 -0.151898
vn 0.060319 0.986759 -0.150563
vn 0.060319 0.986759 -0.150563
vn 0.061698 0.986469 -0.151898
vn 0.016824 0.993979 -0.108268
vn -0.014627 0.993920 -0.109133
vn -0.084045 0.996441 -0.006496
vn -0.055358 0.997256 -0.049155
vn -0.055358 0.997256 -0.049155
vn -0.084045 0.996441 -0.006496
vn -0.123593 0.990922 0.052893
vn 0.053073 0.996663 0.062016
vn 0.110075 0.993618 -0.024638
vn 0.086629 0.996178 0.011191
vn 0.086629 0.996178 0.011191
vn 0.110075 0.993618 -0.024638
vn 0.145007 0.986310 -0.078517
vn -0.040616 0.995023 0.090996
vn -0.064961 0.997020 0.041615
vn -0.098909 0.994698 -0.028141
vn -0.098909 0.994698 -0.028141
vn -0.064961 0.997020 0.041615
vn -0.121347 0.989785 -0.074835
vn -0.087792 0.992012 0.090583
vn -0.050226 0.997297 0.053634
vn -0.048654 0.997457 0.052088
vn -0.048654 0.997457 0.052088
vn -0.050226 0.997297 0.053634
vn -0.005377 0.999940 0.009506
vn 0.143943 0.989559 0.007355
vn 0.082315 0.993677 0.076355
vn 0.088731 0.993646 0.069239
vn 0.088731 0.993646 0.069239
vn 0.082315 0.993677 0.076355
vn 0.028357 0.990358 0.135600
vn -0.125852 0.983018 0.133557
vn -0.026811 0.999472 -0.018379
vn -0.068428 0.996631 0.045222
vn -0.068428 0.996631 0.045222
vn -0.026811 0.999472 -0.018379
vn 0.029006 0.994243 -0.103148
vn 0.200397 0.974537 -0.100592
vn 0.158342 0.985705 -0.057557
vn 0.159087 0.985541 -0.058316
vn 0.159087 0.985541 -0.058316
vn 0.158342 0.985705 -0.057557
vn 0.117652 0.992921 -0.016283
vn -0.033208 0.999232 -0.020782
vn 0.006712 0.994739 -0.102219
vn -0.016487 0.998351 -0.054983
vn -0.016487 0.998351 -0.054983
vn 0.006712 0.994739 -0.102219
vn 0.022239 0.990773 -0.133698
vn 0.185056 0.975621 0.117972
vn 0.059469 0.998203 -0.007431
vn 0.062318 0.998046 -0.004610
vn 0.062318 0.998046 -0.004610
vn 0.059469 0.998203 -0.007431
vn -0.070705 0.988291 -0.135208
vn -0.040182 0.996996 -0.066221
vn 0.006125 0.999971 0.004530
vn 0.037581 0.997908 0.052610
vn 0.037581 0.997908 0.052610
vn 0.006125 0.999971 0.004530
vn 0.082554 0.989167 0.121380
vn 0.018492 0.997660 -0.065826
vn 0.016939 0.997787 -0.064299
vn 0.016920 0.997788 -0.064280
vn 0.016920 0.997788 -0.064280
vn 0.016939 0.997787 -0.064299
vn 0.015459 0.997904 -0.062843
vn 0.091444 0.993883 -0.061923
vn 0.027409 0.999620 -0.002769
vn 0.020969 0.999775 0.003170
vn 0.020969 0.999775 0.003170
vn 0.027409 0.999620 -0.002769
vn -0.044850 0.996956 0.063776
vn 0.073450 0.996962 -0.025934
vn 0.039178 0.998040 -0.048794
vn 0.053322 0.997801 -0.039376
vn 0.053322 0.997801 -0.039376
vn 0.039178 0.998040 -0.048794
vn 0.018887 0.997881 -0.062269
vn 0.014746 0.999575 -0.025147
vn 0.019008 0.999424 -0.028101
vn 0.021675 0.999316 -0.029949
vn 0.021675 0.999316 -0.029949
vn 0.019008 0.999424 -0.028101
vn 0.025783 0.999130 -0.032795
vn 0.031731 0.998959 -0.032780
vn 0.001790 0.999997 -0.001798
vn 0.003323 0.999989 -0.003384
vn 0.003323 0.999989 -0.003384
vn 0.001790 0.999997 -0.001798
vn -0.026831 0.999253 0.027816
vn 0.026440 0.999237 0.028761
vn -0.011592 0.998422 0.054942
vn -0.034493 0.996904 0.070659
vn -0.034493 0.996904 0.070659
vn -0.011592 0.998422 0.054942
vn -0.071951 0.992750 0.096287
vn 0.061984 0.993404 0.096467
vn 0.129254 0.991591 0.006315
vn 0.108654 0.993492 0.034165
vn 0.108654 0.993492 0.034165
vn 0.129254 0.991591 0.006315
vn 0.171682 0.983793 -0.051745
vn 0.026341 0.998210 -0.053700
vn -0.013436 0.999572 -0.025979
vn -0.034235 0.999348 -0.011451
vn -0.034235 0.999348 -0.011451
vn -0.013436 0.999572 -0.025979
vn -0.071948 0.997296 0.014951
vn -0.059105 0.998137 0.015138
vn -0.048850 0.998791 0.005508
vn -0.048212 0.998825 0.004909
vn -0.048212 0.998825 0.004909
vn -0.048850 0.998791 0.005508
vn -0.038064 0.999265 -0.004612
vn 0.186235 0.982505 -0.000536
vn 0.156763 0.987448 0.019271
vn 0.135343 0.990230 0.033567
vn 0.135343 0.990230 0.033567
vn 0.156763 0.987448 0.019271
vn 0.102816 0.993172 0.055118
vn 0.016840 0.999553 0.024722
vn 0.044594 0.998057 0.043516
vn 0.033754 0.998775 0.036177
vn 0.033754 0.998775 0.036177
vn 0.044594 0.998057 0.043516
vn 0.062443 0.996499 0.055595
vn -0.086668 0.996235 0.002068
vn -0.078398 0.996840 0.012830
vn -0.075051 0.997032 0.017179
vn -0.075051 0.997032 0.017179
vn -0.078398 0.996840 0.012830
vn -0.067660 0.997349 0.026770
vn 0.016160 0.999867 0.002395
vn 0.043015 0.998768 -0.024733
vn 0.042682 0.998791 -0.024397
vn 0.042682 0.998791 -0.024397
vn 0.043015 0.998768 -0.024733
vn 0.068417 0.996382 -0.050420
vn 0.104968 0.993216 -0.050049
vn 0.059984 0.998184 -0.005468
vn 0.059788 0.998197 -0.005274
vn 0.059788 0.998197 -0.005274
vn 0.059984 0.998184 -0.005468
vn 0.014856 0.999127 0.039039
vn 0.016676 0.999097 0.039083
vn -0.019188 0.997837 0.062876
vn -0.042515 0.996023 0.078301
vn -0.042515 0.996023 0.078301
vn -0.019188 0.997837 0.062876
vn -0.077680 0.991800 0.101480
vn -0.122713 0.987538 -0.098539
vn -0.023782 0.999717 -0.000727
vn -0.024796 0.999691 -0.001728
vn -0.024796 0.999691 -0.001728
vn -0.023782 0.999717 -0.000727
vn 0.081570 0.991337 0.102947
vn 0.144262 0.984200 -0.102658
vn 0.049143 0.998757 -0.008355
vn 0.045530 0.998951 -0.004788
vn 0.045530 0.998951 -0.004788
vn 0.049143 0.998757 -0.008355
vn -0.050170 0.994737 0.089334
vn -0.120950 0.987780 -0.098296
vn -0.065395 0.997584 -0.023463
vn -0.039929 0.999146 0.010651
vn -0.039929 0.999146 0.010651
vn -0.065395 0.997584 -0.023463
vn 0.019637 0.995749 0.089997
vn -0.002610 0.992138 -0.125125
vn 0.019753 0.993633 -0.110923
vn 0.010394 0.993092 -0.116877
vn 0.010394 0.993092 -0.116877
vn 0.019753 0.993633 -0.110923
vn 0.031047 0.994122 -0.103718
vn 0.024925 0.991897 -0.124580
vn 0.026679 0.991705 -0.125739
vn 0.027813 0.991578 -0.126488
vn 0.027813 0.991578 -0.126488
vn 0.026679 0.991705 -0.125739
vn 0.029677 0.991366 -0.127720
vn 0.028747 0.991392 -0.127733
vn -0.003407 0.995358 -0.096185
vn -0.003902 0.995403 -0.095698
vn -0.003902 0.995403 -0.095698
vn -0.003407 0.995358 -0.096185
vn -0.035342 0.997282 -0.064650
vn 0.116787 0.991229 -0.061860
vn 0.068719 0.997176 -0.030284
vn 0.034334 0.999381 -0.007726
vn 0.034334 0.999381 -0.007726
vn 0.068719 0.997176 -0.030284
vn -0.014843 0.999590 0.024492
vn 0.025678 0.999361 0.024862
vn -0.006109 0.997658 0.068133
vn 0.004132 0.998521 0.054211
vn 0.004132 0.998521 0.054211
vn -0.006109 0.997658 0.068133
vn -0.027425 0.994901 0.097054
vn -0.074736 0.992632 0.095379
vn -0.016042 0.998090 0.059662
vn 0.033690 0.999005 0.029213
vn 0.033690 0.999005 0.029213
vn -0.016042 0.998090 0.059662
vn 0.095373 0.995403 -0.008789
vn 0.083944 0.996432 -0.008765
vn 0.097635 0.994969 -0.022436
vn 0.097815 0.994948 -0.022616
vn 0.097815 0.994948 -0.022616
vn 0.097635 0.994969 -0.022436
vn 0.111040 0.993169 -0.035848
vn 0.019035 0.993463 0.112553
vn -0.120037 0.992622 0.017086
vn -0.068899 0.996240 0.052521
vn -0.068899 0.996240 0.052521
vn -0.120037 0.992622 0.017086
vn -0.193296 0.980538 -0.034370
vn -0.044827 0.992707 0.111904
vn 0.026743 0.997428 0.066494
vn 0.080300 0.996253 0.032118
vn 0.080300 0.996253 0.032118
vn 0.026743 0.997428 0.066494
vn 0.151424 0.988369 -0.014062
vn 0.017621 0.999419 -0.029179
vn 0.025136 0.999359 -0.025485
vn 0.020606 0.999404 -0.027713
vn 0.020606 0.999404 -0.027713
vn 0.025136 0.999359 -0.025485
vn 0.028310 0.999313 -0.023924
vn 0.025836 0.999240 -0.029173
vn 0.053994 0.997600 -0.043351
vn 0.093232 0.993644 -0.063082
vn 0.093232 0.993644 -0.063082
vn 0.053994 0.997600 -0.043351
vn 0.121792 0.989531 -0.077424
vn -0.026017 0.996665 -0.077342
vn -0.045395 0.997007 -0.062578
vn -0.053320 0.996976 -0.056524
vn -0.053320 0.996976 -0.056524
vn -0.045395 0.997007 -0.062578
vn -0.071191 0.996543 -0.042836
vn -0.076488 0.996150 -0.042846
vn -0.045552 0.997279 -0.057965
vn 0.003107 0.996664 -0.081556
vn 0.003107 0.996664 -0.081556
vn -0.045552 0.997279 -0.057965
vn 0.036911 0.994521 -0.097806
vn 0.170727 0.980531 -0.097013
vn 0.075356 0.997157 -0.000147
vn 0.075225 0.997167 -0.000015
vn 0.075225 0.997167 -0.000015
vn 0.075356 0.997157 -0.000147
vn -0.024889 0.994660 0.100159
vn -0.072113 0.996409 -0.044379
vn 0.117990 0.991617 0.052662
vn 0.011159 0.999936 -0.001914
vn 0.011159 0.999936 -0.001914
vn 0.117990 0.991617 0.052662
vn 0.206210 0.973607 0.097815
vn -0.038062 0.998239 -0.045500
vn -0.054011 0.997984 -0.033340
vn -0.060767 0.997754 -0.028180
vn -0.060767 0.997754 -0.028180
vn -0.054011 0.997984 -0.033340
vn -0.074574 0.997060 -0.017617
vn 0.102345 0.994623 -0.015812
vn 0.060128 0.998181 0.004365
vn -0.003595 0.999392 0.034684
vn -0.003595 0.999392 0.034684
vn 0.060128 0.998181 0.004365
vn -0.047689 0.997316 0.055567
vn 0.062146 0.995454 0.072176
vn 0.040561 0.997290 0.061382
vn 0.053403 0.996268 0.067807
vn 0.053403 0.996268 0.067807
vn 0.040561 0.997290 0.061382
vn 0.030591 0.997940 0.056388
vn -0.066679 0.992939 -0.098115
vn 0.018236 0.999755 -0.012539
vn 0.019274 0.999748 -0.011491
vn 0.019274 0.999748 -0.011491
vn 0.018236 0.999755 -0.012539
vn 0.101046 0.992320 0.071351
vn 0.067543 0.992973 -0.097171
vn 0.021051 0.997816 -0.062608
vn -0.000242 0.998908 -0.046727
vn -0.000242 0.998908 -0.046727
vn 0.021051 0.997816 -0.062608
vn -0.045843 0.998869 -0.012602
vn 0.014821 0.999818 -0.011988
vn -0.015969 0.999818 0.010427
vn -0.030227 0.999327 0.020807
vn -0.030227 0.999327 0.020807
vn -0.015969 0.999818 0.010427
vn -0.059634 0.997327 0.042217
vn -0.079803 0.995935 0.041784
vn -0.076488 0.996260 0.040200
vn -0.071338 0.996738 0.037740
vn -0.071338 0.996738 0.037740
vn -0.076488 0.996260 0.040200
vn -0.067750 0.997052 0.036027
vn 0.081490 0.994954 0.058528
vn 0.063814 0.996911 0.045787
vn 0.069798 0.996302 0.050101
vn 0.069798 0.996302 0.050101
vn 0.063814 0.996911 0.045787
vn 0.051503 0.997990 0.036914
vn -0.050871 0.998444 -0.022831
vn 0.015901 0.999535 0.026032
vn -0.004803 0.999929 0.010892
vn -0.004803 0.999929 0.010892
vn 0.015901 0.999535 0.026032
vn 0.060937 0.996400 0.058932
vn 0.021459 0.999121 -0.036004
vn 0.027402 0.999172 -0.030063
vn 0.027375 0.999172 -0.030090
vn 0.027375 0.999172 -0.030090
vn 0.027402 0.999172 -0.030063
vn 0.033187 0.999154 -0.024277
vn 0.029904 0.999532 -0.006417
vn -0.011782 0.999553 -0.027492
vn 0.012635 0.999805 -0.015154
vn 0.012635 0.999805 -0.015154
vn -0.011782 0.999553 -0.027492
vn -0.029211 0.998914 -0.036290
vn 0.028253 0.999580 -0.006426
vn 0.048568 0.998683 -0.016535
vn 0.076230 0.996630 -0.030306
vn 0.076230 0.996630 -0.030306
vn 0.048568 0.998683 -0.016535
vn 0.095550 0.994624 -0.039929
vn -0.034856 0.998582 -0.040244
vn -0.023145 0.998541 -0.048794
vn -0.017208 0.998440 -0.053123
vn -0.017208 0.998440 -0.053123
vn -0.023145 0.998541 -0.048794
vn -0.005114 0.998067 -0.061931
vn -0.017245 0.997929 -0.061973
vn -0.016650 0.997921 -0.062264
vn -0.015792 0.997908 -0.062685
vn -0.015792 0.997908 -0.062685
vn -0.016650 0.997921 -0.062264
vn -0.015220 0.997900 -0.062965
vn -0.028877 0.997590 -0.063092
vn -0.067126 0.997447 -0.024385
vn -0.066600 0.997469 -0.024918
vn -0.066600 0.997469 -0.024918
vn -0.067126 0.997447 -0.024385
vn -0.105763 0.994278 0.014996
vn 0.096029 0.995279 0.014055
vn 0.071508 0.997111 0.025604
vn 0.033416 0.998496 0.043458
vn 0.033416 0.998496 0.043458
vn 0.071508 0.997111 0.025604
vn 0.009279 0.998459 0.054717
vn 0.111886 0.992140 0.056035
vn 0.095741 0.993046 0.068512
vn 0.089151 0.993296 0.073588
vn 0.089151 0.993296 0.073588
vn 0.095741 0.993046 0.068512
vn 0.072768 0.993620 0.086165
vn -0.193174 0.980484 -0.036546
vn -0.031026 0.998462 0.045946
vn -0.129210 0.991610 -0.003755
vn -0.129210 0.991610 -0.003755
vn -0.031026 0.998462 0.045946
vn 0.049564 0.995046 0.086185
vn 0.151650 0.988336 0.013940
vn 0.067607 0.997389 -0.025383
vn 0.118655 0.992934 -0.001557
vn 0.118655 0.992934 -0.001557
vn 0.067607 0.997389 -0.025383
vn 0.036150 0.998547 -0.039975
vn 0.027611 0.995312 -0.092690
vn 0.020233 0.995049 -0.097309
vn 0.023488 0.995174 -0.095272
vn 0.023488 0.995174 -0.095272
vn 0.020233 0.995049 -0.097309
vn 0.016095 0.994868 -0.099895
vn 0.121934 0.991670 -0.041517
vn 0.073516 0.994559 -0.073805
vn 0.093065 0.993801 -0.060819
vn 0.093065 0.993801 -0.060819
vn 0.073516 0.994559 -0.073805
vn 0.044772 0.994680 -0.092776
vn -0.071149 0.996611 -0.041280
vn -0.046134 0.996644 -0.067622
vn -0.047465 0.996675 -0.066224
vn -0.047465 0.996675 -0.066224
vn -0.046134 0.996644 -0.067622
vn -0.022361 0.995460 -0.092515
vn 0.036885 0.995158 -0.091103
vn 0.005631 0.997428 -0.071452
vn -0.018259 0.998243 -0.056368
vn -0.018259 0.998243 -0.056368
vn 0.005631 0.997428 -0.071452
vn -0.049477 0.998105 -0.036575
vn -0.024839 0.999026 -0.036462
vn 0.007718 0.996841 -0.079051
vn -0.001872 0.997783 -0.066526
vn -0.001872 0.997783 -0.066526
vn 0.007718 0.996841 -0.079051
vn 0.029792 0.993725 -0.107812
vn 0.204575 0.973497 -0.102239
vn 0.127668 0.990497 -0.051144
vn 0.075427 0.997013 -0.016603
vn 0.075427 0.997013 -0.016603
vn 0.127668 0.990497 -0.051144
vn -0.007328 0.999257 0.037847
vn -0.073128 0.996654 0.036508
vn -0.082617 0.995508 0.046239
vn -0.082423 0.995533 0.046041
vn -0.082423 0.995533 0.046041
vn -0.082617 0.995508 0.046239
vn -0.092991 0.994041 0.056887
vn -0.045021 0.994925 -0.089991
vn 0.089925 0.995948 -0.001007
vn 0.036278 0.998672 -0.036571
vn 0.036278 0.998672 -0.036571
vn 0.089925 0.995948 -0.001007
vn 0.169104 0.984228 0.051951
vn 0.030860 0.995376 -0.090969
vn 0.010995 0.996928 -0.077551
vn -0.001104 0.997591 -0.069359
vn -0.001104 0.997591 -0.069359
vn 0.010995 0.996928 -0.077551
vn -0.018980 0.998181 -0.057229
vn 0.101613 0.993300 -0.055039
vn 0.050246 0.998625 0.014923
vn 0.066631 0.997751 -0.007325
vn 0.066631 0.997751 -0.007325
vn 0.050246 0.998625 0.014923
vn 0.016468 0.998027 0.060589
vn -0.043620 0.997258 0.059790
vn -0.025709 0.998790 0.041923
vn -0.025351 0.998814 0.041565
vn -0.025351 0.998814 0.041565
vn -0.025709 0.998790 0.041923
vn -0.006547 0.999719 0.022794
vn -0.060917 0.996446 -0.058182
vn -0.020715 0.999631 -0.017572
vn -0.020066 0.999656 -0.016916
vn -0.020066 0.999656 -0.016916
vn -0.020715 0.999631 -0.017572
vn 0.019319 0.999552 0.022858
vn -0.067313 0.995528 0.066277
vn -0.180458 0.983524 -0.010760
vn -0.138929 0.990143 0.017763
vn -0.138929 0.990143 0.017763
vn -0.180458 0.983524 -0.010760
vn -0.243245 0.968435 -0.054452
vn 0.051620 0.998508 -0.017812
vn 0.091595 0.995552 0.022048
vn 0.092391 0.995461 0.022844
vn 0.092391 0.995461 0.022844
vn 0.091595 0.995552 0.022048
vn 0.132261 0.989222 0.062827
vn 0.061786 0.997930 -0.017842
vn 0.040805 0.999161 0.003641
vn 0.041235 0.999144 0.003201
vn 0.041235 0.999144 0.003201
vn 0.040805 0.999161 0.003641
vn 0.021376 0.999495 0.023498
vn 0.032968 0.999179 0.023529
vn 0.038678 0.999125 0.015895
vn 0.036962 0.999151 0.018190
vn 0.036962 0.999151 0.018190
vn 0.038678 0.999125 0.015895
vn 0.042573 0.999036 0.010685
vn -0.029609 0.999499 0.011181
vn -0.028619 0.999535 0.010529
vn -0.027974 0.999558 0.010103
vn -0.027974 0.999558 0.010103
vn -0.028619 0.999535 0.010529
vn -0.027108 0.999587 0.009532
vn 0.096906 0.995221 0.012010
vn 0.053331 0.997779 0.039902
vn 0.019742 0.997926 0.061267
vn 0.019742 0.997926 0.061267
vn 0.053331 0.997779 0.039902
vn -0.027173 0.995488 0.090912
vn -0.005857 0.995816 0.091194
vn -0.011408 0.995275 0.096427
vn -0.011786 0.995236 0.096784
vn -0.011786 0.995236 0.096784
vn -0.011408 0.995275 0.096427
vn -0.017287 0.994638 0.101964
vn -0.009146 0.994745 0.101976
vn -0.021970 0.993658 0.110273
vn -0.031735 0.992675 0.116576
vn -0.031735 0.992675 0.116576
vn -0.021970 0.993658 0.110273
vn -0.044839 0.991141 0.125014
vn -0.104668 0.986722 0.124194
vn -0.093085 0.989689 0.108863
vn -0.096595 0.988830 0.113508
vn -0.096595 0.988830 0.113508
vn -0.093085 0.989689 0.108863
vn -0.084467 0.991649 0.097459
vn 0.011692 0.999152 -0.039489
vn 0.149411 0.987772 0.044533
vn 0.087234 0.996167 0.006447
vn 0.087234 0.996167 0.006447
vn 0.149411 0.987772 0.044533
vn 0.225275 0.970003 0.091354
vn 0.070021 0.996717 -0.040643
vn 0.046213 0.998795 -0.016544
vn 0.046423 0.998781 -0.016756
vn 0.046423 0.998781 -0.016756
vn 0.046213 0.998795 -0.016544
vn 0.023499 0.999703 0.006416
vn 0.046999 0.998869 0.007221
vn -0.024366 0.998283 0.053260
vn -0.077470 0.993161 0.087342
vn -0.077470 0.993161 0.087342
vn -0.024366 0.998283 0.053260
vn -0.154863 0.978427 0.136739
vn 0.034058 0.989618 0.139630
vn 0.037123 0.989783 0.137663
vn 0.039368 0.989896 0.136222
vn 0.039368 0.989896 0.136222
vn 0.037123 0.989783 0.137663
vn 0.042335 0.990034 0.134315
vn 0.015510 0.999874 -0.003429
vn -0.011520 0.999681 0.022489
vn -0.012974 0.999631 0.023883
vn -0.012974 0.999631 0.023883
vn -0.011520 0.999681 0.022489
vn -0.037713 0.998155 0.047590
vn 0.044845 0.997303 -0.058102
vn 0.100555 0.994923 -0.004015
vn 0.098453 0.995123 -0.006067
vn 0.098453 0.995123 -0.006067
vn 0.100555 0.994923 -0.004015
vn 0.155956 0.986478 0.050390
vn -0.022259 0.998218 -0.055361
vn -0.022627 0.998178 -0.055933
vn -0.022898 0.998148 -0.056353
vn -0.022898 0.998148 -0.056353
vn -0.022627 0.998178 -0.055933
vn -0.023247 0.998110 -0.056894
vn -0.050096 0.997210 -0.055338
vn -0.135743 0.990341 0.028242
vn -0.140562 0.989522 0.032989
vn -0.140562 0.989522 0.032989
vn -0.135743 0.990341 0.028242
vn -0.221517 0.968529 0.113500
vn 0.030335 0.992490 0.118507
vn 0.068141 0.996776 0.042369
vn 0.045450 0.995063 0.088222
vn 0.045450 0.995063 0.088222
vn 0.068141 0.996776 0.042369
vn 0.084006 0.996415 0.010028
vn -0.007544 0.999925 0.009614
vn 0.019794 0.999619 -0.019241
vn 0.018175 0.999681 -0.017533
vn 0.018175 0.999681 -0.017533
vn 0.019794 0.999619 -0.019241
vn 0.045708 0.997868 -0.046596
vn -0.088952 0.974715 -0.204984
vn -0.051236 0.987442 -0.149446
vn -0.024564 0.993632 -0.109962
vn -0.024564 0.993632 -0.109962
vn -0.051236 0.987442 -0.149446
vn 0.018018 0.998752 -0.046576
vn 0.166877 0.964598 -0.204215
vn 0.098679 0.985557 -0.137623
vn 0.098070 0.985701 -0.137027
vn 0.098070 0.985701 -0.137027
vn 0.098679 0.985557 -0.137623
vn 0.027092 0.997364 -0.067308
vn -0.019167 0.997506 -0.067932
vn 0.003474 0.995817 -0.091308
vn 0.002566 0.995905 -0.090371
vn 0.002566 0.995905 -0.090371
vn 0.003474 0.995817 -0.091308
vn 0.024027 0.993367 -0.112447
vn 0.013061 0.993528 -0.112834
vn -0.025620 0.999141 -0.032567
vn -0.002223 0.996695 -0.081200
vn -0.002223 0.996695 -0.081200
vn -0.025620 0.999141 -0.032567
vn -0.042426 0.999096 0.002522
vn -0.006815 0.999974 0.002352
vn -0.015510 0.999754 0.015831
vn -0.011980 0.999875 0.010358
vn -0.011980 0.999875 0.010358
vn -0.015510 0.999754 0.015831
vn -0.020471 0.999514 0.023521
vn 0.019302 0.999528 0.023885
vn -0.071805 0.985154 0.155933
vn -0.039655 0.993197 0.109491
vn -0.039655 0.993197 0.109491
vn -0.071805 0.985154 0.155933
vn -0.122886 0.965551 0.229369
vn -0.232760 0.947933 -0.217363
vn 0.011472 0.999877 0.010713
vn -0.011471 0.999877 -0.010712
vn -0.011471 0.999877 -0.010712
vn 0.011472 0.999877 0.010713
vn 0.232760 0.947933 0.217363
vn 0.122887 0.965551 -0.229369
vn 0.039656 0.993196 -0.109491
vn 0.071805 0.985154 -0.155933
vn 0.071805 0.985154 -0.155933
vn 0.039656 0.993196 -0.109491
vn -0.019302 0.999528 -0.023884
vn 0.020471 0.999514 -0.023519
vn 0.011980 0.999875 -0.010357
vn 0.015510 0.999754 -0.015829
vn 0.015510 0.999754 -0.015829
vn 0.011980 0.999875 -0.010357
vn 0.006815 0.999974 -0.002352
vn 0.042427 0.999096 -0.002520
vn 0.002223 0.996695 0.081201
vn 0.025620 0.999141 0.032568
vn 0.025620 0.999141 0.032568
vn 0.002223 0.996695 0.081201
vn -0.013062 0.993528 0.112834
vn -0.024029 0.993366 0.112456
vn -0.002565 0.995905 0.090373
vn -0.003474 0.995816 0.091310
vn -0.003474 0.995816 0.091310
vn -0.002565 0.995905 0.090373
vn 0.019169 0.997506 0.067926
vn -0.027091 0.997365 0.067306
vn -0.098071 0.985701 0.137023
vn -0.098679 0.985557 0.137619
vn -0.098679 0.985557 0.137619
vn -0.098071 0.985701 0.137023
vn -0.166878 0.964598 0.204210
vn -0.018019 0.998752 0.046573
vn 0.024564 0.993632 0.109961
vn 0.051235 0.987442 0.149444
vn 0.051235 0.987442 0.149444
vn 0.024564 0.993632 0.109961
vn 0.088951 0.974715 0.204983
vn -0.045707 0.997868 0.046595
vn -0.018175 0.999681 0.017533
vn -0.019793 0.999619 0.019241
vn -0.019793 0.999619 0.019241
vn -0.018175 0.999681 0.017533
vn 0.007544 0.999925 -0.009613
vn -0.084006 0.996415 -0.010028
vn -0.045450 0.995064 -0.088221
vn -0.068142 0.996776 -0.042368
vn -0.068142 0.996776 -0.042368
vn -0.045450 0.995064 -0.088221
vn -0.030334 0.992490 -0.118506
vn 0.221519 0.968529 -0.113498
vn 0.140562 0.989522 -0.032988
vn 0.135743 0.990342 -0.028240
vn 0.135743 0.990342 -0.028240
vn 0.140562 0.989522 -0.032988
vn 0.050094 0.997210 0.055340
vn 0.023246 0.998109 0.056897
vn 0.022898 0.998148 0.056356
vn 0.022627 0.998178 0.055936
vn 0.022627 0.998178 0.055936
vn 0.022898 0.998148 0.056356
vn 0.022259 0.998218 0.055365
vn -0.155957 0.986477 -0.050394
vn -0.098454 0.995123 0.006067
vn -0.100557 0.994923 0.004015
vn -0.100557 0.994923 0.004015
vn -0.098454 0.995123 0.006067
vn -0.044847 0.997303 0.058106
vn 0.037714 0.998155 -0.047590
vn 0.012975 0.999631 -0.023886
vn 0.011521 0.999681 -0.022492
vn 0.011521 0.999681 -0.022492
vn 0.012975 0.999631 -0.023886
vn -0.015509 0.999874 0.003425
vn -0.042334 0.990034 -0.134312
vn -0.039367 0.989896 -0.136222
vn -0.037122 0.989783 -0.137665
vn -0.037122 0.989783 -0.137665
vn -0.039367 0.989896 -0.136222
vn -0.034057 0.989618 -0.139633
vn 0.154862 0.978428 -0.136738
vn 0.077469 0.993162 -0.087340
vn 0.024365 0.998284 -0.053258
vn 0.024365 0.998284 -0.053258
vn 0.077469 0.993162 -0.087340
vn -0.047000 0.998869 -0.007219
vn -0.023500 0.999703 -0.006417
vn -0.046423 0.998781 0.016755
vn -0.046213 0.998795 0.016543
vn -0.046213 0.998795 0.016543
vn -0.046423 0.998781 0.016755
vn -0.070020 0.996717 0.040643
vn -0.225273 0.970003 -0.091356
vn -0.087231 0.996167 -0.006446
vn -0.149408 0.987772 -0.044533
vn -0.149408 0.987772 -0.044533
vn -0.087231 0.996167 -0.006446
vn -0.011690 0.999152 0.039492
vn 0.084466 0.991649 -0.097460
vn 0.096594 0.988830 -0.113508
vn 0.093084 0.989689 -0.108863
vn 0.093084 0.989689 -0.108863
vn 0.096594 0.988830 -0.113508
vn 0.104667 0.986722 -0.124195
vn 0.044841 0.991141 -0.125015
vn 0.031736 0.992674 -0.116578
vn 0.021972 0.993658 -0.110275
vn 0.021972 0.993658 -0.110275
vn 0.031736 0.992674 -0.116578
vn 0.009148 0.994745 -0.101978
vn 0.017286 0.994638 -0.101964
vn 0.011785 0.995236 -0.096785
vn 0.011407 0.995275 -0.096428
vn 0.011407 0.995275 -0.096428
vn 0.011785 0.995236 -0.096785
vn 0.005856 0.995816 -0.091196
vn 0.027175 0.995488 -0.090913
vn -0.019741 0.997926 -0.061268
vn -0.053331 0.997779 -0.039903
vn -0.053331 0.997779 -0.039903
vn -0.019741 0.997926 -0.061268
vn -0.096905 0.995221 -0.012011
vn 0.027105 0.999587 -0.009535
vn 0.027973 0.999558 -0.010104
vn 0.028618 0.999535 -0.010528
vn 0.028618 0.999535 -0.010528
vn 0.027973 0.999558 -0.010104
vn 0.029609 0.999499 -0.011178
vn -0.042572 0.999036 -0.010687
vn -0.036961 0.999151 -0.018191
vn -0.038678 0.999125 -0.015896
vn -0.038678 0.999125 -0.015896
vn -0.036961 0.999151 -0.018191
vn -0.032967 0.999179 -0.023529
vn -0.021376 0.999495 -0.023502
vn -0.041235 0.999144 -0.003202
vn -0.040805 0.999161 -0.003642
vn -0.040805 0.999161 -0.003642
vn -0.041235 0.999144 -0.003202
vn -0.061785 0.997930 0.017842
vn -0.132261 0.989222 -0.062827
vn -0.092391 0.995461 -0.022845
vn -0.091594 0.995552 -0.022049
vn -0.091594 0.995552 -0.022049
vn -0.092391 0.995461 -0.022845
vn -0.051620 0.998508 0.017809
vn 0.243245 0.968435 0.054453
vn 0.138930 0.990143 -0.017762
vn 0.180458 0.983524 0.010760
vn 0.180458 0.983524 0.010760
vn 0.138930 0.990143 -0.017762
vn 0.067313 0.995528 -0.066276
vn -0.019319 0.999552 -0.022860
vn 0.020066 0.999656 0.016916
vn 0.020715 0.999631 0.017572
vn 0.020715 0.999631 0.017572
vn 0.020066 0.999656 0.016916
vn 0.060917 0.996446 0.058183
vn 0.006547 0.999719 -0.022795
vn 0.025351 0.998814 -0.041566
vn 0.025709 0.998790 -0.041923
vn 0.025709 0.998790 -0.041923
vn 0.025351 0.998814 -0.041566
vn 0.043620 0.997258 -0.059790
vn -0.016468 0.998027 -0.060591
vn -0.066631 0.997751 0.007324
vn -0.050246 0.998625 -0.014925
vn -0.050246 0.998625 -0.014925
vn -0.066631 0.997751 0.007324
vn -0.101613 0.993300 0.055038
vn 0.018982 0.998181 0.057223
vn 0.001105 0.997591 0.069357
vn -0.010995 0.996928 0.077551
vn -0.010995 0.996928 0.077551
vn 0.001105 0.997591 0.069357
vn -0.030862 0.995375 0.090971
vn -0.169104 0.984228 -0.051948
vn -0.036278 0.998672 0.036572
vn -0.089924 0.995948 0.001008
vn -0.089924 0.995948 0.001008
vn -0.036278 0.998672 0.036572
vn 0.045022 0.994925 0.089990
vn 0.092991 0.994041 -0.056887
vn 0.082423 0.995533 -0.046041
vn 0.082617 0.995508 -0.046240
vn 0.082617 0.995508 -0.046240
vn 0.082423 0.995533 -0.046041
vn 0.073128 0.996654 -0.036509
vn 0.007328 0.999257 -0.037849
vn -0.075428 0.997013 0.016602
vn -0.127669 0.990497 0.051143
vn -0.127669 0.990497 0.051143
vn -0.075428 0.997013 0.016602
vn -0.204577 0.973497 0.102238
vn -0.029791 0.993725 0.107808
vn 0.001873 0.997783 0.066526
vn -0.007718 0.996841 0.079050
vn -0.007718 0.996841 0.079050
vn 0.001873 0.997783 0.066526
vn 0.024840 0.999026 0.036465
vn 0.049475 0.998106 0.036571
vn 0.018257 0.998243 0.056367
vn -0.005633 0.997428 0.071453
vn -0.005633 0.997428 0.071453
vn 0.018257 0.998243 0.056367
vn -0.036887 0.995158 0.091107
vn 0.022361 0.995460 0.092515
vn 0.047466 0.996675 0.066224
vn 0.046134 0.996644 0.067622
vn 0.046134 0.996644 0.067622
vn 0.047466 0.996675 0.066224
vn 0.071149 0.996611 0.041281
vn -0.044774 0.994680 0.092773
vn -0.093064 0.993801 0.060818
vn -0.073516 0.994559 0.073803
vn -0.073516 0.994559 0.073803
vn -0.093064 0.993801 0.060818
vn -0.121933 0.991670 0.041518
vn -0.016093 0.994868 0.099896
vn -0.023487 0.995174 0.095272
vn -0.020232 0.995049 0.097309
vn -0.020232 0.995049 0.097309
vn -0.023487 0.995174 0.095272
vn -0.027611 0.995312 0.092690
vn -0.036148 0.998547 0.039975
vn -0.118656 0.992934 0.001555
vn -0.067606 0.997389 0.025382
vn -0.067606 0.997389 0.025382
vn -0.118656 0.992934 0.001555
vn -0.151651 0.988336 -0.013942
vn -0.049565 0.995045 -0.086189
vn 0.129210 0.991610 0.003756
vn 0.031025 0.998462 -0.045948
vn 0.031025 0.998462 -0.045948
vn 0.129210 0.991610 0.003756
vn 0.193175 0.980483 0.036548
vn -0.072768 0.993620 -0.086166
vn -0.089151 0.993296 -0.073588
vn -0.095741 0.993046 -0.068512
vn -0.095741 0.993046 -0.068512
vn -0.089151 0.993296 -0.073588
vn -0.111886 0.992140 -0.056034
vn -0.009277 0.998459 -0.054718
vn -0.033414 0.998496 -0.043459
vn -0.071507 0.997111 -0.025606
vn -0.071507 0.997111 -0.025606
vn -0.033414 0.998496 -0.043459
vn -0.096028 0.995279 -0.014057
vn 0.105762 0.994278 -0.014997
vn 0.066599 0.997469 0.024917
vn 0.067124 0.997447 0.024384
vn 0.067124 0.997447 0.024384
vn 0.066599 0.997469 0.024917
vn 0.028876 0.997590 0.063091
vn 0.015222 0.997900 0.062967
vn 0.015793 0.997908 0.062686
vn 0.016652 0.997921 0.062265
vn 0.016652 0.997921 0.062265
vn 0.015793 0.997908 0.062686
vn 0.017246 0.997929 0.061972
vn 0.005113 0.998067 0.061933
vn 0.017207 0.998440 0.053124
vn 0.023144 0.998541 0.048794
vn 0.023144 0.998541 0.048794
vn 0.017207 0.998440 0.053124
vn 0.034855 0.998582 0.040242
vn -0.095550 0.994624 0.039928
vn -0.076230 0.996630 0.030306
vn -0.048567 0.998683 0.016535
vn -0.048567 0.998683 0.016535
vn -0.076230 0.996630 0.030306
vn -0.028252 0.999580 0.006427
vn 0.029211 0.998914 0.036287
vn -0.012634 0.999805 0.015152
vn 0.011782 0.999553 0.027490
vn 0.011782 0.999553 0.027490
vn -0.012634 0.999805 0.015152
vn -0.029903 0.999532 0.006416
vn -0.033186 0.999154 0.024275
vn -0.027375 0.999172 0.030088
vn -0.027402 0.999172 0.030062
vn -0.027402 0.999172 0.030062
vn -0.027375 0.999172 0.030088
vn -0.021460 0.999121 0.036002
vn -0.060937 0.996400 -0.058932
vn 0.004803 0.999929 -0.010892
vn -0.015901 0.999535 -0.026032
vn -0.015901 0.999535 -0.026032
vn 0.004803 0.999929 -0.010892
vn 0.050871 0.998444 0.022830
vn -0.051503 0.997990 -0.036916
vn -0.069798 0.996302 -0.050099
vn -0.063814 0.996911 -0.045787
vn -0.063814 0.996911 -0.045787
vn -0.069798 0.996302 -0.050099
vn -0.081490 0.994954 -0.058524
vn 0.067750 0.997052 -0.036027
vn 0.071338 0.996738 -0.037741
vn 0.076488 0.996260 -0.040201
vn 0.076488 0.996260 -0.040201
vn 0.071338 0.996738 -0.037741
vn 0.079803 0.995935 -0.041785
vn 0.059634 0.997327 -0.042217
vn 0.030227 0.999326 -0.020807
vn 0.015969 0.999818 -0.010427
vn 0.015969 0.999818 -0.010427
vn 0.030227 0.999326 -0.020807
vn -0.014821 0.999818 0.011987
vn 0.045843 0.998869 0.012599
vn 0.000242 0.998908 0.046725
vn -0.021050 0.997816 0.062607
vn -0.021050 0.997816 0.062607
vn 0.000242 0.998908 0.046725
vn -0.067543 0.992973 0.097171
vn -0.101046 0.992320 -0.071352
vn -0.019274 0.999748 0.011491
vn -0.018236 0.999755 0.012539
vn -0.018236 0.999755 0.012539
vn -0.019274 0.999748 0.011491
vn 0.066679 0.992939 0.098116
vn -0.030592 0.997940 -0.056387
vn -0.053405 0.996268 -0.067805
vn -0.040562 0.997290 -0.061380
vn -0.040562 0.997290 -0.061380
vn -0.053405 0.996268 -0.067805
vn -0.062148 0.995454 -0.072173
vn 0.047690 0.997316 -0.055566
vn 0.003596 0.999392 -0.034684
vn -0.060127 0.998181 -0.004366
vn -0.060127 0.998181 -0.004366
vn 0.003596 0.999392 -0.034684
vn -0.102343 0.994624 0.015811
vn 0.074574 0.997060 0.017617
vn 0.060767 0.997754 0.028180
vn 0.054011 0.997984 0.033340
vn 0.054011 0.997984 0.033340
vn 0.060767 0.997754 0.028180
vn 0.038062 0.998239 0.045501
vn -0.206211 0.973606 -0.097813
vn -0.011160 0.999936 0.001913
vn -0.117991 0.991617 -0.052661
vn -0.117991 0.991617 -0.052661
vn -0.011160 0.999936 0.001913
vn 0.072113 0.996409 0.044377
vn 0.024890 0.994660 -0.100160
vn -0.075224 0.997167 0.000014
vn -0.075356 0.997157 0.000147
vn -0.075356 0.997157 0.000147
vn -0.075224 0.997167 0.000014
vn -0.170727 0.980531 0.097013
vn -0.036912 0.994521 0.097805
vn -0.003107 0.996664 0.081554
vn 0.045553 0.997279 0.057964
vn 0.045553 0.997279 0.057964
vn -0.003107 0.996664 0.081554
vn 0.076489 0.996149 0.042845
vn 0.071191 0.996542 0.042837
vn 0.053320 0.996976 0.056523
vn 0.045395 0.997007 0.062577
vn 0.045395 0.997007 0.062577
vn 0.053320 0.996976 0.056523
vn 0.026017 0.996665 0.077340
vn -0.121791 0.989532 0.077423
vn -0.093231 0.993644 0.063081
vn -0.053994 0.997600 0.043351
vn -0.053994 0.997600 0.043351
vn -0.093231 0.993644 0.063081
vn -0.025838 0.999240 0.029173
vn -0.028310 0.999313 0.023924
vn -0.020605 0.999404 0.027712
vn -0.025136 0.999359 0.025485
vn -0.025136 0.999359 0.025485
vn -0.020605 0.999404 0.027712
vn -0.017619 0.999419 0.029179
vn -0.151426 0.988369 0.014068
vn -0.080301 0.996253 -0.032117
vn -0.026744 0.997428 -0.066495
vn -0.026744 0.997428 -0.066495
vn -0.080301 0.996253 -0.032117
vn 0.044827 0.992707 -0.111909
vn 0.193296 0.980538 0.034371
vn 0.068899 0.996240 -0.052522
vn 0.120037 0.992622 -0.017086
vn 0.120037 0.992622 -0.017086
vn 0.068899 0.996240 -0.052522
vn -0.019035 0.993463 -0.112555
vn -0.111040 0.993169 0.035846
vn -0.097815 0.994948 0.022614
vn -0.097635 0.994969 0.022434
vn -0.097635 0.994969 0.022434
vn -0.097815 0.994948 0.022614
vn -0.083945 0.996432 0.008764
vn -0.095372 0.995403 0.008793
vn -0.033688 0.999005 -0.029212
vn 0.016044 0.998090 -0.059662
vn 0.016044 0.998090 -0.059662
vn -0.033688 0.999005 -0.029212
vn 0.074739 0.992631 -0.095382
vn 0.027424 0.994901 -0.097052
vn -0.004134 0.998521 -0.054212
vn 0.006108 0.997658 -0.068133
vn 0.006108 0.997658 -0.068133
vn -0.004134 0.998521 -0.054212
vn -0.025679 0.999361 -0.024866
vn 0.014845 0.999590 -0.024495
vn -0.034333 0.999381 0.007726
vn -0.068718 0.997176 0.030284
vn -0.068718 0.997176 0.030284
vn -0.034333 0.999381 0.007726
vn -0.116787 0.991228 0.061863
vn 0.035341 0.997282 0.064650
vn 0.003902 0.995403 0.095697
vn 0.003407 0.995358 0.096184
vn 0.003407 0.995358 0.096184
vn 0.003902 0.995403 0.095697
vn -0.028746 0.991392 0.127732
vn -0.029677 0.991366 0.127718
vn -0.027812 0.991579 0.126486
vn -0.026679 0.991705 0.125736
vn -0.026679 0.991705 0.125736
vn -0.027812 0.991579 0.126486
vn -0.024925 0.991897 0.124576
vn -0.031047 0.994122 0.103721
vn -0.010393 0.993092 0.116877
vn -0.019752 0.993632 0.110925
vn -0.019752 0.993632 0.110925
vn -0.010393 0.993092 0.116877
vn 0.002611 0.992138 0.125122
vn -0.019638 0.995749 -0.089995
vn 0.039929 0.999146 -0.010651
vn 0.065394 0.997584 0.023462
vn 0.065394 0.997584 0.023462
vn 0.039929 0.999146 -0.010651
vn 0.120950 0.987780 0.098293
vn 0.050171 0.994737 -0.089335
vn -0.045530 0.998952 0.004787
vn -0.049143 0.998757 0.008354
vn -0.049143 0.998757 0.008354
vn -0.045530 0.998952 0.004787
vn -0.144263 0.984200 0.102656
vn -0.081570 0.991336 -0.102951
vn 0.024796 0.999691 0.001726
vn 0.023783 0.999717 0.000727
vn 0.023783 0.999717 0.000727
vn 0.024796 0.999691 0.001726
vn 0.122713 0.987538 0.098540
vn 0.077680 0.991800 -0.101481
vn 0.042515 0.996023 -0.078301
vn 0.019187 0.997837 -0.062875
vn 0.019187 0.997837 -0.062875
vn 0.042515 0.996023 -0.078301
vn -0.016677 0.999097 -0.039081
vn -0.014857 0.999127 -0.039039
vn -0.059787 0.998197 0.005274
vn -0.059984 0.998184 0.005468
vn -0.059984 0.998184 0.005468
vn -0.059787 0.998197 0.005274
vn -0.104968 0.993215 0.050050
vn -0.068418 0.996382 0.050419
vn -0.042682 0.998791 0.024398
vn -0.043015 0.998768 0.024734
vn -0.043015 0.998768 0.024734
vn -0.042682 0.998791 0.024398
vn -0.016160 0.999867 -0.002393
vn 0.067660 0.997349 -0.026772
vn 0.075051 0.997032 -0.017180
vn 0.078398 0.996840 -0.012831
vn 0.078398 0.996840 -0.012831
vn 0.075051 0.997032 -0.017180
vn 0.086668 0.996235 -0.002069
vn -0.062444 0.996499 -0.055598
vn -0.033754 0.998775 -0.036180
vn -0.044594 0.998057 -0.043518
vn -0.044594 0.998057 -0.043518
vn -0.033754 0.998775 -0.036180
vn -0.016839 0.999553 -0.024725
vn -0.102815 0.993172 -0.055118
vn -0.135342 0.990230 -0.033566
vn -0.156763 0.987448 -0.019270
vn -0.156763 0.987448 -0.019270
vn -0.135342 0.990230 -0.033566
vn -0.186236 0.982505 0.000538
vn 0.038064 0.999265 0.004610
vn 0.048212 0.998825 -0.004911
vn 0.048850 0.998791 -0.005510
vn 0.048850 0.998791 -0.005510
vn 0.048212 0.998825 -0.004911
vn 0.059105 0.998137 -0.015140
vn 0.071948 0.997296 -0.014952
vn 0.034235 0.999348 0.011451
vn 0.013437 0.999572 0.025979
vn 0.013437 0.999572 0.025979
vn 0.034235 0.999348 0.011451
vn -0.026339 0.998210 0.053701
vn -0.171683 0.983792 0.051749
vn -0.108654 0.993492 -0.034166
vn -0.129255 0.991591 -0.006314
vn -0.129255 0.991591 -0.006314
vn -0.108654 0.993492 -0.034166
vn -0.061984 0.993404 -0.096471
vn 0.071951 0.992750 -0.096285
vn 0.034493 0.996904 -0.070659
vn 0.011591 0.998422 -0.054943
vn 0.011591 0.998422 -0.054943
vn 0.034493 0.996904 -0.070659
vn -0.026441 0.999237 -0.028763
vn 0.026831 0.999253 -0.027816
vn -0.003323 0.999989 0.003385
vn -0.001790 0.999997 0.001798
vn -0.001790 0.999997 0.001798
vn -0.003323 0.999989 0.003385
vn -0.031732 0.998959 0.032780
vn -0.025784 0.999129 0.032797
vn -0.021675 0.999316 0.029949
vn -0.019007 0.999424 0.028099
vn -0.019007 0.999424 0.028099
vn -0.021675 0.999316 0.029949
vn -0.014744 0.999575 0.025143
vn -0.018886 0.997881 0.062270
vn -0.053321 0.997801 0.039374
vn -0.039177 0.998040 0.048794
vn -0.039177 0.998040 0.048794
vn -0.053321 0.997801 0.039374
vn -0.073449 0.996962 0.025931
vn 0.044851 0.996956 -0.063775
vn -0.020970 0.999775 -0.003169
vn -0.027410 0.999620 0.002771
vn -0.027410 0.999620 0.002771
vn -0.020970 0.999775 -0.003169
vn -0.091446 0.993883 0.061924
vn -0.015459 0.997904 0.062845
vn -0.016919 0.997789 0.064279
vn -0.016939 0.997787 0.064298
vn -0.016939 0.997787 0.064298
vn -0.016919 0.997789 0.064279
vn -0.018490 0.997660 0.065822
vn -0.082554 0.989168 -0.121376
vn -0.037581 0.997908 -0.052607
vn -0.006126 0.999971 -0.004528
vn -0.006126 0.999971 -0.004528
vn -0.037581 0.997908 -0.052607
vn 0.040181 0.996996 0.066222
vn 0.070707 0.988292 0.135205
vn -0.062316 0.998046 0.004609
vn -0.059467 0.998203 0.007431
vn -0.059467 0.998203 0.007431
vn -0.062316 0.998046 0.004609
vn -0.185055 0.975622 -0.117971
vn -0.022240 0.990772 0.133701
vn 0.016487 0.998351 0.054980
vn -0.006712 0.994739 0.102220
vn -0.006712 0.994739 0.102220
vn 0.016487 0.998351 0.054980
vn 0.033208 0.999232 0.020778
vn -0.117651 0.992922 0.016274
vn -0.159086 0.985541 0.058313
vn -0.158341 0.985706 0.057554
vn -0.158341 0.985706 0.057554
vn -0.159086 0.985541 0.058313
vn -0.200396 0.974537 0.100595
vn -0.029006 0.994243 0.103148
vn 0.068428 0.996631 -0.045222
vn 0.026812 0.999472 0.018379
vn 0.026812 0.999472 0.018379
vn 0.068428 0.996631 -0.045222
vn 0.125852 0.983018 -0.133556
vn -0.028357 0.990359 -0.135592
vn -0.088731 0.993647 -0.069234
vn -0.082316 0.993677 -0.076349
vn -0.082316 0.993677 -0.076349
vn -0.088731 0.993647 -0.069234
vn -0.143943 0.989559 -0.007353
vn 0.005377 0.999940 -0.009504
vn 0.048654 0.997457 -0.052086
vn 0.050226 0.997297 -0.053633
vn 0.050226 0.997297 -0.053633
vn 0.048654 0.997457 -0.052086
vn 0.087792 0.992012 -0.090583
vn 0.121347 0.989785 0.074839
vn 0.098909 0.994698 0.028143
vn 0.064961 0.997020 -0.041617
vn 0.064961 0.997020 -0.041617
vn 0.098909 0.994698 0.028143
vn 0.040617 0.995022 -0.091001
vn -0.145009 0.986310 0.078518
vn -0.086629 0.996178 -0.011189
vn -0.110076 0.993618 0.024639
vn -0.110076 0.993618 0.024639
vn -0.086629 0.996178 -0.011189
vn -0.053072 0.996663 -0.062014
vn 0.123592 0.990923 -0.052894
vn 0.055357 0.997256 0.049152
vn 0.084044 0.996441 0.006494
vn 0.084044 0.996441 0.006494
vn 0.055357 0.997256 0.049152
vn 0.014626 0.993920 0.109130
vn -0.016825 0.993980 0.108263
vn -0.060320 0.986759 0.150561
vn -0.061699 0.986469 0.151896
vn -0.061699 0.986469 0.151896
vn -0.060320 0.986759 0.150561
vn -0.104839 0.975484 0.193495
vn -0.105652 0.994396 -0.003899
vn -0.050079 0.995854 0.075940
vn -0.018499 0.992517 0.120694
vn -0.018499 0.992517 0.120694
vn -0.050079 0.995854 0.075940
vn 0.033060 0.980679 0.192811
vn -0.015776 0.997329 -0.071310
vn 0.001204 0.998918 -0.046484
vn 0.012215 0.999464 -0.030362
vn 0.012215 0.999464 -0.030362
vn 0.001204 0.998918 -0.046484
vn 0.029874 0.999544 -0.004465
vn 0.084689 0.993713 -0.073235
vn 0.000813 0.995062 0.099250
vn 0.048869 0.998805 0.000885
vn 0.048869 0.998805 0.000885
vn 0.000813 0.995062 0.099250
vn -0.033897 0.984939 0.169545
vn -0.020868 0.985243 0.169885
vn -0.005979 0.987872 0.155156
vn -0.006302 0.987820 0.155476
vn -0.006302 0.987820 0.155476
vn -0.005979 0.987872 0.155156
vn 0.008557 0.990014 0.140712
vn -0.186077 0.980835 -0.057783
vn -0.083597 0.995663 0.040832
vn -0.087815 0.995456 0.036822
vn -0.087815 0.995456 0.036822
vn -0.083597 0.995663 0.040832
vn 0.022733 0.989806 0.140596
vn 0.058512 0.993096 0.101673
vn 0.012657 0.999359 0.033492
vn -0.014806 0.999863 -0.007389
vn -0.014806 0.999863 -0.007389
vn 0.012657 0.999359 0.033492
vn -0.054011 0.996369 -0.065810
vn -0.026112 0.998798 0.041486
vn 0.000140 0.997610 0.069099
vn 0.001646 0.997498 0.070681
vn 0.001646 0.997498 0.070681
vn 0.000140 0.997610 0.069099
vn 0.030761 0.994392 0.101183
vn -0.062796 0.997592 -0.029448
vn -0.052155 0.998601 -0.008735
vn -0.037319 0.999102 0.020058
vn -0.037319 0.999102 0.020058
vn -0.052155 0.998601 -0.008735
vn -0.026243 0.998794 0.041491
vn -0.026486 0.999498 0.017390
vn -0.050796 0.998689 -0.006308
vn -0.050141 0.998726 -0.005669
vn -0.050141 0.998726 -0.005669
vn -0.050796 0.998689 -0.006308
vn -0.074419 0.996794 -0.029384
vn -0.031894 0.999290 0.020077
vn -0.032587 0.999288 0.019032
vn -0.033021 0.999286 0.018378
vn -0.033021 0.999286 0.018378
vn -0.032587 0.999288 0.019032
vn -0.033634 0.999282 0.017455
vn -0.014850 0.999685 0.020211
vn -0.022156 0.999373 0.027626
vn -0.022087 0.999376 0.027555
vn -0.022087 0.999376 0.027555
vn -0.022156 0.999373 0.027626
vn -0.029653 0.998939 0.035233
vn -0.071347 0.991339 -0.110256
vn -0.001877 0.999200 -0.039957
vn -0.000741 0.999247 -0.038805
vn -0.000741 0.999247 -0.038805
vn -0.001877 0.999200 -0.039957
vn 0.072206 0.996761 0.035422
vn -0.091379 0.994967 -0.041117
vn 0.042615 0.998789 0.024608
vn -0.036877 0.999216 -0.014374
vn -0.036877 0.999216 -0.014374
vn 0.042615 0.998789 0.024608
vn 0.096329 0.994046 0.050933
vn -0.017715 0.999755 0.013291
vn -0.090839 0.995568 -0.024361
vn -0.049724 0.998758 -0.003172
vn -0.049724 0.998758 -0.003172
vn -0.090839 0.995568 -0.024361
vn -0.122615 0.991617 -0.040770
vn 0.041088 0.999069 0.013147
vn 0.022249 0.999381 0.027237
vn 0.014183 0.999346 0.033262
vn 0.014183 0.999346 0.033262
vn 0.022249 0.999381 0.027237
vn -0.003291 0.998922 0.046300
vn -0.184870 0.981770 0.044178
vn -0.112444 0.993624 0.008272
vn -0.003338 0.998971 -0.045232
vn -0.003338 0.998971 -0.045232
vn -0.112444 0.993624 0.008272
vn 0.074791 0.993729 -0.083119
vn 0.032831 0.998079 -0.052534
vn 0.017200 0.997536 -0.068012
vn 0.017275 0.997540 -0.067937
vn 0.017275 0.997540 -0.067937
vn 0.017200 0.997536 -0.068012
vn 0.001591 0.996513 -0.083425
vn -0.200675 0.971243 -0.128127
vn -0.087867 0.993379 -0.074011
vn -0.154670 0.982250 -0.106120
vn -0.154670 0.982250 -0.106120
vn -0.087867 0.993379 -0.074011
vn -0.041533 0.997802 -0.051636
vn 0.125849 0.983649 -0.128826
vn 0.014808 0.998692 -0.048946
vn -0.037367 0.999239 -0.011163
vn -0.037367 0.999239 -0.011163
vn 0.014808 0.998692 -0.048946
vn -0.142338 0.987659 0.065337
vn -0.142829 0.987589 0.065327
vn -0.097988 0.994237 0.043488
vn -0.027404 0.999583 0.009134
vn -0.027404 0.999583 0.009134
vn -0.097988 0.994237 0.043488
vn 0.023890 0.999590 -0.015816
vn 0.091012 0.995717 -0.016237
vn 0.070898 0.997462 -0.006540
vn 0.042110 0.999086 0.007315
vn 0.042110 0.999086 0.007315
vn 0.070898 0.997462 -0.006540
vn 0.023876 0.999586 0.016076
vn 0.040532 0.999042 0.016511
vn 0.045713 0.998889 0.011442
vn 0.045764 0.998887 0.011392
vn 0.045764 0.998887 0.011392
vn 0.045713 0.998889 0.011442
vn 0.050972 0.998680 0.006294
vn -0.052264 0.998620 0.005185
vn -0.044125 0.999026 -0.000917
vn -0.040364 0.999178 -0.003736
vn -0.040364 0.999178 -0.003736
vn -0.044125 0.999026 -0.000917
vn -0.031665 0.999446 -0.010253
vn 0.014035 0.999846 -0.010510
vn 0.022078 0.999618 -0.016644
vn 0.025443 0.999492 -0.019211
vn 0.025443 0.999492 -0.019211
vn 0.022078 0.999618 -0.016644
vn 0.033447 0.999120 -0.025316
vn -0.111415 0.993695 -0.012535
vn -0.129018 0.991408 -0.021574
vn -0.119138 0.992741 -0.016499
vn -0.119138 0.992741 -0.016499
vn -0.129018 0.991408 -0.021574
vn -0.135969 0.990394 -0.025149
vn 0.034950 0.999319 -0.011875
vn 0.005808 0.999932 0.010123
vn -0.007113 0.999777 0.019870
vn -0.007113 0.999777 0.019870
vn 0.005808 0.999932 0.010123
vn -0.035652 0.998507 0.041387
vn 0.029774 0.998718 0.040942
vn 0.004724 0.998204 0.059718
vn -0.005810 0.997696 0.067595
vn -0.005810 0.997696 0.067595
vn 0.004724 0.998204 0.059718
vn -0.028779 0.995988 0.084733
vn -0.035727 0.995775 0.084594
vn -0.011461 0.998103 0.060489
vn -0.011167 0.998124 0.060197
vn -0.011167 0.998124 0.060197
vn -0.011461 0.998103 0.060489
vn 0.014177 0.999288 0.034958
vn 0.007786 0.997997 0.062780
vn -0.030140 0.998605 0.043354
vn -0.008689 0.998484 0.054354
vn -0.008689 0.998484 0.054354
vn -0.030140 0.998605 0.043354
vn -0.046510 0.998307 0.034937
vn 0.023907 0.996217 0.083544
vn -0.005703 0.997603 0.068957
vn 0.011553 0.996928 0.077467
vn 0.011553 0.996928 0.077467
vn -0.005703 0.997603 0.068957
vn -0.017639 0.997854 0.063055
vn -0.056557 0.996922 0.054295
vn -0.034162 0.996890 0.071018
vn -0.041195 0.996984 0.065774
vn -0.041195 0.996984 0.065774
vn -0.034162 0.996890 0.071018
vn -0.017297 0.996352 0.083562
vn 0.032486 0.999123 0.026409
vn 0.071460 0.996427 0.045019
vn 0.048088 0.998269 0.033861
vn 0.048088 0.998269 0.033861
vn 0.071460 0.996427 0.045019
vn 0.087274 0.994797 0.052564
vn -0.026603 0.999524 0.015649
vn -0.020672 0.999553 0.021606
vn -0.020588 0.999553 0.021691
vn -0.020588 0.999553 0.021691
vn -0.020672 0.999553 0.021606
vn -0.015085 0.999516 0.027216
vn -0.074411 0.996756 -0.030683
vn -0.009760 0.999951 0.001355
vn -0.047568 0.998717 -0.017377
vn -0.047568 0.998717 -0.017377
vn -0.009760 0.999951 0.001355
vn 0.018731 0.999705 0.015464
vn -0.032671 0.999111 -0.026630
vn -0.036157 0.998918 -0.029251
vn -0.035088 0.998979 -0.028447
vn -0.035088 0.998979 -0.028447
vn -0.036157 0.998918 -0.029251
vn -0.038622 0.998770 -0.031105
vn -0.029854 0.999430 -0.015740
vn -0.045547 0.998690 -0.023309
vn -0.036409 0.999158 -0.018901
vn -0.036409 0.999158 -0.018901
vn -0.045547 0.998690 -0.023309
vn -0.051788 0.998311 -0.026318
vn 0.071791 0.997293 -0.015904
vn 0.077932 0.996779 -0.018944
vn 0.086729 0.995959 -0.023302
vn 0.086729 0.995959 -0.023302
vn 0.077932 0.996779 -0.018944
vn 0.092738 0.995344 -0.026279
vn 0.098069 0.995179 0.001493
vn 0.067221 0.997523 0.020737
vn 0.044884 0.998392 0.034620
vn 0.044884 0.998392 0.034620
vn 0.067221 0.997523 0.020737
vn 0.018042 0.998523 0.051245
vn -0.121674 0.991434 0.047484
vn -0.061674 0.998053 0.009277
vn -0.013971 0.999682 -0.020991
vn -0.013971 0.999682 -0.020991
vn -0.061674 0.998053 0.009277
vn 0.051663 0.996708 -0.062482
vn -0.005288 0.998023 -0.062621
vn -0.000191 0.997712 -0.067612
vn -0.000099 0.997706 -0.067703
vn -0.000099 0.997706 -0.067703
vn -0.000191 0.997712 -0.067612
vn 0.005029 0.997340 -0.072722
vn 0.074875 0.994654 -0.071119
vn -0.046989 0.998881 0.005382
vn -0.134275 0.989097 0.060485
vn -0.134275 0.989097 0.060485
vn -0.046989 0.998881 0.005382
vn -0.247816 0.959694 0.132567
vn 0.000963 0.999070 0.043101
vn 0.032089 0.995956 0.083918
vn 0.044444 0.993985 0.100089
vn 0.044444 0.993985 0.100089
vn 0.032089 0.995956 0.083918
vn 0.075753 0.987109 0.140989
vn -0.041676 0.998859 0.023304
vn -0.022307 0.999109 0.035819
vn -0.030423 0.999069 0.030578
vn -0.030423 0.999069 0.030578
vn -0.022307 0.999109 0.035819
vn -0.010898 0.999008 0.043178
vn -0.143046 0.989645 0.011822
vn -0.136804 0.990436 0.017917
vn -0.136919 0.990422 0.017805
vn -0.136919 0.990422 0.017805
vn -0.136804 0.990436 0.017917
vn -0.130604 0.991145 0.023960
vn 0.023880 0.999549 -0.018207
vn 0.049746 0.998761 -0.001369
vn 0.039346 0.999192 -0.008143
vn 0.039346 0.999192 -0.008143
vn 0.049746 0.998761 -0.001369
vn 0.063721 0.997938 0.007742
vn 0.023838 0.999673 0.009300
vn -0.001483 0.999967 -0.008001
vn 0.008277 0.999965 -0.001334
vn 0.008277 0.999965 -0.001334
vn -0.001483 0.999967 -0.008001
vn -0.016615 0.999694 -0.018337
vn 0.051001 0.998655 0.009327
vn -0.011995 0.995435 0.094686
vn 0.007371 0.997621 0.068539
vn 0.007371 0.997621 0.068539
vn -0.011995 0.995435 0.094686
vn -0.055207 0.986725 0.152726
vn -0.031729 0.999107 0.027905
vn 0.032242 0.995504 0.089060
vn 0.030799 0.995672 0.087686
vn 0.030799 0.995672 0.087686
vn 0.032242 0.995504 0.089060
vn 0.097952 0.983608 0.151398
vn 0.032952 0.992299 0.119402
vn -0.012435 0.997190 0.073879
vn -0.013703 0.997267 0.072602
vn -0.013703 0.997267 0.072602
vn -0.012435 0.997190 0.073879
vn -0.057175 0.997953 0.028653
vn -0.135052 0.989636 -0.048800
vn 0.027283 0.998086 0.055504
vn -0.045191 0.998937 0.009114
vn -0.045191 0.998937 0.009114
vn 0.027283 0.998086 0.055504
vn 0.126710 0.984814 0.118685
vn -0.038046 0.997994 -0.050600
vn -0.096364 0.995325 0.006541
vn -0.098715 0.995076 0.008857
vn -0.098715 0.995076 0.008857
vn -0.096364 0.995325 0.006541
vn -0.156337 0.985501 0.065925
vn -0.029025 0.997284 0.067694
vn -0.016617 0.998346 0.055032
vn -0.016906 0.998325 0.055328
vn -0.016906 0.998325 0.055328
vn -0.016617 0.998346 0.055032
vn -0.004338 0.999087 0.042491
vn 0.014263 0.998990 0.042599
vn -0.023332 0.995440 0.092497
vn -0.012195 0.996899 0.077741
vn -0.012195 0.996899 0.077741
vn -0.023332 0.995440 0.092497
vn -0.050781 0.990372 0.128778
vn -0.046232 0.998631 0.024466
vn 0.050865 0.994934 0.086714
vn 0.010012 0.998111 0.060612
vn 0.010012 0.998111 0.060612
vn 0.050865 0.994934 0.086714
vn 0.112452 0.985659 0.125821
vn -0.016503 0.998906 -0.043757
vn 0.045891 0.998944 -0.002286
vn 0.021963 0.999593 -0.018212
vn 0.021963 0.999593 -0.018212
vn 0.045891 0.998944 -0.002286
vn 0.079287 0.996652 0.019987
vn -0.020172 0.998845 -0.043611
vn -0.020210 0.998843 -0.043648
vn -0.020212 0.998842 -0.043650
vn -0.020212 0.998842 -0.043650
vn -0.020210 0.998843 -0.043648
vn -0.020246 0.998840 -0.043684
vn 0.089155 0.995085 -0.043094
vn 0.028681 0.999588 -0.001509
vn -0.005752 0.999739 0.022125
vn -0.005752 0.999739 0.022125
vn 0.028681 0.999588 -0.001509
vn -0.061943 0.996237 0.060624
vn -0.014901 0.999732 0.017699
vn -0.002881 0.999397 0.034616
vn 0.003481 0.999045 0.043564
vn 0.003481 0.999045 0.043564
vn -0.002881 0.999397 0.034616
vn 0.016339 0.997965 0.061631
vn 0.018754 0.999679 0.017046
vn 0.014819 0.999694 0.019811
vn 0.012529 0.999692 0.021419
vn 0.012529 0.999692 0.021419
vn 0.014819 0.999694 0.019811
vn 0.008816 0.999672 0.024027
vn -0.039551 0.998937 0.023656
vn -0.041568 0.998806 0.025679
vn -0.041555 0.998807 0.025666
vn -0.041555 0.998807 0.025666
vn -0.041568 0.998806 0.025679
vn -0.043509 0.998671 0.027626
vn -0.051131 0.998429 0.022938
vn -0.046761 0.998570 0.025926
vn -0.048412 0.998520 0.024797
vn -0.048412 0.998520 0.024797
vn -0.046761 0.998570 0.025926
vn -0.044268 0.998638 0.027629
vn 0.093438 0.995358 0.023081
vn 0.057219 0.997210 0.047950
vn 0.033849 0.997382 0.063907
vn 0.033849 0.997382 0.063907
vn 0.057219 0.997210 0.047950
vn -0.003250 0.996018 0.089097
vn 0.018781 0.995102 0.097058
vn 0.035757 0.995673 0.085772
vn 0.047496 0.995826 0.077942
vn 0.047496 0.995826 0.077942
vn 0.035757 0.995673 0.085772
vn 0.064681 0.995692 0.066438
vn 0.052855 0.996388 0.066470
vn 0.047643 0.996414 0.069918
vn 0.044016 0.996410 0.072316
vn 0.044016 0.996410 0.072316
vn 0.047643 0.996414 0.069918
vn 0.038851 0.996372 0.075727
vn 0.003346 0.977469 0.211053
vn -0.062485 0.987435 0.145147
vn -0.063994 0.987562 0.143616
vn -0.063994 0.987562 0.143616
vn -0.062485 0.987435 0.145147
vn -0.131123 0.988566 0.074465
vn -0.249156 0.968150 -0.024627
vn -0.023122 0.992103 0.123275
vn -0.119645 0.990918 0.061375
vn -0.119645 0.990918 0.061375
vn -0.023122 0.992103 0.123275
vn 0.114448 0.971330 0.208373
vn 0.075327 0.983074 0.167009
vn 0.014103 0.996105 0.087037
vn -0.012225 0.998550 0.052430
vn -0.012225 0.998550 0.052430
vn 0.014103 0.996105 0.087037
vn -0.073679 0.996864 -0.028856
vn -0.010721 0.994505 0.104135
vn 0.051242 0.988220 0.144208
vn 0.025697 0.991472 0.127761
vn 0.025697 0.991472 0.127761
vn 0.051242 0.988220 0.144208
vn 0.086628 0.982175 0.166819
vn -0.130571 0.990073 -0.052033
vn -0.055473 0.998106 0.026611
vn -0.051719 0.998195 0.030516
vn -0.051719 0.998195 0.030516
vn -0.055473 0.998106 0.026611
vn 0.018817 0.994459 0.103431
vn 0.063496 0.997732 0.022328
vn -0.000778 0.999753 -0.022221
vn 0.023954 0.999700 -0.005095
vn 0.023954 0.999700 -0.005095
vn -0.000778 0.999753 -0.022221
vn -0.043408 0.997719 -0.051696
vn -0.017312 0.999588 0.022896
vn 0.046797 0.998675 -0.021400
vn 0.085668 0.995153 -0.048291
vn 0.085668 0.995153 -0.048291
vn 0.046797 0.998675 -0.021400
vn 0.144144 0.985565 -0.088791
vn -0.057451 0.997922 -0.029162
vn -0.075868 0.995702 -0.053126
vn -0.083471 0.994515 -0.063030
vn -0.083471 0.994515 -0.063030
vn -0.075868 0.995702 -0.053126
vn -0.101171 0.991135 -0.086118
vn 0.095254 0.995039 -0.028717
vn 0.053003 0.998511 0.012942
vn 0.051699 0.998562 0.014224
vn 0.051699 0.998562 0.014224
vn 0.053003 0.998511 0.012942
vn 0.008761 0.998375 0.056318
vn -0.057078 0.997453 -0.042771
vn -0.011754 0.999921 0.004438
vn -0.009256 0.999932 0.007037
vn -0.009256 0.999932 0.007037
vn -0.011754 0.999921 0.004438
vn 0.038474 0.997651 0.056670
vn 0.126924 0.989147 0.074022
vn 0.017250 0.999849 -0.001855
vn 0.057253 0.998027 0.025792
vn 0.057253 0.998027 0.025792
vn 0.017250 0.999849 -0.001855
vn -0.042511 0.998166 -0.043096
vn -0.156336 0.985540 0.065338
vn -0.124718 0.991617 0.033788
vn -0.124900 0.991588 0.033969
vn -0.124900 0.991588 0.033969
vn -0.124718 0.991617 0.033788
vn -0.091283 0.995825 0.000623
vn -0.004679 0.999989 0.000297
vn 0.019991 0.999475 -0.025489
vn 0.018783 0.999530 -0.024227
vn 0.018783 0.999530 -0.024227
vn 0.019991 0.999475 -0.025489
vn 0.042841 0.997862 -0.049368
vn -0.051489 0.997403 -0.050366
vn -0.073124 0.997079 -0.022053
vn -0.066614 0.997310 -0.030589
vn -0.066614 0.997310 -0.030589
vn -0.073124 0.997079 -0.022053
vn -0.088403 0.996083 -0.001969
vn 0.111541 0.993741 -0.006160
vn 0.117544 0.993065 -0.002178
vn 0.115067 0.993350 -0.003822
vn 0.115067 0.993350 -0.003822
vn 0.117544 0.993065 -0.002178
vn 0.121245 0.992623 0.000278
vn 0.085220 0.994035 -0.068055
vn 0.136171 0.990166 -0.032068
vn 0.117601 0.992030 -0.045242
vn 0.117601 0.992030 -0.045242
vn 0.136171 0.990166 -0.032068
vn 0.170179 0.985383 -0.007767
vn -0.019713 0.995629 -0.091291
vn -0.008067 0.996780 -0.079779
vn -0.008192 0.996769 -0.079903
vn -0.008192 0.996769 -0.079903
vn -0.008067 0.996780 -0.079779
vn 0.003738 0.997672 -0.068091
vn -0.063719 0.997136 -0.040736
vn -0.112103 0.991075 -0.072134
vn -0.092634 0.993921 -0.059500
vn -0.092634 0.993921 -0.059500
vn -0.112103 0.991075 -0.072134
vn -0.138912 0.986249 -0.089533
vn 0.017402 0.999077 -0.039261
vn 0.016828 0.999057 -0.040028
vn 0.016584 0.999048 -0.040354
vn 0.016584 0.999048 -0.040354
vn 0.016828 0.999057 -0.040028
vn 0.016012 0.999026 -0.041117
vn 0.008871 0.999264 0.037323
vn -0.057101 0.998321 -0.009685
vn -0.034831 0.999374 0.006206
vn -0.034831 0.999374 0.006206
vn -0.057101 0.998321 -0.009685
vn -0.095415 0.994747 -0.037079
vn -0.043362 0.998372 0.037069
vn 0.027433 0.998981 -0.035844
vn 0.026275 0.999054 -0.034652
vn 0.026275 0.999054 -0.034652
vn 0.027433 0.998981 -0.035844
vn 0.096926 0.989487 -0.107340
vn -0.038876 0.991642 -0.123020
vn -0.024647 0.993259 -0.113266
vn -0.030119 0.992673 -0.117021
vn -0.030119 0.992673 -0.117021
vn -0.024647 0.993259 -0.113266
vn -0.015594 0.994132 -0.107045
vn -0.003830 0.997824 -0.065818
vn -0.058670 0.993022 -0.102300
vn -0.036618 0.995477 -0.087663
vn -0.036618 0.995477 -0.087663
vn -0.058670 0.993022 -0.102300
vn -0.089698 0.988367 -0.122818
vn 0.064590 0.997445 0.030520
vn 0.042930 0.997690 0.052651
vn 0.043451 0.997695 0.052119
vn 0.043451 0.997695 0.052119
vn 0.042930 0.997690 0.052651
vn 0.021841 0.997011 0.074110
vn 0.038838 0.996489 0.074172
vn -0.002151 0.993317 0.115396
vn -0.002228 0.993308 0.115473
vn -0.002228 0.993308 0.115473
vn -0.002151 0.993317 0.115396
vn -0.042161 0.986973 0.155265
vn -0.129251 0.989829 -0.059441
vn -0.080025 0.996597 0.019739
vn -0.043330 0.996017 0.077933
vn -0.043330 0.996017 0.077933
vn -0.080025 0.996597 0.019739
vn 0.006362 0.987793 0.155644
vn 0.116026 0.991203 0.063680
vn 0.054052 0.998538 0.000000
vn 0.052189 0.998635 -0.001908
vn 0.052189 0.998635 -0.001908
vn 0.054052 0.998538 0.000000
vn -0.006768 0.998049 -0.062070
vn -0.073175 0.993088 -0.091768
vn -0.052719 0.997427 -0.048582
vn -0.021118 0.999618 0.017858
vn -0.021118 0.999618 0.017858
vn -0.052719 0.997427 -0.048582
vn 0.000262 0.998038 0.062616
vn 0.095429 0.994988 -0.029861
vn 0.064204 0.996057 -0.061218
vn 0.064142 0.996058 -0.061280
vn 0.064142 0.996058 -0.061280
vn 0.064204 0.996057 -0.061218
vn 0.030986 0.995061 -0.094308
vn 0.020825 0.999312 -0.030675
vn 0.073600 0.991413 -0.108090
vn 0.053059 0.995544 -0.077960
vn 0.053059 0.995544 -0.077960
vn 0.073600 0.991413 -0.108090
vn 0.103614 0.982917 -0.152116
vn -0.043712 0.987147 -0.153723
vn -0.072194 0.989295 -0.126824
vn -0.073849 0.989373 -0.125251
vn -0.073849 0.989373 -0.125251
vn -0.072194 0.989295 -0.126824
vn -0.101768 0.989912 -0.098573
vn 0.143891 0.985079 -0.094420
vn 0.088422 0.995303 -0.039426
vn 0.087703 0.995394 -0.038714
vn 0.087703 0.995394 -0.038714
vn 0.088422 0.995303 -0.039426
vn 0.029000 0.999396 0.019162
vn -0.100548 0.994814 0.015367
vn -0.114546 0.992453 0.043769
vn -0.106268 0.993972 0.026949
vn -0.106268 0.993972 0.026949
vn -0.114546 0.992453 0.043769
vn -0.120634 0.991106 0.056181
vn 0.008760 0.998380 0.056228
vn 0.008116 0.998330 0.057193
vn 0.008377 0.998350 0.056802
vn 0.008377 0.998350 0.056802
vn 0.008116 0.998330 0.057193
vn 0.007730 0.998300 0.057773
vn 0.038467 0.997571 0.058068
vn 0.071632 0.997409 0.006718
vn 0.058073 0.997926 0.027764
vn 0.058073 0.997926 0.027764
vn 0.071632 0.997409 0.006718
vn 0.089610 0.995749 -0.021303
vn -0.043303 0.999059 0.002242
vn -0.054833 0.998451 -0.009465
vn -0.054992 0.998440 -0.009626
vn -0.054992 0.998440 -0.009626
vn -0.054833 0.998451 -0.009465
vn -0.067138 0.997502 -0.021974
vn -0.091232 0.994179 -0.057316
vn -0.074672 0.996652 -0.033293
vn -0.065403 0.997661 -0.019875
vn -0.065403 0.997661 -0.019875
vn -0.074672 0.996652 -0.033293
vn -0.050010 0.998746 0.002364
vn 0.042792 0.997586 -0.054693
vn -0.011031 0.999567 0.027286
vn 0.011192 0.999916 -0.006550
vn 0.011192 0.999916 -0.006550
vn -0.011031 0.999567 0.027286
vn -0.043534 0.996100 0.076744
vn -0.088536 0.993331 0.073857
vn -0.088078 0.993304 0.074758
vn -0.087494 0.993269 0.075908
vn -0.087494 0.993269 0.075908
vn -0.088078 0.993304 0.074758
vn -0.087062 0.993242 0.076756
vn 0.118993 0.990568 0.067934
vn 0.153702 0.987515 0.034484
vn 0.155557 0.987286 0.032684
vn 0.155557 0.987286 0.032684
vn 0.153702 0.987515 0.034484
vn 0.182289 0.983223 0.006608
vn 0.170557 0.985328 0.006177
vn 0.121523 0.991022 0.055744
vn 0.120578 0.991084 0.056690
vn 0.120578 0.991084 0.056690
vn 0.121523 0.991022 0.055744
vn 0.065120 0.991606 0.111701
vn 0.003327 0.992326 0.123600
vn 0.000509 0.992856 0.119315
vn -0.001279 0.993179 0.116594
vn -0.001279 0.993179 0.116594
vn 0.000509 0.992856 0.119315
vn -0.003792 0.993614 0.112768
vn -0.140080 0.990139 -0.001443
vn -0.079894 0.994993 0.060046
vn -0.078680 0.995015 0.061276
vn -0.078680 0.995015 0.061276
vn -0.079894 0.994993 0.060046
vn -0.016504 0.992184 0.123688
vn 0.015780 0.999434 -0.029723
vn 0.018693 0.999543 -0.023740
vn 0.023049 0.999625 -0.014792
vn 0.023049 0.999625 -0.014792
vn 0.018693 0.999543 -0.023740
vn 0.026076 0.999623 -0.008569
vn -0.086895 0.972508 -0.216050
vn -0.004533 0.991289 -0.131627
vn 0.000640 0.991997 -0.126264
vn 0.000640 0.991997 -0.126264
vn -0.004533 0.991289 -0.131627
vn 0.091201 0.995343 -0.031221
vn 0.093273 0.970447 -0.222561
vn -0.013924 0.997995 -0.061746
vn 0.026978 0.991980 -0.123480
vn 0.026978 0.991980 -0.123480
vn -0.013924 0.997995 -0.061746
vn -0.077238 0.996408 0.034720
vn -0.014726 0.998097 0.059882
vn -0.026832 0.998482 0.048106
vn -0.026557 0.998476 0.048373
vn -0.026557 0.998476 0.048373
vn -0.026832 0.998482 0.048106
vn -0.039680 0.998579 0.035584
vn -0.089151 0.986515 -0.137257
vn 0.009711 0.999194 -0.038953
vn 0.009380 0.999184 -0.039284
vn 0.009380 0.999184 -0.039284
vn 0.009711 0.999194 -0.038953
vn 0.102726 0.993221 0.054408
vn 0.021779 0.999738 0.007112
vn 0.019034 0.999769 0.009971
vn 0.019072 0.999769 0.009932
vn 0.019072 0.999769 0.009932
vn 0.019034 0.999769 0.009971
vn 0.016377 0.999785 0.012739
vn -0.045786 0.998884 -0.011605
vn -0.032887 0.999458 0.001426
vn -0.032576 0.999468 0.001740
vn -0.032576 0.999468 0.001740
vn -0.032887 0.999458 0.001426
vn -0.020864 0.999690 0.013561
vn 0.013624 0.995158 -0.097338
vn 0.033623 0.997235 -0.066275
vn 0.047935 0.997883 -0.043945
vn 0.047935 0.997883 -0.043945
vn 0.033623 0.997235 -0.066275
vn 0.069263 0.997543 -0.010514
vn -0.006202 0.989418 -0.144963
vn 0.018189 0.992481 -0.121041
vn 0.017535 0.992414 -0.121685
vn 0.017535 0.992414 -0.121685
vn 0.018189 0.992481 -0.121041
vn 0.042636 0.994381 -0.096900
vn 0.001026 0.999793 -0.020309
vn -0.018188 0.998176 -0.057558
vn -0.043372 0.993386 -0.106319
vn -0.043372 0.993386 -0.106319
vn -0.018188 0.998176 -0.057558
vn -0.062909 0.987561 -0.144101
vn 0.033136 0.999246 -0.020229
vn 0.044430 0.998518 -0.031436
vn 0.044863 0.998485 -0.031865
vn 0.044863 0.998485 -0.031865
vn 0.044430 0.998518 -0.031436
vn 0.056760 0.997432 -0.043674
vn 0.103406 0.989428 0.101681
vn 0.068256 0.996487 0.048517
vn 0.043706 0.998978 0.011515
vn 0.043706 0.998978 0.011515
vn 0.068256 0.996487 0.048517
vn 0.007267 0.999040 -0.043207
vn -0.099573 0.989944 0.100482
vn -0.099529 0.989953 0.100439
vn -0.099528 0.989953 0.100438
vn -0.099528 0.989953 0.100438
vn -0.099529 0.989953 0.100439
vn -0.099486 0.989961 0.100396
vn 0.029164 0.991594 0.126056
vn 0.017134 0.993237 0.114838
vn 0.017891 0.993141 0.115545
vn 0.017891 0.993141 0.115545
vn 0.017134 0.993237 0.114838
vn 0.004498 0.994669 0.103026
vn -0.120740 0.990958 -0.058523
vn -0.091432 0.995811 -0.000040
vn -0.052730 0.995712 0.076013
vn -0.052730 0.995712 0.076013
vn -0.091432 0.995811 -0.000040
vn -0.025592 0.991370 0.128573
vn 0.008172 0.998298 -0.057739
vn -0.019559 0.999659 -0.017284
vn -0.008699 0.999413 -0.033140
vn -0.008699 0.999413 -0.033140
vn -0.019559 0.999659 -0.017284
vn -0.036222 0.999319 0.007079
vn 0.090386 0.995865 0.009124
vn 0.008250 0.990678 0.135973
vn 0.042998 0.995644 0.082725
vn 0.042998 0.995644 0.082725
vn 0.008250 0.990678 0.135973
vn -0.042741 0.976113 0.213017
vn -0.067442 0.993823 0.088132
vn -0.006210 0.988909 0.148395
vn -0.005139 0.988758 0.149439
vn -0.005139 0.988758 0.149439
vn -0.006210 0.988909 0.148395
vn 0.060094 0.975342 0.212362
vn -0.050467 0.996433 0.067639
vn -0.045456 0.996133 0.075181
vn -0.042142 0.995890 0.080164
vn -0.042142 0.995890 0.080164
vn -0.045456 0.996133 0.075181
vn -0.037420 0.995483 0.087254
vn -0.043647 0.996744 0.067793
vn -0.038279 0.997485 0.059650
vn -0.040630 0.997173 0.063216
vn -0.040630 0.997173 0.063216
vn -0.038279 0.997485 0.059650
vn -0.034841 0.997909 0.054434
vn -0.083878 0.995256 -0.049300
vn -0.069481 0.997381 -0.020072
vn -0.048849 0.998573 0.021593
vn -0.048849 0.998573 0.021593
vn -0.069481 0.997381 -0.020072
vn -0.032493 0.997988 0.054438
vn 0.179384 0.982484 -0.050460
vn 0.100856 0.994345 0.033256
vn 0.103848 0.994138 0.030101
vn 0.103848 0.994138 0.030101
vn 0.100856 0.994345 0.033256
vn 0.022286 0.993094 0.115190
vn 0.065160 0.991083 0.116229
vn 0.051525 0.990171 0.130023
vn 0.051841 0.990197 0.129704
vn 0.051841 0.990197 0.129704
vn 0.051525 0.990171 0.130023
vn 0.036731 0.988762 0.144913
vn -0.001035 0.999146 0.041302
vn 0.021267 0.996826 0.076718
vn 0.039281 0.993668 0.105270
vn 0.039281 0.993668 0.105270
vn 0.021267 0.996826 0.076718
vn 0.063970 0.987461 0.144323
vn -0.012282 0.999848 -0.012369
vn 0.015102 0.999780 0.014566
vn 0.014260 0.999804 0.013738
vn 0.014260 0.999804 0.013738
vn 0.015102 0.999780 0.014566
vn 0.041026 0.998354 0.040066
vn 0.026092 0.999595 -0.011325
vn 0.039267 0.998585 -0.035855
vn 0.031958 0.999242 -0.022243
vn 0.031958 0.999242 -0.022243
vn 0.039267 0.998585 -0.035855
vn 0.045293 0.997864 -0.047082
vn 0.091833 0.992799 -0.076922
vn 0.106684 0.992352 -0.062101
vn 0.106501 0.992360 -0.062284
vn 0.106501 0.992360 -0.062284
vn 0.106684 0.992352 -0.062101
vn 0.121714 0.991451 -0.047026
vn -0.078685 0.996078 -0.040470
vn -0.087914 0.994661 -0.054047
vn -0.093576 0.993656 -0.062387
vn -0.093576 0.993656 -0.062387
vn -0.087914 0.994661 -0.054047
vn -0.101811 0.992008 -0.074531
vn -0.037508 0.990027 -0.135794
vn 0.011371 0.996038 -0.088194
vn 0.009997 0.995933 -0.089539
vn 0.009997 0.995933 -0.089539
vn 0.011371 0.996038 -0.088194
vn 0.056586 0.997439 -0.043748
vn 0.106199 0.985275 -0.133996
vn 0.096639 0.987501 -0.124507
vn 0.096766 0.987473 -0.124634
vn 0.096766 0.987473 -0.124634
vn 0.096639 0.987501 -0.124507
vn 0.087372 0.989480 -0.115306
vn 0.014037 0.998432 -0.054187
vn -0.009924 0.999484 -0.030539
vn -0.010258 0.999491 -0.030209
vn -0.010258 0.999491 -0.030209
vn -0.009924 0.999484 -0.030539
vn -0.035011 0.999371 -0.005730
vn -0.021194 0.998545 0.049587
vn -0.047545 0.998608 0.022852
vn -0.047846 0.998600 0.022546
vn -0.047846 0.998600 0.022546
vn -0.047545 0.998608 0.022852
vn -0.076626 0.997037 -0.006771
vn 0.068672 0.994969 0.072949
vn 0.062341 0.996026 0.063602
vn 0.057876 0.996695 0.057013
vn 0.057876 0.996695 0.057013
vn 0.062341 0.996026 0.063602
vn 0.051245 0.997569 0.047229
vn 0.040202 0.997306 0.061363
vn 0.046665 0.996630 0.067465
vn 0.046299 0.996670 0.067119
vn 0.046299 0.996670 0.067119
vn 0.046665 0.996630 0.067465
vn 0.052874 0.995906 0.073325
vn -0.062002 0.996102 0.062746
vn -0.026663 0.999624 -0.006405
vn -0.047254 0.998309 0.033844
vn -0.047254 0.998309 0.033844
vn -0.026663 0.999624 -0.006405
vn -0.011311 0.999276 -0.036333
vn 0.056842 0.997818 -0.033595
vn 0.018286 0.999827 0.003554
vn 0.016840 0.999846 0.004946
vn 0.016840 0.999846 0.004946
vn 0.018286 0.999827 0.003554
vn -0.022914 0.998804 0.043184
vn 0.007826 0.999026 0.043416
vn 0.036228 0.999344 -0.000431
vn 0.024315 0.999543 0.017978
vn 0.024315 0.999543 0.017978
vn 0.036228 0.999344 -0.000431
vn 0.052964 0.998249 -0.026340
vn -0.100873 0.994803 -0.013860
vn -0.106401 0.994129 -0.019636
vn -0.106629 0.994100 -0.019874
vn -0.106629 0.994100 -0.019874
vn -0.106401 0.994129 -0.019636
vn -0.111783 0.993411 -0.025265
vn 0.004553 0.997271 0.073687
vn -0.041478 0.998717 0.029047
vn -0.039140 0.998743 0.031322
vn -0.039140 0.998743 0.031322
vn -0.041478 0.998717 0.029047
vn -0.085255 0.996265 -0.013672
vn -0.025510 0.994478 0.101795
vn -0.029313 0.995148 0.093923
vn -0.035120 0.996024 0.081876
vn -0.035120 0.996024 0.081876
vn -0.029313 0.995148 0.093923
vn -0.039002 0.996510 0.073808
vn -0.036085 0.998789 -0.033446
vn -0.003987 0.999869 0.015720
vn 0.019573 0.998468 0.051761
vn 0.019573 0.998468 0.051761
vn -0.003987 0.999869 0.015720
vn 0.050943 0.993714 0.099684
vn -0.043868 0.998478 -0.033428
vn -0.055102 0.998350 -0.016175
vn -0.050441 0.998454 -0.023339
vn -0.050441 0.998454 -0.023339
vn -0.055102 0.998350 -0.016175
vn -0.061464 0.998089 -0.006385
vn 0.056495 0.998389 -0.005249
vn 0.029421 0.999316 0.022431
vn 0.029815 0.999313 0.022029
vn 0.029815 0.999313 0.022029
vn 0.029421 0.999316 0.022431
vn 0.000528 0.998653 0.051882
vn -0.037432 0.997933 0.052239
vn -0.039544 0.997668 0.055638
vn -0.038597 0.997789 0.054113
vn -0.038597 0.997789 0.054113
vn -0.039544 0.997668 0.055638
vn -0.040673 0.997519 0.057454
vn -0.034880 0.997804 0.056302
vn -0.034604 0.997790 0.056728
vn -0.034396 0.997779 0.057049
vn -0.034396 0.997779 0.057049
vn -0.034604 0.997790 0.056728
vn -0.034088 0.997762 0.057523
vn -0.032411 0.999430 0.009460
vn -0.025158 0.999405 0.023581
vn -0.015708 0.998996 0.041953
vn -0.015708 0.998996 0.041953
vn -0.025158 0.999405 0.023581
vn -0.008730 0.998421 0.055498
vn 0.021272 0.999723 0.010113
vn 0.036195 0.999331 -0.005283
vn 0.035861 0.999345 -0.004939
vn 0.035861 0.999345 -0.004939
vn 0.036195 0.999331 -0.005283
vn 0.051841 0.998425 -0.021441
vn 0.038028 0.997089 -0.066087
vn 0.061259 0.997175 -0.043473
vn 0.060770 0.997184 -0.043950
vn 0.060770 0.997184 -0.043950
vn 0.061259 0.997175 -0.043473
vn 0.083033 0.996300 -0.022179
vn 0.065137 0.995709 -0.065733
vn 0.051244 0.997678 -0.044867
vn 0.056904 0.996952 -0.053367
vn 0.056904 0.996952 -0.053367
vn 0.051244 0.997678 -0.044867
vn 0.042789 0.998566 -0.032179
vn 0.040036 0.998680 -0.032166
vn 0.012092 0.999923 -0.002947
vn 0.013398 0.999901 -0.004312
vn 0.013398 0.999901 -0.004312
vn 0.012092 0.999923 -0.002947
vn -0.014729 0.999577 0.025083
vn 0.045056 0.998661 0.025438
vn 0.039217 0.998549 0.036894
vn 0.042579 0.998634 0.030301
vn 0.042579 0.998634 0.030301
vn 0.039217 0.998549 0.036894
vn 0.036759 0.998453 0.041711
vn 0.120911 0.991780 0.041868
vn 0.085940 0.993235 0.078092
vn 0.087354 0.993225 0.076635
vn 0.087354 0.993225 0.076635
vn 0.085940 0.993235 0.078092
vn 0.053627 0.992351 0.111189
vn -0.101689 0.991700 -0.078674
vn -0.056743 0.998371 -0.005959
vn -0.025996 0.998719 0.043424
vn -0.025996 0.998719 0.043424
vn -0.056743 0.998371 -0.005959
vn 0.016408 0.993678 0.111059
vn 0.056347 0.998078 -0.025793
vn 0.030669 0.998221 -0.051141
vn 0.031164 0.998230 -0.050653
vn 0.031164 0.998230 -0.050653
vn 0.030669 0.998221 -0.051141
vn 0.003336 0.996947 -0.078009
vn 0.088018 0.995777 -0.026109
vn 0.093582 0.995103 -0.031821
vn 0.093552 0.995107 -0.031790
vn 0.093552 0.995107 -0.031790
vn 0.093582 0.995103 -0.031821
vn 0.098795 0.994413 -0.037176
vn -0.035045 0.999383 -0.002533
vn -0.024434 0.999655 -0.009637
vn -0.017913 0.999742 -0.014001
vn -0.017913 0.999742 -0.014001
vn -0.024434 0.999655 -0.009637
vn -0.007971 0.999755 -0.020652
vn -0.076465 0.996836 -0.021715
vn -0.069450 0.997245 -0.026076
vn -0.064019 0.997514 -0.029450
vn -0.064019 0.997514 -0.029450
vn -0.069450 0.997245 -0.026076
vn -0.057044 0.997800 -0.033779
vn 0.050129 0.998220 -0.032304
vn 0.030161 0.999468 -0.012423
vn 0.030360 0.999459 -0.012621
vn 0.030360 0.999459 -0.012621
vn 0.030161 0.999468 -0.012423
vn 0.008637 0.999922 0.008991
vn 0.052854 0.998561 0.009083
vn 0.021902 0.999315 0.029821
vn 0.002407 0.999079 0.042851
vn 0.002407 0.999079 0.042851
vn 0.021902 0.999315 0.029821
vn -0.027209 0.997668 0.062599
vn -0.011922 0.999928 0.001518
vn 0.005858 0.999657 0.025520
vn 0.014353 0.999213 0.036982
vn 0.014353 0.999213 0.036982
vn 0.005858 0.999657 0.025520
vn 0.034104 0.997392 0.063617
vn -0.023870 0.999714 0.001670
vn -0.016913 0.999853 -0.002839
vn -0.012148 0.999909 -0.005927
vn -0.012148 0.999909 -0.005927
vn -0.016913 0.999853 -0.002839
vn -0.005746 0.999933 -0.010076
vn 0.053094 0.998556 -0.008210
vn 0.019440 0.999484 0.025560
vn 0.020297 0.999489 0.024700
vn 0.020297 0.999489 0.024700
vn 0.019440 0.999484 0.025560
vn -0.014330 0.998135 0.059343
vn -0.112854 0.989304 0.092419
vn -0.144562 0.986966 0.070716
vn -0.131740 0.988090 0.079523
vn -0.131740 0.988090 0.079523
vn -0.144562 0.986966 0.070716
vn -0.165632 0.984588 0.056155
vn -0.085700 0.996204 0.015302
vn -0.008726 0.997888 0.064363
vn -0.041529 0.998189 0.043527
vn -0.041529 0.998189 0.043527
vn -0.008726 0.997888 0.064363
vn 0.031306 0.995481 0.089649
vn -0.038617 0.999129 0.015828
vn -0.005705 0.999610 -0.027356
vn -0.016200 0.999776 -0.013596
vn -0.016200 0.999776 -0.013596
vn -0.005705 0.999610 -0.027356
vn 0.016498 0.998270 -0.056431
vn 0.050286 0.997200 -0.055353
vn -0.006201 0.999980 0.001035
vn -0.005962 0.999982 0.000796
vn -0.005962 0.999982 0.000796
vn -0.006201 0.999980 0.001035
vn -0.065585 0.996020 0.060349
vn -0.061587 0.997304 -0.039898
vn -0.013242 0.999861 0.010128
vn -0.011346 0.999863 0.012088
vn -0.011346 0.999863 0.012088
vn -0.013242 0.999861 0.010128
vn 0.034800 0.997608 0.059728
vn 0.001097 0.997187 -0.074949
vn 0.032292 0.998046 -0.053491
vn 0.020573 0.997891 -0.061565
vn 0.020573 0.997891 -0.061565
vn 0.032292 0.998046 -0.053491
vn 0.050593 0.997884 -0.040851
vn -0.040571 0.998218 -0.043767
vn -0.054343 0.996824 -0.058222
vn -0.055595 0.996677 -0.059536
vn -0.055595 0.996677 -0.059536
vn -0.054343 0.996824 -0.058222
vn -0.070363 0.994695 -0.075035
vn -0.033724 0.999417 -0.005398
vn -0.052534 0.998328 -0.024107
vn -0.052796 0.998308 -0.024367
vn -0.052796 0.998308 -0.024367
vn -0.052534 0.998328 -0.024107
vn -0.071448 0.996520 -0.042939
vn -0.009066 0.992233 -0.124067
vn 0.026874 0.996801 -0.075267
vn 0.043447 0.997669 -0.052625
vn 0.043447 0.997669 -0.052625
vn 0.026874 0.996801 -0.075267
vn 0.076887 0.997018 -0.006668
vn 0.051110 0.991032 -0.123464
vn 0.018984 0.994628 -0.101758
vn -0.000290 0.996061 -0.088671
vn -0.000290 0.996061 -0.088671
vn 0.018984 0.994628 -0.101758
vn -0.030726 0.997218 -0.067906
vn 0.082580 0.994419 -0.065670
vn 0.029238 0.999117 -0.030184
vn -0.006107 0.999959 -0.006645
vn -0.006107 0.999959 -0.006645
vn 0.029238 0.999117 -0.030184
vn -0.060382 0.997738 0.029537
vn 0.042566 0.996766 0.068158
vn 0.024273 0.998477 0.049554
vn 0.023970 0.998499 0.049246
vn 0.023970 0.998499 0.049246
vn 0.024273 0.998477 0.049554
vn 0.005259 0.999530 0.030199
vn -0.014732 0.999890 -0.001509
vn 0.046281 0.998107 0.040500
vn 0.023839 0.999402 0.025054
vn 0.023839 0.999402 0.025054
vn 0.046281 0.998107 0.040500
vn 0.085955 0.993990 0.067791
vn 0.036802 0.998993 0.025663
vn 0.028212 0.999500 0.014310
vn 0.024373 0.999660 0.009237
vn 0.024373 0.999660 0.009237
vn 0.028212 0.999500 0.014310
vn 0.015789 0.999873 -0.002102
vn 0.052701 0.998280 0.025693
vn 0.085960 0.996296 0.002257
vn 0.105988 0.994296 -0.011906
vn 0.105988 0.994296 -0.011906
vn 0.085960 0.996296 0.002257
vn 0.139024 0.989658 -0.035352
vn 0.020666 0.999582 0.020235
vn -0.005681 0.999964 -0.006239
vn -0.005299 0.999969 -0.005855
vn -0.005299 0.999969 -0.005855
vn -0.005681 0.999964 -0.006239
vn -0.033236 0.998872 -0.033926
vn 0.004571 0.999786 0.020193
vn -0.010240 0.999518 0.029301
vn -0.022891 0.999050 0.037075
vn -0.022891 0.999050 0.037075
vn -0.010240 0.999518 0.029301
vn -0.037478 0.998237 0.046033
vn 0.100714 0.993827 0.046517
vn 0.110961 0.993030 0.039735
vn 0.118392 0.992357 0.034806
vn 0.118392 0.992357 0.034806
vn 0.110961 0.993030 0.039735
vn 0.129227 0.991231 0.027603
vn -0.007773 0.998498 0.054227
vn -0.003656 0.998285 0.058428
vn -0.003532 0.998278 0.058554
vn -0.003532 0.998278 0.058554
vn -0.003656 0.998285 0.058428
vn 0.000571 0.998030 0.062738
vn -0.057045 0.997828 -0.032946
vn -0.011269 0.999874 0.011154
vn -0.012415 0.999873 0.010051
vn -0.012415 0.999873 0.010051
vn -0.011269 0.999874 0.011154
vn 0.032570 0.998047 0.053305
vn 0.009045 0.999922 -0.008648
vn 0.003002 0.999838 -0.017729
vn -0.001293 0.999707 -0.024182
vn -0.001293 0.999707 -0.024182
vn 0.003002 0.999838 -0.017729
vn -0.007826 0.999391 -0.033996
vn -0.027600 0.998221 -0.052851
vn -0.005452 0.999533 -0.030061
vn -0.004661 0.999561 -0.029247
vn -0.004661 0.999561 -0.029247
vn -0.005452 0.999533 -0.030061
vn 0.015148 0.999846 -0.008843
vn 0.032954 0.998157 -0.050961
vn 0.028419 0.998717 -0.041924
vn 0.030986 0.998412 -0.047040
vn 0.030986 0.998412 -0.047040
vn 0.028419 0.998717 -0.041924
vn 0.026494 0.998923 -0.038090
vn -0.164255 0.980982 -0.103420
vn -0.080213 0.996588 -0.019471
vn -0.079462 0.996662 -0.018725
vn 0.033686 0.991484 -0.125795
vn 0.043955 0.992298 -0.115817
vn 0.043694 0.992279 -0.116071
vn 0.043694 0.992279 -0.116071
vn 0.043955 0.992298 -0.115817
vn 0.054252 0.992909 -0.105778
vn 0.016438 0.998479 -0.052633
vn 0.006105 0.997252 -0.073830
vn -0.008684 0.994530 -0.104086
vn -0.008684 0.994530 -0.104086
vn 0.006105 0.997252 -0.073830
vn -0.019276 0.991882 -0.125694
vn -0.066268 0.997701 -0.014200
vn -0.075879 0.996720 -0.028135
vn -0.081764 0.995977 -0.036679
vn -0.081764 0.995977 -0.036679
vn -0.075879 0.996720 -0.028135
vn -0.090837 0.994616 -0.049869
vn 0.036628 0.999245 -0.012926
vn 0.036311 0.999251 -0.013391
vn 0.036102 0.999254 -0.013697
vn 0.036102 0.999254 -0.013697
vn 0.036311 0.999251 -0.013391
vn 0.035740 0.999260 -0.014227
vn 0.052070 0.991906 -0.115808
vn 0.104454 0.992452 -0.064253
vn 0.103443 0.992492 -0.065257
vn 0.103443 0.992492 -0.065257
vn 0.104454 0.992452 -0.064253
vn 0.150669 0.988420 -0.018009
vn -0.070780 0.990540 -0.117559
vn -0.120828 0.991687 -0.044252
vn -0.100949 0.992167 -0.073578
vn -0.100949 0.992167 -0.073578
vn -0.120828 0.991687 -0.044252
vn -0.152099 0.988362 0.002455
vn -0.071468 0.994962 -0.070313
vn -0.052463 0.997750 -0.041745
vn -0.040279 0.998913 -0.023453
vn -0.040279 0.998913 -0.023453
vn -0.052463 0.997750 -0.041745
vn -0.021611 0.999756 0.004537
vn 0.075054 0.993182 0.089195
vn 0.052912 0.997650 0.043521
vn 0.019943 0.999509 -0.024174
vn 0.019943 0.999509 -0.024174
vn 0.052912 0.997650 0.043521
vn -0.003558 0.997384 -0.072203
vn -0.026141 0.995835 0.087345
vn -0.031367 0.995214 0.092550
vn -0.031435 0.995206 0.092617
vn -0.031435 0.995206 0.092617
vn -0.031367 0.995214 0.092550
vn -0.037075 0.994473 0.098230
vn -0.058879 0.993423 0.098200
vn -0.089510 0.987590 0.129054
vn -0.090007 0.987479 0.129554
vn -0.090007 0.987479 0.129554
vn -0.089510 0.987590 0.129054
vn -0.119310 0.980043 0.158998
vn 0.005443 0.999902 -0.012932
vn 0.049744 0.997338 0.053322
vn 0.078121 0.992327 0.095832
vn 0.078121 0.992327 0.095832
vn 0.049744 0.997338 0.053322
vn 0.120152 0.979956 0.158901
vn 0.086076 0.996186 -0.014264
vn 0.130505 0.989542 -0.061445
vn 0.127629 0.990102 -0.058381
vn 0.127629 0.990102 -0.058381
vn 0.130505 0.989542 -0.061445
vn 0.169356 0.980161 -0.102975
vn 0.014582 0.994291 -0.105705
vn -0.022307 0.999319 -0.029392
vn -0.000622 0.997235 -0.074317
vn -0.000622 0.997235 -0.074317
vn -0.022307 0.999319 -0.029392
vn -0.037349 0.999301 0.001882
vn 0.140104 0.990135 0.001968
vn 0.079953 0.994588 0.066354
vn 0.083348 0.994543 0.062751
vn 0.083348 0.994543 0.062751
vn 0.079953 0.994588 0.066354
vn 0.020993 0.991509 0.128333
vn -0.032111 0.991264 0.127925
vn 0.026943 0.999038 0.034616
vn 0.001566 0.997195 0.074830
vn 0.001566 0.997195 0.074830
vn 0.026943 0.999038 0.034616
vn 0.059826 0.998051 -0.017753
vn -0.038509 0.999101 -0.017741
vn -0.081526 0.996349 0.025345
vn -0.081804 0.996319 0.025624
vn -0.081804 0.996319 0.025624
vn -0.081526 0.996349 0.025345
vn -0.124653 0.989815 0.068754
vn 0.127814 0.986250 0.104757
vn 0.111897 0.989814 0.088025
vn 0.111068 0.989984 0.087153
vn 0.111068 0.989984 0.087153
vn 0.111897 0.989814 0.088025
vn 0.094549 0.993070 0.069804
vn 0.002081 0.999935 -0.011182
vn 0.027377 0.999514 0.014912
vn 0.028279 0.999475 0.015843
vn 0.028279 0.999475 0.015843
vn 0.027377 0.999514 0.014912
vn 0.054850 0.997557 0.043272
vn 0.033079 0.999450 -0.002501
vn 0.028464 0.999570 -0.007016
vn 0.028629 0.999567 -0.006855
vn 0.028629 0.999567 -0.006855
vn 0.028464 0.999570 -0.007016
vn 0.024074 0.999646 -0.011310
vn -0.007896 0.999965 -0.002948
vn -0.014493 0.999873 0.006691
vn -0.011942 0.999924 0.002963
vn -0.011942 0.999924 0.002963
vn -0.014493 0.999873 0.006691
vn -0.018467 0.999751 0.012497
vn 0.015068 0.999803 0.012949
vn 0.004081 0.999695 0.024340
vn 0.004527 0.999705 0.023878
vn 0.004527 0.999705 0.023878
vn 0.004081 0.999695 0.024340
vn -0.006499 0.999356 0.035302
vn 0.028365 0.998986 0.034973
vn -0.027676 0.988878 0.146132
vn 0.004426 0.996570 0.082632
vn 0.004426 0.996570 0.082632
vn -0.027676 0.988878 0.146132
vn -0.052852 0.979258 0.195604
vn -0.016960 0.988203 0.152207
vn -0.016801 0.988182 0.152362
vn 0.028536 0.980172 0.196085
vn 0.055721 0.990851 0.122923
vn -0.015766 0.998444 0.053479
vn -0.014230 0.998386 0.054978
vn -0.014230 0.998386 0.054978
vn -0.015766 0.998444 0.053479
vn -0.082581 0.996512 -0.012051
vn -0.021383 0.999698 0.012104
vn -0.005724 0.998996 0.044440
vn 0.016727 0.995740 0.090674
vn 0.016727 0.995740 0.090674
vn -0.005724 0.998996 0.044440
vn 0.032470 0.991875 0.123003
vn -0.090683 0.991184 -0.096596
vn -0.064264 0.996422 -0.054891
vn -0.044977 0.998687 -0.024517
vn -0.044977 0.998687 -0.024517
vn -0.064264 0.996422 -0.054891
vn -0.021666 0.999692 0.012115
vn 0.035689 0.995011 -0.093167
vn 0.025752 0.996587 -0.078435
vn 0.029681 0.996001 -0.084262
vn 0.029681 0.996001 -0.084262
vn 0.025752 0.996587 -0.078435
vn 0.019798 0.997378 -0.069602
vn 0.146909 0.979907 0.134909
vn 0.056406 0.997535 0.041738
vn 0.051769 0.997975 0.036971
vn 0.051769 0.997975 0.036971
vn 0.056406 0.997535 0.041738
vn -0.052291 0.996190 -0.069799
vn -0.152147 0.987788 0.033573
vn -0.125390 0.989253 0.075207
vn -0.107089 0.988868 0.103306
vn -0.107089 0.988868 0.103306
vn -0.125390 0.989253 0.075207
vn -0.082303 0.986598 0.140889
vn -0.018422 0.994057 -0.107296
vn 0.016218 0.998316 -0.055702
vn 0.038220 0.999010 -0.022770
vn 0.038220 0.999010 -0.022770
vn 0.016218 0.998316 -0.055702
vn 0.073582 0.996825 0.030422
vn -0.003772 0.994217 -0.107326
vn -0.036310 0.998504 -0.040873
vn -0.016891 0.996603 -0.080610
vn -0.016891 0.996603 -0.080610
vn -0.036310 0.998504 -0.040873
vn -0.049756 0.998674 -0.013225
vn -0.037830 0.999198 -0.013124
vn 0.039422 0.995207 -0.089496
vn 0.040502 0.995067 -0.090559
vn 0.040502 0.995067 -0.090559
vn 0.039422 0.995207 -0.089496
vn 0.118360 0.978842 -0.166912
vn -0.127134 0.978933 -0.159770
vn -0.129573 0.978200 -0.162285
vn -0.129682 0.978167 -0.162397
vn -0.129682 0.978167 -0.162397
vn -0.129573 0.978200 -0.162285
vn -0.131866 0.977498 -0.164650
vn 0.123810 0.980240 -0.154274
vn 0.143221 0.972500 -0.183662
vn 0.135515 0.975733 -0.171990
vn 0.135515 0.975733 -0.171990
vn 0.143221 0.972500 -0.183662
vn 0.154385 0.967435 -0.200585
vn 0.167440 0.965308 -0.200362
vn 0.148856 0.972241 -0.180526
vn 0.150240 0.971752 -0.182003
vn 0.150240 0.971752 -0.182003
vn 0.148856 0.972241 -0.180526
vn 0.132301 0.977742 -0.162839
vn -0.039731 0.985436 -0.165342
vn -0.094337 0.994034 -0.054743
vn -0.062029 0.990757 -0.120635
vn -0.062029 0.990757 -0.120635
vn -0.094337 0.994034 -0.054743
vn -0.116848 0.993117 -0.008031
vn 0.020251 0.999783 -0.004928
vn 0.039410 0.998916 -0.024785
vn 0.038693 0.998962 -0.024042
vn 0.038693 0.998962 -0.024042
vn 0.039410 0.998916 -0.024785
vn 0.056925 0.997454 -0.042949
vn 0.059284 0.997319 -0.042907
vn 0.013927 0.999534 0.027160
vn 0.033098 0.999449 -0.002414
vn 0.033098 0.999449 -0.002414
vn 0.013927 0.999534 0.027160
vn -0.014200 0.997415 0.070442
vn -0.124642 0.989725 0.070059
vn -0.097945 0.994246 0.043378
vn -0.097842 0.994261 0.043275
vn -0.097842 0.994261 0.043275
vn -0.097945 0.994246 0.043378
vn -0.072912 0.997168 0.018430
vn 0.094795 0.995225 0.023272
vn 0.095024 0.995208 0.023048
vn 0.095029 0.995208 0.023043
vn 0.095029 0.995208 0.023043
vn 0.095024 0.995208 0.023048
vn 0.095260 0.995191 0.022816
vn 0.054518 0.998356 -0.017674
vn 0.046559 0.998840 -0.012308
vn 0.041180 0.999114 -0.008682
vn 0.041180 0.999114 -0.008682
vn 0.046559 0.998840 -0.012308
vn 0.033080 0.999448 -0.003223
vn 0.024081 0.999705 -0.003170
vn 0.037376 0.999230 -0.011931
vn 0.045799 0.998798 -0.017483
vn 0.045799 0.998798 -0.017483
vn 0.037376 0.999230 -0.011931
vn 0.058222 0.997974 -0.025674
vn -0.018571 0.999446 -0.027624
vn -0.038657 0.999221 -0.007956
vn -0.038964 0.999211 -0.007654
vn -0.038964 0.999211 -0.007654
vn -0.038657 0.999221 -0.007956
vn -0.059357 0.998160 0.012352
vn -0.006847 0.999896 0.012687
vn 0.038597 0.999072 -0.019116
vn 0.066902 0.997000 -0.038938
vn 0.066902 0.997000 -0.038938
vn 0.038597 0.999072 -0.019116
vn 0.115655 0.990596 -0.073101
vn -0.053555 0.998564 -0.001587
vn -0.074414 0.996782 -0.029806
vn -0.083793 0.995576 -0.042522
vn -0.083793 0.995576 -0.042522
vn -0.074414 0.996782 -0.029806
vn -0.103267 0.992259 -0.068985
vn 0.027113 0.999632 -0.000693
vn 0.028142 0.999603 -0.001370
vn 0.028860 0.999582 -0.001843
vn 0.028860 0.999582 -0.001843
vn 0.028142 0.999603 -0.001370
vn 0.029901 0.999550 -0.002528
vn 0.015013 0.999884 -0.002631
vn -0.005692 0.999832 0.017437
vn -0.005951 0.999826 0.017689
vn -0.005951 0.999826 0.017689
vn -0.005692 0.999832 0.017437
vn -0.025011 0.999033 0.036153
vn 0.033752 0.997344 0.064547
vn 0.007855 0.998856 0.047167
vn 0.018753 0.998339 0.054486
vn 0.018753 0.998339 0.054486
vn 0.007855 0.998856 0.047167
vn -0.007910 0.999300 0.036566
vn -0.082586 0.996517 -0.011553
vn -0.009420 0.999310 0.035930
vn -0.040447 0.999056 0.015833
vn -0.040447 0.999056 0.015833
vn -0.009420 0.999310 0.035930
vn 0.034907 0.997304 0.064542
vn 0.036168 0.999115 -0.021483
vn 0.038584 0.999088 -0.018294
vn 0.039554 0.999073 -0.017013
vn 0.039554 0.999073 -0.017013
vn 0.038584 0.999088 -0.018294
vn 0.041983 0.999023 -0.013805
vn -0.021793 0.999402 0.026851
vn -0.044663 0.998998 0.002969
vn -0.045522 0.998961 0.002071
vn -0.045522 0.998961 0.002071
vn -0.044663 0.998998 0.002969
vn -0.067645 0.997487 -0.021085
vn 0.021471 0.999420 0.026443
vn 0.013383 0.999319 0.034399
vn 0.013305 0.999317 0.034475
vn 0.013305 0.999317 0.034475
vn 0.013383 0.999319 0.034399
vn 0.005262 0.999088 0.042382
vn -0.050371 0.997896 0.040834
vn -0.042368 0.998478 0.035303
vn -0.037763 0.998770 0.032121
vn -0.037763 0.998770 0.032121
vn -0.042368 0.998478 0.035303
vn -0.029615 0.999210 0.026489
vn -0.077960 0.996800 -0.017653
vn -0.058068 0.998308 0.002886
vn -0.057728 0.998327 0.003237
vn -0.057728 0.998327 0.003237
vn -0.058068 0.998308 0.002886
vn -0.035258 0.999030 0.026375
vn 0.074693 0.994776 -0.069586
vn 0.100480 0.993946 -0.044442
vn 0.099604 0.993995 -0.045299
vn 0.099604 0.993995 -0.045299
vn 0.100480 0.993946 -0.044442
vn 0.124815 0.991967 -0.020543
vn -0.049303 0.991775 -0.118120
vn -0.034617 0.994585 -0.097988
vn -0.027380 0.995739 -0.088056
vn -0.027380 0.995739 -0.088056
vn -0.034617 0.994585 -0.097988
vn -0.013099 0.997570 -0.068436
vn 0.118873 0.986000 -0.116931
vn 0.053295 0.995750 -0.075116
vn 0.001948 0.999107 -0.042201
vn 0.001948 0.999107 -0.042201
vn 0.053295 0.995750 -0.075116
vn -0.066665 0.997773 0.002021
vn -0.131865 0.977498 -0.164646
vn 0.021592 0.997721 -0.063930
vn -0.040337 0.993665 -0.104897
vn -0.040337 0.993665 -0.104897
vn 0.021592 0.997721 -0.063930
vn 0.117272 0.993100 0.000218
vn 0.155837 0.973901 -0.165019
vn 0.068951 0.994179 -0.082787
vn 0.061705 0.995203 -0.075918
vn 0.061705 0.995203 -0.075918
vn 0.068951 0.994179 -0.082787
vn -0.023527 0.999711 0.005016
vn 0.135754 0.990708 0.008296
vn 0.114639 0.993148 0.022675
vn 0.101090 0.994367 0.031868
vn 0.101090 0.994367 0.031868
vn 0.114639 0.993148 0.022675
vn 0.079552 0.995749 0.046425
vn -0.116301 0.992236 0.044056
vn -0.059084 0.997808 -0.029792
vn -0.075354 0.997117 -0.008887
vn -0.075354 0.997117 -0.008887
vn -0.059084 0.997808 -0.029792
vn -0.014987 0.996176 -0.086080
vn 0.055022 0.994789 -0.085832
vn 0.042587 0.996089 -0.077415
vn 0.034779 0.996789 -0.072124
vn 0.034779 0.996789 -0.072124
vn 0.042587 0.996089 -0.077415
vn 0.022453 0.997712 -0.063764
vn -0.014986 0.997790 -0.064736
vn -0.054921 0.998171 -0.025278
vn -0.054716 0.998177 -0.025482
vn -0.054716 0.998177 -0.025482
vn -0.054921 0.998171 -0.025278
vn -0.097463 0.995093 0.017032
vn -0.072947 0.997191 0.016973
vn -0.077458 0.996792 0.020144
vn -0.080155 0.996539 0.022041
vn -0.080155 0.996539 0.022041
vn -0.077458 0.996792 0.020144
vn -0.084830 0.996073 0.025330
vn 0.095302 0.995138 0.024850
vn 0.066794 0.996757 0.044881
vn 0.049033 0.997152 0.057304
vn 0.049033 0.997152 0.057304
vn 0.066794 0.996757 0.044881
vn 0.020873 0.996819 0.076913
vn 0.033711 0.994659 0.097554
vn 0.006325 0.996781 0.079925
vn 0.017815 0.996020 0.087331
vn 0.017815 0.996020 0.087331
vn 0.006325 0.996781 0.079925
vn -0.010032 0.997541 0.069357
vn 0.057359 0.998045 0.024843
vn 0.121411 0.990263 0.068107
vn 0.097117 0.993930 0.051687
vn 0.097117 0.993930 0.051687
vn 0.121411 0.990263 0.068107
vn 0.160407 0.982518 0.094488
vn -0.059682 0.998032 -0.019231
vn -0.035518 0.999362 0.003793
vn -0.036689 0.999323 0.002678
vn -0.036689 0.999323 0.002678
vn -0.035518 0.999362 0.003793
vn -0.012888 0.999596 0.025318
vn 0.114789 0.984859 0.129907
vn -0.022661 0.999071 0.036651
vn 0.030359 0.996885 0.072796
vn 0.030359 0.996885 0.072796
vn -0.022661 0.999071 0.036651
vn -0.103523 0.994448 -0.018890
vn -0.103251 0.986430 0.127651
vn -0.064044 0.995083 0.075556
vn -0.076341 0.992839 0.091891
vn -0.076341 0.992839 0.091891
vn -0.064044 0.995083 0.075556
vn -0.036432 0.998579 0.038892
vn 0.029988 0.999533 0.005874
vn 0.062081 0.997677 0.028032
vn 0.049645 0.998578 0.019444
vn 0.049645 0.998578 0.019444
vn 0.062081 0.997677 0.028032
vn 0.079336 0.996047 0.039955
vn -0.025359 0.999666 0.004902
vn -0.081039 0.994737 0.062700
vn -0.079984 0.994891 0.061604
vn -0.079984 0.994891 0.061604
vn -0.081039 0.994737 0.062700
vn -0.136336 0.983339 0.120239
vn -0.008426 0.998410 0.055737
vn 0.049059 0.994407 0.093530
vn 0.026197 0.996567 0.078535
vn 0.026197 0.996567 0.078535
vn 0.049059 0.994407 0.093530
vn 0.082304 0.989920 0.115254
vn 0.035439 0.999369 0.002564
vn 0.084282 0.995811 0.035462
vn 0.065257 0.997612 0.022639
vn 0.065257 0.997612 0.022639
vn 0.084282 0.995811 0.035462
vn 0.111779 0.992264 0.054014
vn 0.041792 0.999124 0.002348
vn 0.041844 0.999121 0.002418
vn 0.041869 0.999120 0.002451
vn 0.041869 0.999120 0.002451
vn 0.041844 0.999121 0.002418
vn 0.041926 0.999118 0.002528
vn -0.064177 0.990928 -0.118081
vn -0.007425 0.998165 -0.060095
vn -0.006405 0.998235 -0.059051
vn -0.006405 0.998235 -0.059051
vn -0.007425 0.998165 -0.060095
vn 0.053226 0.998580 0.002259
vn 0.006527 0.999430 -0.033136
vn -0.038804 0.996302 -0.076663
vn -0.036659 0.996539 -0.074606
vn -0.036659 0.996539 -0.074606
vn -0.038804 0.996302 -0.076663
vn -0.081676 0.989687 -0.117684
vn -0.032250 0.994907 -0.095500
vn 0.026455 0.998071 -0.056171
vn 0.004811 0.997485 -0.070715
vn 0.004811 0.997485 -0.070715
vn 0.026455 0.998071 -0.056171
vn 0.058807 0.997679 -0.034339
vn -0.035563 0.997087 -0.067473
vn -0.049507 0.995477 -0.081083
vn -0.049546 0.995472 -0.081120
vn -0.049546 0.995472 -0.081120
vn -0.049507 0.995477 -0.081083
vn -0.063699 0.993445 -0.094922
vn 0.125035 0.991614 -0.032671
vn 0.106738 0.992971 -0.051153
vn 0.106808 0.992967 -0.051082
vn 0.106808 0.992967 -0.051082
vn 0.106738 0.992971 -0.051153
vn 0.088503 0.993651 -0.069465
vn -0.013345 0.999347 -0.033578
vn -0.010830 0.999256 -0.037005
vn -0.011618 0.999287 -0.035932
vn -0.011618 0.999287 -0.035932
vn -0.010830 0.999256 -0.037005
vn -0.009215 0.999189 -0.039205
vn -0.067050 0.996879 -0.041678
vn -0.064551 0.997110 -0.040052
vn -0.065609 0.997013 -0.040740
vn -0.065609 0.997013 -0.040740
vn -0.064551 0.997110 -0.040052
vn -0.063309 0.997222 -0.039244
vn 0.116832 0.992482 -0.036463
vn 0.018144 0.999430 0.028454
vn -0.052529 0.995829 0.074598
vn -0.052529 0.995829 0.074598
vn 0.018144 0.999430 0.028454
vn -0.152994 0.978304 0.139692
vn -0.019023 0.989777 0.141350
vn 0.056986 0.996114 0.067148
vn 0.058746 0.996127 0.065413
vn 0.058746 0.996127 0.065413
vn 0.056986 0.996114 0.067148
vn 0.132106 0.991207 -0.007569
vn 0.078223 0.996890 -0.009545
vn 0.003355 0.999151 0.041065
vn -0.044272 0.996343 0.073076
vn -0.044272 0.996343 0.073076
vn 0.003355 0.999151 0.041065
vn -0.127528 0.983451 0.128688
vn -0.016806 0.991305 0.130507
vn 0.032972 0.997366 0.064599
vn 0.018034 0.996264 0.084455
vn 0.018034 0.996264 0.084455
vn 0.032972 0.997366 0.064599
vn 0.065039 0.997646 0.021746
vn 0.023320 0.993979 0.107059
vn -0.055417 0.997021 0.053654
vn -0.024166 0.996894 0.074950
vn -0.024166 0.996894 0.074950
vn -0.055417 0.997021 0.053654
vn -0.106387 0.994150 0.018640
vn -0.097294 0.995255 0.001352
vn -0.042020 0.997590 0.055221
vn -0.043402 0.997604 0.053880
vn -0.043402 0.997604 0.053880
vn -0.042020 0.997590 0.055221
vn 0.012009 0.994151 0.107326
vn -0.083437 0.990113 -0.112762
vn 0.025840 0.998787 -0.041917
vn -0.020359 0.997198 -0.071990
vn -0.020359 0.997198 -0.071990
vn 0.025840 0.998787 -0.041917
vn 0.092078 0.995751 0.001513
vn 0.016771 0.998383 -0.054325
vn -0.042275 0.994805 -0.092604
vn -0.018647 0.996832 -0.077325
vn -0.018647 0.996832 -0.077325
vn -0.042275 0.994805 -0.092604
vn -0.073800 0.990861 -0.112908
vn -0.009233 0.999199 -0.038936
vn -0.050294 0.998731 0.002464
vn -0.049153 0.998790 0.001311
vn -0.049153 0.998790 0.001311
vn -0.050294 0.998731 0.002464
vn -0.085437 0.995618 0.038026
vn 0.160287 0.985885 0.048356
vn 0.080167 0.988170 0.130742
vn 0.082870 0.988305 0.128009
vn 0.082870 0.988305 0.128009
vn 0.080167 0.988170 0.130742
vn -0.005665 0.976390 0.215941
vn -0.012978 0.989298 0.145333
vn 0.005598 0.984938 0.172820
vn 0.017298 0.981624 0.190040
vn 0.017298 0.981624 0.190040
vn 0.005598 0.984938 0.172820
vn 0.034705 0.975882 0.215522
vn -0.104232 0.984116 0.143708
vn -0.005500 0.999140 0.041089
vn -0.010408 0.998878 0.046206
vn -0.010408 0.998878 0.046206
vn -0.005500 0.999140 0.041089
vn 0.089137 0.994332 -0.057954
vn -0.036246 0.993524 -0.107683
vn -0.028973 0.995254 -0.092899
vn -0.018484 0.997265 -0.071560
vn -0.018484 0.997265 -0.071560
vn -0.028973 0.995254 -0.092899
vn -0.011327 0.998311 -0.056990
vn 0.082549 0.996460 -0.015906
vn 0.037545 0.997404 -0.061442
vn 0.037655 0.997407 -0.061333
vn 0.037655 0.997407 -0.061333
vn 0.037545 0.997404 -0.061442
vn -0.009477 0.994042 -0.108589
vn -0.140603 0.989920 -0.017011
vn -0.135859 0.990440 -0.023904
vn -0.137576 0.990260 -0.021411
vn -0.137576 0.990260 -0.021411
vn -0.135859 0.990440 -0.023904
vn -0.132689 0.990748 -0.028500
vn 0.084471 0.995866 -0.033386
vn 0.087253 0.995718 -0.030541
vn 0.087235 0.995719 -0.030560
vn 0.087235 0.995719 -0.030560
vn 0.087253 0.995718 -0.030541
vn 0.089924 0.995560 -0.027809
vn 0.114601 0.993251 -0.017876
vn 0.106962 0.993938 -0.025441
vn 0.107219 0.993916 -0.025187
vn 0.107219 0.993916 -0.025187
vn 0.106962 0.993938 -0.025441
vn 0.098928 0.994535 -0.033381
vn 0.041523 0.999004 -0.016325
vn -0.012207 0.995535 0.093604
vn 0.019110 0.999377 0.029656
vn 0.019110 0.999377 0.029656
vn -0.012207 0.995535 0.093604
vn -0.035344 0.989432 0.140625
vn 0.052765 0.998149 0.030232
vn 0.077549 0.994539 0.069851
vn 0.096668 0.990230 0.100496
vn 0.096668 0.990230 0.100496
vn 0.077549 0.994539 0.069851
vn 0.121158 0.982731 0.139858
vn -0.082083 0.991221 -0.103646
vn -0.049956 0.997344 -0.053010
vn -0.026424 0.999523 -0.015978
vn -0.026424 0.999523 -0.015978
vn -0.049956 0.997344 -0.053010
vn 0.004396 0.999464 0.032447
vn 0.065194 0.983482 -0.168861
vn 0.097310 0.985773 -0.137052
vn 0.096782 0.985751 -0.137579
vn 0.096782 0.985751 -0.137579
vn 0.097310 0.985773 -0.137052
vn 0.135579 0.985856 -0.098517
vn -0.063808 0.991823 -0.110524
vn -0.078957 0.988042 -0.132431
vn -0.087333 0.985638 -0.144539
vn -0.087333 0.985638 -0.144539
vn -0.078957 0.988042 -0.132431
vn -0.099964 0.981584 -0.162787
vn 0.088316 0.990165 -0.108503
vn 0.069433 0.994323 -0.080632
vn 0.076707 0.992859 -0.091365
vn 0.076707 0.992859 -0.091365
vn 0.069433 0.994323 -0.080632
vn 0.058386 0.996219 -0.064338
vn -0.009776 0.997779 -0.065896
vn -0.035543 0.999291 -0.012431
vn -0.019670 0.998775 -0.045402
vn -0.019670 0.998775 -0.045402
vn -0.035543 0.999291 -0.012431
vn -0.047520 0.998792 0.012525
vn -0.061605 0.994874 -0.080193
vn -0.016975 0.999185 -0.036637
vn -0.017495 0.999157 -0.037145
vn -0.017495 0.999157 -0.037145
vn -0.016975 0.999185 -0.036637
vn 0.031129 0.999461 0.010396
vn -0.161184 0.972579 -0.167660
vn -0.114052 0.985926 -0.122235
vn -0.115333 0.985623 -0.123471
vn -0.115333 0.985623 -0.123471
vn -0.114052 0.985926 -0.122235
vn -0.070329 0.994307 -0.080047
vn 0.128245 0.977727 -0.166140
vn 0.074076 0.993887 -0.081865
vn 0.097011 0.988322 -0.117506
vn 0.097011 0.988322 -0.117506
vn 0.074076 0.993887 -0.081865
vn 0.040303 0.998752 -0.029493
vn -0.125001 0.988463 -0.085534
vn -0.097946 0.993477 -0.058394
vn -0.097909 0.993483 -0.058357
vn -0.097909 0.993483 -0.058357
vn -0.097946 0.993477 -0.058394
vn -0.068886 0.997194 -0.029308
vn 0.062525 0.994316 -0.086174
vn 0.032631 0.999157 -0.024929
vn 0.050459 0.996835 -0.061429
vn 0.050459 0.996835 -0.061429
vn 0.032631 0.999157 -0.024929
vn 0.019043 0.999815 0.002847
vn -0.106396 0.994138 0.019231
vn -0.113963 0.993419 0.011472
vn -0.114084 0.993406 0.011348
vn -0.114084 0.993406 0.011348
vn -0.113963 0.993419 0.011472
vn -0.121869 0.992541 0.003349
vn 0.010546 0.999673 -0.023318
vn 0.020869 0.999753 -0.007628
vn 0.028042 0.999601 0.003283
vn 0.028042 0.999601 0.003283
vn 0.020869 0.999753 -0.007628
vn 0.037694 0.999128 0.017975
vn 0.091959 0.995485 -0.023526
vn 0.022932 0.998555 0.048605
vn 0.025844 0.998627 0.045577
vn 0.025844 0.998627 0.045577
vn 0.022932 0.998555 0.048605
vn -0.039480 0.992787 0.113204
vn -0.078802 0.990542 0.112325
vn -0.024613 0.997925 0.059495
vn -0.024057 0.997971 0.058952
vn -0.024057 0.997971 0.058952
vn -0.024613 0.997925 0.059495
vn 0.029594 0.999541 0.006442
vn -0.087432 0.993909 -0.067092
vn -0.036323 0.998790 -0.033148
vn -0.056619 0.997306 -0.046632
vn -0.056619 0.997306 -0.046632
vn -0.036323 0.998790 -0.033148
vn -0.006154 0.999895 -0.013096
vn -0.006127 0.997226 -0.074181
vn -0.000311 0.997523 -0.070345
vn -0.002641 0.997410 -0.071882
vn -0.002641 0.997410 -0.071882
vn -0.000311 0.997523 -0.070345
vn 0.003062 0.997673 -0.068118
vn 0.037067 0.998750 -0.033531
vn 0.016820 0.998398 -0.054031
vn 0.016633 0.998390 -0.054220
vn 0.016633 0.998390 -0.054220
vn 0.016820 0.998398 -0.054031
vn -0.003163 0.997238 -0.074207
vn 0.089605 0.995432 -0.032967
vn 0.054461 0.998477 -0.008839
vn 0.032613 0.999449 0.006134
vn 0.032613 0.999449 0.006134
vn 0.054461 0.998477 -0.008839
vn -0.004138 0.999502 0.031277
vn -0.012443 0.999435 0.031225
vn -0.003004 0.999822 0.018615
vn -0.005843 0.999732 0.022408
vn -0.005843 0.999732 0.022408
vn -0.003004 0.999822 0.018615
vn 0.003191 0.999941 0.010337
vn -0.008440 0.999911 0.010344
vn -0.076990 0.995418 0.056709
vn -0.119905 0.989078 0.085719
vn -0.119905 0.989078 0.085719
vn -0.076990 0.995418 0.056709
vn -0.185456 0.974015 0.130006
vn -0.132569 0.982777 -0.128745
vn 0.004425 0.999952 0.008772
vn 0.001769 0.999980 0.006107
vn 0.001769 0.999980 0.006107
vn 0.004425 0.999952 0.008772
vn 0.126613 0.983226 0.131287
vn 0.090204 0.995280 -0.035803
vn 0.006449 0.995701 -0.092405
vn 0.040470 0.996759 -0.069533
vn 0.040470 0.996759 -0.069533
vn 0.006449 0.995701 -0.092405
vn -0.049571 0.990312 -0.129712
vn 0.098940 0.994448 -0.035847
vn 0.076714 0.996826 -0.021284
vn 0.061452 0.998046 -0.011295
vn 0.061452 0.998046 -0.011295
vn 0.076714 0.996826 -0.021284
vn 0.041014 0.999156 0.002065
vn -0.035961 0.999353 0.001168
vn 0.031921 0.995607 -0.088025
vn 0.010584 0.998139 -0.060053
vn 0.010584 0.998139 -0.060053
vn 0.031921 0.995607 -0.088025
vn 0.079344 0.985499 -0.149990
vn 0.126378 0.991839 -0.016840
vn 0.061276 0.994744 -0.082033
vn 0.062612 0.994769 -0.080708
vn 0.062612 0.994769 -0.080708
vn 0.061276 0.994744 -0.082033
vn -0.009676 0.988377 -0.151714
vn 0.004542 0.999824 0.018225
vn -0.011498 0.999933 0.001676
vn -0.011969 0.999928 0.001191
vn -0.011969 0.999928 0.001191
vn -0.011498 0.999933 0.001676
vn -0.027348 0.999518 -0.014683
vn 0.137286 0.990347 0.019132
vn 0.091500 0.994607 0.048826
vn 0.055689 0.995861 0.071827
vn 0.055689 0.995861 0.071827
vn 0.091500 0.994607 0.048826
vn 0.008726 0.994777 0.101696
vn -0.103187 0.993503 -0.048010
vn -0.029205 0.999190 0.027691
vn -0.029570 0.999189 0.027320
vn -0.029570 0.999189 0.027320
vn -0.029205 0.999190 0.027691
vn 0.043671 0.993863 0.101633
vn 0.058704 0.997161 -0.047151
vn 0.043941 0.998506 -0.032473
vn 0.043659 0.998528 -0.032193
vn 0.043659 0.998528 -0.032193
vn 0.043941 0.998506 -0.032473
vn 0.029121 0.999418 -0.017743
vn -0.047079 0.997992 -0.042374
vn -0.039678 0.998679 -0.032655
vn -0.036653 0.998916 -0.028685
vn -0.036653 0.998916 -0.028685
vn -0.039678 0.998679 -0.032655
vn -0.028878 0.999412 -0.018478
vn 0.029729 0.998634 -0.042976
vn 0.010500 0.999488 -0.030216
vn -0.002428 0.999763 -0.021630
vn -0.002428 0.999763 -0.021630
vn 0.010500 0.999488 -0.030216
vn -0.020981 0.999737 -0.009299
vn -0.071103 0.997417 -0.010211
vn -0.052110 0.998391 -0.022374
vn -0.038135 0.998782 -0.031306
vn -0.038135 0.998782 -0.031306
vn -0.052110 0.998391 -0.022374
vn -0.018211 0.998865 -0.044014
vn 0.040116 0.998237 -0.043755
vn -0.031855 0.999098 0.028065
vn -0.032403 0.999065 0.028612
vn -0.032403 0.999065 0.028612
vn -0.031855 0.999098 0.028065
vn -0.103528 0.989624 0.099627
vn -0.066431 0.992753 0.100145
vn -0.056477 0.994010 0.093570
vn -0.049716 0.994781 0.089100
vn -0.049716 0.994781 0.089100
vn -0.056477 0.994010 0.093570
vn -0.039672 0.995805 0.082452
vn 0.018960 0.997754 0.064245
vn 0.024821 0.997101 0.071922
vn 0.027307 0.996796 0.075176
vn 0.027307 0.996796 0.075176
vn 0.024821 0.997101 0.071922
vn 0.033393 0.995978 0.083141
vn -0.120151 0.985276 -0.121632
vn 0.055434 0.998442 -0.006385
vn -0.013967 0.998541 -0.052165
vn -0.013967 0.998541 -0.052165
vn 0.055434 0.998442 -0.006385
vn 0.155927 0.985918 0.060438
vn 0.037867 0.999264 -0.006206
vn -0.020542 0.997684 -0.064843
vn -0.020527 0.997685 -0.064828
vn -0.020527 0.997685 -0.064828
vn -0.020542 0.997684 -0.064843
vn -0.078029 0.989426 -0.122258
vn -0.043577 0.992984 -0.109924
vn 0.053691 0.997494 -0.046083
vn 0.015316 0.997330 -0.071402
vn 0.015316 0.997330 -0.071402
vn 0.053691 0.997494 -0.046083
vn 0.113114 0.993561 -0.006534
vn 0.028168 0.993347 -0.111664
vn -0.006895 0.996142 -0.087487
vn -0.028669 0.996964 -0.072389
vn -0.028669 0.996964 -0.072389
vn -0.006895 0.996142 -0.087487
vn -0.061084 0.996890 -0.049791
vn -0.005558 0.999162 -0.040542
vn 0.027402 0.999473 -0.017426
vn 0.015024 0.999546 -0.026114
vn 0.015024 0.999546 -0.026114
vn 0.027402 0.999473 -0.017426
vn 0.047974 0.998844 -0.002967
vn 0.002519 0.999175 -0.040527
vn -0.043293 0.999013 -0.009927
vn -0.072589 0.997315 0.009703
vn -0.072589 0.997315 0.009703
vn -0.043293 0.999013 -0.009927
vn -0.114243 0.992737 0.037697
vn -0.003332 0.999846 -0.017241
vn 0.024820 0.999637 0.010490
vn 0.024331 0.999654 0.010009
vn 0.024331 0.999654 0.010009
vn 0.024820 0.999637 0.010490
vn 0.052861 0.997874 0.038134
vn -0.004075 0.999989 0.002122
vn -0.022056 0.999708 -0.009836
vn -0.014956 0.999875 -0.005114
vn -0.014956 0.999875 -0.005114
vn -0.022056 0.999708 -0.009836
vn -0.032712 0.999322 -0.016923
vn 0.003476 0.999631 0.026934
vn -0.004389 0.999856 0.016374
vn -0.007812 0.999900 0.011777
vn -0.007812 0.999900 0.011777
vn -0.004389 0.999856 0.016374
vn -0.014983 0.999885 0.002144
vn -0.184189 0.978154 -0.096383
vn -0.080199 0.996511 -0.023127
vn -0.118156 0.991745 -0.049802
vn -0.118156 0.991745 -0.049802
vn -0.080199 0.996511 -0.023127
vn -0.008529 0.999598 0.027044
vn 0.129524 0.987930 0.084964
vn 0.039533 0.999203 -0.005491
vn 0.039922 0.999190 -0.005101
vn 0.039922 0.999190 -0.005101
vn 0.039533 0.999203 -0.005491
vn -0.056747 0.993221 -0.101453
vn -0.043015 0.995631 0.082876
vn -0.014686 0.997778 0.064982
vn 0.008716 0.998704 0.050151
vn 0.008716 0.998704 0.050151
vn -0.014686 0.997778 0.064982
vn 0.039704 0.998748 0.030448
vn 0.041483 0.998675 0.030446
vn -0.025115 0.996894 0.074645
vn -0.068637 0.992276 0.103330
vn -0.068637 0.992276 0.103330
vn -0.025115 0.996894 0.074645
vn -0.133839 0.980189 0.146002
vn 0.076647 0.996488 0.033713
vn 0.110522 0.990697 0.079402
vn 0.126051 0.986928 0.100424
vn 0.126051 0.986928 0.100424
vn 0.110522 0.990697 0.079402
vn 0.161818 0.975502 0.149033
vn -0.008246 0.999302 0.036427
vn 0.002312 0.999663 0.025839
vn 0.002451 0.999667 0.025699
vn 0.002451 0.999667 0.025699
vn 0.002312 0.999663 0.025839
vn 0.012239 0.999799 0.015877
vn -0.026339 0.995813 -0.087541
vn 0.021806 0.999039 -0.038018
vn 0.023289 0.999063 -0.036488
vn 0.023289 0.999063 -0.036488
vn 0.021806 0.999039 -0.038018
vn 0.074889 0.997048 0.016919
vn 0.005212 0.996109 -0.087979
vn -0.028643 0.997412 -0.065947
vn -0.052370 0.997354 -0.050422
vn -0.052370 0.997354 -0.050422
vn -0.028643 0.997412 -0.065947
vn -0.084569 0.995988 -0.029247
vn 0.047133 0.997285 -0.056578
vn 0.061469 0.997216 -0.042204
vn 0.061319 0.997219 -0.042354
vn 0.061319 0.997219 -0.042354
vn 0.061469 0.997216 -0.042204
vn 0.076851 0.996684 -0.026732
vn 0.028250 0.998008 -0.056417
vn 0.006076 0.999405 -0.033966
vn 0.006426 0.999390 -0.034321
vn 0.006426 0.999390 -0.034321
vn 0.006076 0.999405 -0.033966
vn -0.015501 0.999807 -0.012093
vn -0.028888 0.999505 -0.012431
vn -0.036953 0.999315 -0.001931
vn -0.034656 0.999387 -0.004922
vn -0.034656 0.999387 -0.004922
vn -0.036953 0.999315 -0.001931
vn -0.042519 0.999082 0.005321
vn -0.020990 0.999764 0.005594
vn -0.028536 0.999537 0.010582
vn -0.033655 0.999336 0.013967
vn -0.033655 0.999336 0.013967
vn -0.028536 0.999537 0.010582
vn -0.041587 0.998950 0.019212
vn -0.018268 0.999160 -0.036677
vn 0.039016 0.999237 -0.001687
vn 0.012533 0.999762 -0.017877
vn 0.012533 0.999762 -0.017877
vn 0.039016 0.999237 -0.001687
vn 0.073038 0.997145 0.019149
vn -0.104455 0.985151 -0.136263
vn -0.053652 0.994992 -0.084335
vn -0.052914 0.995095 -0.083579
vn -0.052914 0.995095 -0.083579
vn -0.053652 0.994992 -0.084335
vn -0.007409 0.999290 -0.036931
vn -0.040829 0.997922 -0.049838
vn -0.121551 0.987136 -0.103867
vn -0.089048 0.992635 -0.082138
vn -0.089048 0.992635 -0.082138
vn -0.121551 0.987136 -0.103867
vn -0.170267 0.975916 -0.136369
vn 0.033791 0.999422 -0.003599
vn 0.019329 0.999550 -0.022919
vn 0.012858 0.999419 -0.031555
vn 0.012858 0.999419 -0.031555
vn 0.019329 0.999550 -0.022919
vn -0.001362 0.998723 -0.050511
vn 0.156436 0.987685 -0.002552
vn 0.115003 0.993021 0.026168
vn 0.088946 0.995060 0.044092
vn 0.088946 0.995060 0.044092
vn 0.115003 0.993021 0.026168
vn 0.046524 0.996243 0.073048
vn -0.079223 0.996294 -0.033499
vn -0.027035 0.999432 0.020104
vn -0.026349 0.999436 0.020806
vn -0.026349 0.999436 0.020806
vn -0.027035 0.999432 0.020104
vn 0.024841 0.997014 0.073122
vn 0.113328 0.993078 -0.030854
vn 0.050632 0.998670 0.009764
vn 0.005280 0.999225 0.038997
vn 0.005280 0.999225 0.038997
vn 0.050632 0.998670 0.009764
vn -0.055012 0.995460 0.077670
vn -0.058184 0.995283 0.077632
vn -0.037683 0.997231 0.064114
vn -0.022965 0.998255 0.054394
vn -0.022965 0.998255 0.054394
vn -0.037683 0.997231 0.064114
vn -0.001270 0.999197 0.040045
vn 0.044941 0.988963 0.141183
vn 0.044743 0.988998 0.140997
vn 0.044752 0.988997 0.141005
vn 0.044752 0.988997 0.141005
vn 0.044743 0.988998 0.140997
vn 0.044532 0.989036 0.140798
vn -0.109750 0.983675 0.142614
vn -0.019017 0.998374 0.053746
vn -0.015553 0.998611 0.050341
vn -0.015553 0.998611 0.050341
vn -0.019017 0.998374 0.053746
vn 0.078039 0.996067 -0.041949
vn 0.053159 0.997684 -0.042430
vn -0.006572 0.999045 0.043208
vn 0.016138 0.999813 0.010692
vn 0.016138 0.999813 0.010692
vn -0.006572 0.999045 0.043208
vn -0.043503 0.994433 0.095972
vn -0.032728 0.998578 -0.042080
vn 0.035524 0.998949 0.028955
vn 0.036943 0.998854 0.030433
vn 0.036943 0.998854 0.030433
vn 0.035524 0.998949 0.028955
vn 0.101478 0.990031 0.097673
vn -0.015447 0.999646 0.021646
vn -0.024304 0.999697 0.003962
vn -0.037193 0.999070 -0.021811
vn -0.037193 0.999070 -0.021811
vn -0.024304 0.999697 0.003962
vn -0.047225 0.998005 -0.041901
vn -0.006416 0.998520 -0.054001
vn 0.032350 0.999340 -0.016529
vn 0.030743 0.999364 -0.018085
vn 0.030743 0.999364 -0.018085
vn 0.032350 0.999340 -0.016529
vn 0.069862 0.997359 0.019864
vn -0.056270 0.995086 -0.081475
vn -0.048699 0.996354 -0.070048
vn -0.043763 0.997079 -0.062599
vn -0.043763 0.997079 -0.062599
vn -0.048699 0.996354 -0.070048
vn -0.037475 0.997885 -0.053111
vn 0.038450 0.995921 -0.081628
vn 0.012295 0.998400 -0.055190
vn 0.012804 0.998365 -0.055706
vn 0.012804 0.998365 -0.055706
vn 0.012295 0.998400 -0.055190
vn -0.012269 0.999465 -0.030307
vn -0.130655 0.990865 -0.033392
vn -0.074945 0.993127 -0.089899
vn -0.075423 0.993134 -0.089418
vn -0.075423 0.993134 -0.089418
vn -0.074945 0.993127 -0.089899
vn -0.021298 0.989445 -0.143336
vn 0.162006 0.976200 -0.144178
vn 0.129652 0.988351 -0.079702
vn 0.148846 0.981814 -0.117836
vn 0.148846 0.981814 -0.117836
vn 0.129652 0.988351 -0.079702
vn 0.115201 0.992022 -0.051206
vn 0.011793 0.998390 -0.055486
vn 0.009210 0.998632 -0.051480
vn 0.010274 0.998535 -0.053130
vn 0.010274 0.998535 -0.053130
vn 0.009210 0.998632 -0.051480
vn 0.007807 0.998753 -0.049303
vn 0.074744 0.995383 0.060210
vn 0.048048 0.998654 0.019527
vn 0.029973 0.999519 -0.007947
vn 0.029973 0.999519 -0.007947
vn 0.048048 0.998654 0.019527
vn 0.002615 0.998775 -0.049421
vn -0.085252 0.992556 0.086971
vn -0.096981 0.992455 0.075014
vn -0.097290 0.992449 0.074698
vn -0.097290 0.992449 0.074698
vn -0.096981 0.992455 0.075014
vn -0.108723 0.992074 0.062996
vn 0.077029 0.993301 0.086138
vn 0.083903 0.993585 0.075829
vn 0.081201 0.993491 0.079885
vn 0.081201 0.993491 0.079885
vn 0.083903 0.993585 0.075829
vn 0.087785 0.993677 0.069995
vn -0.015860 0.997578 0.067726
vn 0.004700 0.999317 0.036664
vn -0.003754 0.998770 0.049444
vn -0.003754 0.998770 0.049444
vn 0.004700 0.999317 0.036664
vn 0.016579 0.999688 0.018690
vn -0.042238 0.998939 0.018362
vn -0.124883 0.975100 0.183263
vn -0.078595 0.992779 0.090623
vn -0.078595 0.992779 0.090623
vn -0.124883 0.975100 0.183263
vn -0.158673 0.954796 0.251371
vn -0.042145 0.995272 0.087512
vn 0.046032 0.983919 0.172583
vn 0.043266 0.984503 0.169945
vn 0.043266 0.984503 0.169945
vn 0.046032 0.983919 0.172583
vn 0.134345 0.957345 0.255817
vn 0.074189 0.983752 0.163489
vn 0.030713 0.992076 0.121832
vn 0.031814 0.991910 0.122891
vn 0.031814 0.991910 0.122891
vn 0.030713 0.992076 0.121832
vn -0.006355 0.996271 0.086046
vn -0.011641 0.996285 0.085322
vn 0.005357 0.993713 0.111827
vn 0.018262 0.991097 0.131880
vn 0.018262 0.991097 0.131880
vn 0.005357 0.993713 0.111827
vn 0.038215 0.985924 0.162769
vn -0.173725 0.984304 -0.031073
vn -0.110371 0.993393 0.031448
vn -0.114594 0.993037 0.027315
vn -0.114594 0.993037 0.027315
vn -0.110371 0.993393 0.031448
vn -0.054338 0.994828 0.085824
vn -0.001257 0.999599 -0.028297
vn 0.021563 0.997147 -0.072345
vn 0.008674 0.998835 -0.047476
vn 0.008674 0.998835 -0.047476
vn 0.021563 0.997147 -0.072345
vn 0.031818 0.995240 -0.092114
vn 0.045589 0.998948 0.005036
vn -0.005246 0.999001 -0.044379
vn -0.004467 0.999038 -0.043624
vn -0.004467 0.999038 -0.043624
vn -0.005246 0.999001 -0.044379
vn -0.053645 0.994383 -0.091244
vn 0.025238 0.999265 0.028843
vn 0.019536 0.999603 0.020308
vn 0.015572 0.999775 0.014375
vn 0.015572 0.999775 0.014375
vn 0.019536 0.999603 0.020308
vn 0.009683 0.999938 0.005563
vn -0.056848 0.997923 0.030292
vn 0.021701 0.998530 -0.049664
vn 0.021331 0.998557 -0.049289
vn 0.021331 0.998557 -0.049289
vn 0.021701 0.998530 -0.049664
vn 0.099916 0.986607 -0.128934
vn -0.001805 0.991354 -0.131201
vn -0.073991 0.995591 -0.057649
vn -0.071914 0.995617 -0.059786
vn -0.071914 0.995617 -0.059786
vn -0.073991 0.995591 -0.057649
vn -0.142897 0.989640 0.013902
vn 0.035652 0.990692 -0.131370
vn -0.011509 0.996468 -0.083180
vn -0.010071 0.996359 -0.084656
vn -0.010071 0.996359 -0.084656
vn -0.011509 0.996468 -0.083180
vn -0.059443 0.997661 -0.033753
vn 0.078029 0.996456 -0.031413
vn 0.003823 0.998916 0.046385
vn 0.009117 0.999124 0.040853
vn 0.009117 0.999124 0.040853
vn 0.003823 0.998916 0.046385
vn -0.066194 0.990655 0.119256
vn -0.043389 0.998950 0.014693
vn -0.018500 0.998399 0.053453
vn -0.000309 0.996659 0.081673
vn -0.000309 0.996659 0.081673
vn -0.018500 0.998399 0.053453
vn 0.024251 0.992523 0.119624
vn 0.099714 0.986634 0.128882
vn 0.047356 0.995949 0.076442
vn 0.046906 0.996005 0.075990
vn 0.046906 0.996005 0.075990
vn 0.047356 0.995949 0.076442
vn -0.014255 0.999793 0.014529
vn -0.046202 0.990537 0.129232
vn -0.000208 0.999125 0.041815
vn -0.026683 0.995384 0.092184
vn -0.026683 0.995384 0.092184
vn -0.000208 0.999125 0.041815
vn 0.021088 0.999777 0.001201
vn 0.069711 0.997239 0.025603
vn 0.058007 0.998222 0.013720
vn 0.058262 0.998204 0.013978
vn 0.058262 0.998204 0.013978
vn 0.058007 0.998222 0.013720
vn 0.046065 0.998937 0.001609
vn -0.036258 0.994208 -0.101171
vn -0.006663 0.998433 -0.055563
vn 0.014937 0.999642 -0.022192
vn 0.014937 0.999642 -0.022192
vn -0.006663 0.998433 -0.055563
vn 0.046007 0.998604 0.025938
vn -0.013492 0.989168 -0.146164
vn 0.009990 0.992403 -0.122620
vn 0.009833 0.992386 -0.122778
vn 0.009833 0.992386 -0.122778
vn 0.009990 0.992403 -0.122620
vn 0.030805 0.994346 -0.101626
vn -0.021404 0.989009 -0.146300
vn -0.131462 0.990727 -0.034329
vn -0.127367 0.991105 -0.038570
vn -0.127367 0.991105 -0.038570
vn -0.131462 0.990727 -0.034329
vn -0.234220 0.969354 0.074121
vn 0.111609 0.989937 0.087001
vn 0.159367 0.987180 -0.008856
vn 0.133126 0.990111 0.044254
vn 0.133126 0.990111 0.044254
vn 0.159367 0.987180 -0.008856
vn 0.175556 0.983565 -0.042187
vn 0.008035 0.999014 -0.043654
vn -0.008948 0.999795 -0.018156
vn -0.002180 0.999597 -0.028321
vn -0.002180 0.999597 -0.028321
vn -0.008948 0.999795 -0.018156
vn -0.020291 0.999794 -0.001110
vn 0.000871 0.998247 0.059172
vn -0.013950 0.999252 0.036075
vn -0.023702 0.999502 0.020854
vn -0.023702 0.999502 0.020854
vn -0.013950 0.999252 0.036075
vn -0.037848 0.999283 -0.001257
vn -0.106821 0.990381 -0.087949
vn -0.038281 0.999097 -0.018421
vn -0.036427 0.999199 -0.016544
vn -0.036427 0.999199 -0.016544
vn -0.038281 0.999097 -0.018421
vn 0.038478 0.997504 0.059212
vn 0.085536 0.992068 -0.092115
vn 0.065838 0.995960 -0.061073
vn 0.074321 0.994453 -0.074434
vn 0.074321 0.994453 -0.074434
vn 0.065838 0.995960 -0.061073
vn 0.054519 0.997575 -0.043263
vn 0.015804 0.998903 -0.044089
vn -0.052605 0.996484 0.065207
vn -0.022683 0.999592 0.017363
vn -0.022683 0.999592 0.017363
vn -0.052605 0.996484 0.065207
vn -0.088651 0.988449 0.122925
vn -0.162938 0.979359 0.119614
vn -0.081481 0.995642 -0.045374
vn -0.131063 0.989892 0.054187
vn -0.131063 0.989892 0.054187
vn -0.081481 0.995642 -0.045374
vn -0.043250 0.991781 -0.120417
vn 0.139057 0.982755 -0.121885
vn 0.089309 0.993433 -0.071524
vn 0.090335 0.993265 -0.072561
vn 0.090335 0.993265 -0.072561
vn 0.089309 0.993433 -0.071524
vn 0.042003 0.998836 -0.023724
vn -0.005657 0.999674 -0.024894
vn -0.023265 0.999705 -0.006914
vn -0.022616 0.999716 -0.007576
vn -0.022616 0.999716 -0.007576
vn -0.023265 0.999705 -0.006914
vn -0.040332 0.999131 0.010533
vn 0.038245 0.996200 0.078250
vn 0.022360 0.998315 0.053538
vn 0.010422 0.999335 0.034956
vn 0.010422 0.999335 0.034956
vn 0.022360 0.998315 0.053538
vn -0.005274 0.999931 0.010510
vn -0.055327 0.991333 0.119157
vn -0.075288 0.992167 0.099686
vn -0.074825 0.992156 0.100139
vn -0.074825 0.992156 0.100139
vn -0.075288 0.992167 0.099686
vn -0.097016 0.992195 0.078335
vn 0.032450 0.995767 0.085999
vn 0.037199 0.994737 0.095470
vn 0.043294 0.993249 0.107621
vn 0.043294 0.993249 0.107621
vn 0.037199 0.994737 0.095470
vn 0.047433 0.992131 0.115872
vn -0.054649 0.994910 0.084661
vn 0.006343 0.999697 0.023798
vn 0.005704 0.999685 0.024436
vn 0.005704 0.999685 0.024436
vn 0.006343 0.999697 0.023798
vn 0.064592 0.997314 -0.034539
vn 0.009647 0.999326 -0.035418
vn -0.011195 0.999929 -0.004175
vn -0.002864 0.999857 -0.016667
vn -0.002864 0.999857 -0.016667
vn -0.011195 0.999929 -0.004175
vn -0.024186 0.999590 0.015314
vn 0.097622 0.990622 0.095596
vn 0.058536 0.996817 0.054120
vn 0.056801 0.997016 0.052279
vn 0.056801 0.997016 0.052279
vn 0.058536 0.996817 0.054120
vn 0.020988 0.999678 0.014300
vn -0.140826 0.986053 0.088699
vn -0.053009 0.998594 0.001060
vn -0.052249 0.998634 0.000305
vn -0.052249 0.998634 0.000305
vn -0.053009 0.998594 0.001060
vn 0.044510 0.994450 -0.095331
vn -0.059532 0.998026 -0.019998
vn 0.082121 0.993710 0.076140
vn 0.027849 0.998836 0.039377
vn 0.027849 0.998836 0.039377
vn 0.082121 0.993710 0.076140
vn 0.167497 0.976753 0.133789
vn -0.066096 0.997591 -0.021052
vn -0.065103 0.997671 -0.020372
vn -0.065475 0.997641 -0.020626
vn -0.065475 0.997641 -0.020626
vn -0.065103 0.997671 -0.020372
vn -0.064496 0.997718 -0.019956
vn 0.025558 0.999458 -0.020726
vn -0.030960 0.998915 0.034788
vn -0.031152 0.998902 0.034977
vn -0.031152 0.998902 0.034977
vn -0.030960 0.998915 0.034788
vn -0.084351 0.992613 0.087205
vn -0.011226 0.995963 0.089062
vn 0.020204 0.997465 0.068232
vn 0.044179 0.997656 0.052263
vn 0.044179 0.997656 0.052263
vn 0.020204 0.997465 0.068232
vn 0.084235 0.996121 0.025433
vn 0.022434 0.996054 -0.085871
vn 0.054591 0.997573 -0.043222
vn 0.070701 0.997261 -0.021731
vn 0.070701 0.997261 -0.021731
vn 0.054591 0.997573 -0.043222
vn 0.105433 0.994115 0.024889
vn 0.048071 0.996716 -0.065162
vn 0.028206 0.996514 -0.078512
vn 0.035918 0.996660 -0.073336
vn 0.035918 0.996660 -0.073336
vn 0.028206 0.996514 -0.078512
vn 0.017447 0.996167 -0.085719
vn 0.046451 0.996790 -0.065201
vn -0.001514 0.999844 -0.017592
vn -0.001337 0.999841 -0.017768
vn -0.001337 0.999841 -0.017768
vn -0.001514 0.999844 -0.017592
vn -0.049781 0.998297 0.030405
vn 0.028677 0.998824 -0.039087
vn 0.096130 0.995362 0.003643
vn 0.065745 0.997714 -0.015651
vn 0.065745 0.997714 -0.015651
vn 0.096130 0.995362 0.003643
vn 0.138025 0.989963 0.030368
vn -0.233035 0.956590 -0.175014
vn -0.095309 0.991608 -0.087350
vn -0.152831 0.980435 -0.124054
vn -0.152831 0.980435 -0.124054
vn -0.095309 0.991608 -0.087350
vn -0.017897 0.999127 -0.037757
vn 0.168069 0.970202 -0.174533
vn 0.086819 0.994152 -0.064225
vn 0.111170 0.989039 -0.097176
vn 0.111170 0.989039 -0.097176
vn 0.086819 0.994152 -0.064225
vn 0.022042 0.999493 0.022997
vn -0.020182 0.998455 0.051778
vn -0.034502 0.998702 0.037470
vn -0.034588 0.998702 0.037384
vn -0.034588 0.998702 0.037384
vn -0.034502 0.998702 0.037470
vn -0.049132 0.998532 0.022822
vn -0.035989 0.997960 -0.052732
vn 0.015015 0.999884 -0.002616
vn 0.014435 0.999891 -0.003187
vn 0.014435 0.999891 -0.003187
vn 0.015015 0.999884 -0.002616
vn 0.067675 0.996493 0.049221
vn 0.037510 0.997862 -0.053529
vn 0.072570 0.994419 -0.076586
vn 0.096041 0.991117 -0.091993
vn 0.096041 0.991117 -0.091993
vn 0.072570 0.994419 -0.076586
vn 0.128533 0.985214 -0.113283
vn 0.054473 0.991885 -0.114877
vn 0.008427 0.997577 -0.069058
vn 0.008967 0.997535 -0.069597
vn 0.008967 0.997535 -0.069597
vn 0.008427 0.997577 -0.069058
vn -0.036426 0.999044 -0.024178
vn -0.092195 0.995224 -0.032075
vn -0.088579 0.995663 -0.028445
vn -0.088551 0.995666 -0.028417
vn -0.088551 0.995666 -0.028417
vn -0.088579 0.995663 -0.028445
vn -0.084922 0.996080 -0.024776
vn -0.044445 0.998794 -0.020846
vn -0.048396 0.998490 -0.026002
vn -0.049965 0.998357 -0.028049
vn -0.049965 0.998357 -0.028049
vn -0.048396 0.998490 -0.026002
vn -0.053806 0.998004 -0.033064
vn 0.042001 0.998986 -0.016203
vn 0.037921 0.999103 -0.018856
vn 0.039652 0.999056 -0.017731
vn 0.039652 0.999056 -0.017731
vn 0.037921 0.999103 -0.018856
vn 0.035435 0.999162 -0.020471
vn -0.040645 0.999061 -0.015015
vn 0.002068 0.999029 -0.044007
vn 0.030739 0.997514 -0.063403
vn 0.030739 0.997514 -0.063403
vn 0.002068 0.999029 -0.044007
vn 0.072192 0.993198 -0.091357
vn -0.004952 0.997102 -0.075914
vn -0.012327 0.996433 -0.083486
vn -0.012542 0.996412 -0.083707
vn -0.012542 0.996412 -0.083707
vn -0.012327 0.996433 -0.083486
vn -0.019702 0.995651 -0.091050
vn -0.097121 0.989575 -0.106341
vn -0.067120 0.993932 -0.087144
vn -0.080003 0.992220 -0.095394
vn -0.080003 0.992220 -0.095394
vn -0.067120 0.993932 -0.087144
vn -0.049633 0.995877 -0.075929
vn 0.050008 0.993044 -0.106601
vn 0.010229 0.998489 -0.053993
vn 0.021914 0.997344 -0.069465
vn 0.021914 0.997344 -0.069465
vn 0.010229 0.998489 -0.053993
vn -0.016507 0.999692 -0.018535
vn 0.065797 0.997267 0.033607
vn 0.014478 0.999895 0.000479
vn 0.035939 0.999251 0.014328
vn 0.035939 0.999251 0.014328
vn 0.014478 0.999895 0.000479
vn -0.014997 0.999716 -0.018534
vn -0.024711 0.996982 -0.073591
vn 0.029418 0.999405 -0.018022
vn 0.030619 0.999390 -0.016785
vn 0.030619 0.999390 -0.016785
vn 0.029418 0.999405 -0.018022
vn 0.079237 0.996297 0.033381
vn 0.022007 0.999508 -0.022332
vn -0.020595 0.998424 -0.052208
vn -0.004420 0.999154 -0.040877
vn -0.004420 0.999154 -0.040877
vn -0.020595 0.998424 -0.052208
vn -0.051614 0.995929 -0.073895
vn 0.045089 0.997603 0.052495
vn -0.027617 0.999602 0.005694
vn 0.001883 0.999693 0.024705
vn 0.001883 0.999693 0.024705
vn -0.027617 0.999602 0.005694
vn -0.067802 0.997493 -0.020248
vn 0.168377 0.983683 -0.063377
vn 0.093963 0.995470 -0.014511
vn 0.039609 0.998996 0.020943
vn 0.039609 0.998996 0.020943
vn 0.093963 0.995470 -0.014511
vn -0.036899 0.996828 0.070517
vn -0.064378 0.993715 -0.091581
vn 0.091782 0.995738 0.009104
vn 0.026105 0.999099 -0.033454
vn 0.026105 0.999099 -0.033454
vn 0.091782 0.995738 0.009104
vn 0.185371 0.980151 0.070291
vn -0.084217 0.982972 -0.163323
vn -0.046632 0.990720 -0.127672
vn -0.047827 0.990516 -0.128808
vn -0.047827 0.990516 -0.128808
vn -0.046632 0.990720 -0.127672
vn -0.010207 0.995623 -0.092904
vn 0.088823 0.989404 -0.114849
vn 0.036816 0.988306 -0.147976
vn 0.060041 0.989260 -0.133263
vn 0.060041 0.989260 -0.133263
vn 0.036816 0.988306 -0.147976
vn 0.010029 0.986279 -0.164785
vn 0.102897 0.988102 -0.114309
vn 0.010542 0.999944 0.001013
vn 0.035057 0.998948 -0.029568
vn 0.035057 0.998948 -0.029568
vn 0.010542 0.999944 0.001013
vn -0.060556 0.994137 0.089581
vn 0.015833 0.996981 0.076013
vn 0.031296 0.995801 0.086033
vn 0.024399 0.996369 0.081566
vn 0.024399 0.996369 0.081566
vn 0.031296 0.995801 0.086033
vn 0.041356 0.994850 0.092540
vn -0.050290 0.998241 -0.031394
vn 0.006524 0.999692 0.023947
vn 0.005511 0.999721 0.022961
vn 0.005511 0.999721 0.022961
vn 0.006524 0.999692 0.023947
vn 0.059025 0.995436 0.074988
vn 0.137895 0.989983 -0.030324
vn 0.099184 0.995051 -0.006017
vn 0.070787 0.997422 0.011738
vn 0.070787 0.997422 0.011738
vn 0.099184 0.995051 -0.006017
vn 0.034640 0.998813 0.034248
vn -0.019324 0.999290 0.032342
vn -0.040022 0.998169 0.045359
vn -0.055461 0.996942 0.055061
vn -0.055461 0.996942 0.055061
vn -0.040022 0.998169 0.045359
vn -0.077531 0.994605 0.068920
vn 0.022973 0.997340 0.069170
vn 0.046590 0.998163 0.038737
vn 0.040114 0.998085 0.047097
vn 0.040114 0.998085 0.047097
vn 0.046590 0.998163 0.038737
vn 0.064265 0.997807 0.015865
vn -0.048989 0.998693 0.014567
vn -0.052197 0.998482 0.017593
vn -0.052306 0.998474 0.017696
vn -0.052306 0.998474 0.017696
vn -0.052197 0.998482 0.017593
vn -0.055300 0.998259 0.020521
vn 0.067459 0.997416 0.024694
vn 0.066705 0.997449 0.025414
vn 0.066685 0.997450 0.025432
vn 0.066685 0.997450 0.025432
vn 0.066705 0.997449 0.025414
vn 0.065916 0.997482 0.026166
vn 0.128364 0.991328 0.028120
vn 0.028034 0.995321 0.092465
vn -0.041117 0.989868 0.135904
vn -0.041117 0.989868 0.135904
vn 0.028034 0.995321 0.092465
vn -0.138932 0.970696 0.196080
vn -0.033471 0.979180 0.200218
vn 0.010187 0.987403 0.157896
vn 0.010894 0.987506 0.157206
vn 0.010894 0.987506 0.157206
vn 0.010187 0.987403 0.157896
vn 0.059081 0.992202 0.109748
vn -0.086449 0.993099 0.079251
vn -0.069699 0.992998 0.095380
vn -0.070328 0.993011 0.094775
vn -0.070328 0.993011 0.094775
vn -0.069699 0.992998 0.095380
vn -0.052956 0.992362 0.111413
vn -0.053891 0.998542 -0.003001
vn -0.026861 0.999148 0.031338
vn -0.016890 0.998890 0.043974
vn -0.016890 0.998890 0.043974
vn -0.026861 0.999148 0.031338
vn 0.009729 0.996935 0.077626
vn 0.035400 0.999366 -0.003690
vn 0.081509 0.996130 -0.032883
vn 0.115004 0.991889 -0.054124
vn 0.115004 0.991889 -0.054124
vn 0.081509 0.996130 -0.032883
vn 0.156164 0.984464 -0.080269
vn 0.072302 0.993985 -0.082255
vn 0.009461 0.999051 -0.042509
vn -0.033596 0.999321 -0.015160
vn -0.033596 0.999321 -0.015160
vn 0.009461 0.999051 -0.042509
vn -0.092899 0.995418 0.022665
vn -0.021150 0.999453 0.025431
vn -0.026638 0.999176 0.030624
vn -0.026876 0.999163 0.030849
vn -0.026876 0.999163 0.030849
vn -0.026638 0.999176 0.030624
vn -0.032640 0.998808 0.036303
vn -0.049535 0.998111 0.036336
vn -0.078960 0.995389 0.054460
vn -0.103989 0.992121 0.069871
vn -0.103989 0.992121 0.069871
vn -0.078960 0.995389 0.054460
vn -0.132873 0.987250 0.087650
vn -0.014790 0.996037 0.087697
vn 0.010684 0.998462 0.054405
vn 0.003359 0.997945 0.063990
vn 0.003359 0.997945 0.063990
vn 0.010684 0.998462 0.054405
vn 0.028993 0.999117 0.030402
vn -0.016121 0.999430 0.029679
vn -0.028290 0.998909 0.037149
vn -0.037828 0.998359 0.043001
vn -0.037828 0.998359 0.043001
vn -0.028290 0.998909 0.037149
vn -0.049811 0.997489 0.050350
vn 0.076627 0.990674 0.112664
vn 0.044995 0.995584 0.082386
vn 0.047033 0.995327 0.084339
vn 0.047033 0.995327 0.084339
vn 0.044995 0.995584 0.082386
vn 0.012237 0.998626 0.050950
vn -0.049326 0.997018 0.059356
vn 0.007734 0.995495 0.094501
vn -0.017057 0.996706 0.079281
vn -0.017057 0.996706 0.079281
vn 0.007734 0.995495 0.094501
vn 0.038802 0.992784 0.113468
vn -0.067657 0.994682 -0.077653
vn 0.069599 0.997534 0.009054
vn 0.011245 0.999547 -0.027922
vn 0.011245 0.999547 -0.027922
vn 0.069599 0.997534 0.009054
vn 0.143530 0.988052 0.056143
vn 0.000000 -1.000000 0.000000
vn 0.000000 -1.000000 0.000000
vn 0.000000 -1.000000 0.000000
vn 0.000000 -1.000000 0.000000
vn 0.000000 -1.000000 0.000000
vn 0.000000 -1.000000 0.000000
vn 0.000000 -1.000000 0.000000
vn 0.000000 -1.000000 0.000000
vn 0.000000 -1.000000 0.000000
vn 0.000000 -1.000000 0.000000
vn 0.000000 -1.000000 0.000000
vn 0.000000 -1.000000 0.000000
vn 0.000000 -1.000000 0.000000
vn 0.000000 -1.000000 0.000000
vn 0.000000 -1.000000 0.000000
vn 0.000000 -1.000000 0.000000
vn 0.000000 -1.000000 0.000000
vn 0.000000 -1.000000 0.000000
vn 0.000000 -1.000000 0.000000
vn 0.000000 -1.000000 0.000000
vn 0.000000 -1.000000 0.000000
vn 0.000000 -1.000000 0.000001
vn 0.000000 -1.000000 0.000001
vn 0.000000 -1.000000 0.000001
vn 0.000000 -1.000000 0.000000
vn 0.000000 -1.000000 0.000001
vn 0.000000 -1.000000 0.000000
vn 0.000000 -1.000000 0.000000
vn 0.000000 -1.000000 0.000000
vn 0.000000 -1.000000 0.000000
vn 0.000000 -1.000000 0.000000
vn 0.000000 -1.000000 0.000000
vn 0.000000 -1.000000 0.000000
vn 0.000000 -1.000000 0.000000
vn 0.000000 -1.000000 0.000000
vn 0.000000 -1.000000 0.000000
vn 0.000000 -1.000000 0.000000
vn 0.000000 -1.000000 0.000000
vn 0.000000 -1.000000 0.000000
vn 0.000000 -1.000000 0.000001
vn 0.000000 -1.000000 0.000002
vn 0.000000 -1.000000 0.000002
vn 0.000000 -1.000000 0.000001
vn 0.000000 -1.000000 0.000001
vn 0.000000 -1.000000 0.000002
vn 0.000000 -1.000000 0.000000
vn 0.000000 -1.000000 0.000000
vn 0.000000 -1.000000 0.000000
vn 0.000000 -1.000000 0.000001
vn 0.000000 -1.000000 0.000000
vn 0.000000 -1.000000 0.000001
vn 0.000000 -1.000000 0.000000
vn 0.000000 -1.000000 0.000000
vn 0.000000 -1.000000 0.000000
vn 0.000000 -1.000000 0.000000
vn 0.000000 -1.000000 0.000000
vn 0.000000 -1.000000 0.000000
vn 0.000000 -1.000000 0.000001
vn 0.000000 -1.000000 0.000001
vn 0.000000 -1.000000 0.000001
vn 0.000000 -1.000000 0.000000
vn 0.000000 -1.000000 0.000000
vn 0.000000 -1.000000 0.000000
vn 0.000000 -1.000000 0.000000
vn 0.000000 -1.000000 0.000000
vn 0.000000 -1.000000 0.000000
vn 0.000000 -1.000000 0.000000
vn 0.000000 -1.000000 0.000000
vn 0.000000 -1.000000 0.000000
vn 0.000000 -1.000000 0.000000
vn 0.000000 -1.000000 0.000000
vn 0.000000 -1.000000 0.000000
vn 0.000000 -1.000000 0.000000
vn 0.000000 -1.000000 0.000000
vn 0.000000 -1.000000 0.000000
vn 0.000000 -1.000000 0.000001
vn 0.000000 -1.000000 0.000000
vn 0.000000 -1.000000 0.000001
vn 0.000000 -1.000000 0.000001
vn 0.000000 -1.000000 0.000001
vn 0.000000 -1.000000 0.000001
vn 0.000000 -1.000000 0.000000
vn 0.000000 -1.000000 0.000000
vn 0.000000 -1.000000 0.000000
vn 0.000000 -1.000000 0.000000
vn 0.000000 -1.000000 0.000000
vn 0.000000 -1.000000 0.000000
vn 0.000000 -1.000000 0.000001
vn 0.000000 -1.000000 0.000001
vn 0.000000 -1.000000 0.000001
vn 0.000000 -1.000000 0.000001
vn 0.000000 -1.000000 0.000001
vn 0.000000 -1.000000 0.000001
vn 0.000000 -1.000000 0.000001
vn 0.000000 -1.000000 0.000001
vn 0.000000 -1.000000 0.000001
vn 0.000000 -1.000000 0.000000
vn 0.000000 -1.000000 0.000000
vn 0.000000 -1.000000 0.000000
vn 0.000000 -1.000000 0.000000
vn 0.000000 -1.000000 0.000000
vn 0.000000 -1.000000 0.000000
vn 0.000000 -1.000000 0.000000
vn 0.000000 -1.000000 0.000000
vn 0.000000 -1.000000 0.000000
vn 0.000000 -1.000000 0.000000
vn 0.000000 -1.000000 0.000000
vn 0.000000 -1.000000 0.000000
vn 0.000000 -1.000000 0.000000
vn 0.000000 -1.000000 -0.000001
vn 0.000000 -1.000000 0.000000
vn 0.000000 -1.000000 0.000000
vn 0.000000 -1.000000 -0.000001
vn 0.000000 -1.000000 -0.000001
vn 0.000000 -1.000000 0.000001
vn 0.000000 -1.000000 0.000000
vn 0.000000 -1.000000 0.000000
vn 0.000000 -1.000000 0.000000
vn 0.000000 -1.000000 0.000000
vn 0.000000 -1.000000 0.000000
vn 0.000000 -1.000000 0.000000
vn 0.000000 -1.000000 0.000000
vn 0.000000 -1.000000 0.000000
vn 0.000000 -1.000000 0.000000
vn 0.000000 -1.000000 0.000000
vn 0.000000 -1.000000 0.000000
vn 0.000000 -1.000000 0.000000
vn 0.000000 -1.000000 0.000000
vn 0.000000 -1.000000 0.000000
vn 0.000000 -1.000000 0.000000
vn 0.000000 -1.000000 0.000000
vn 0.000000 -1.000000 0.000000
vn 0.000000 -1.000000 0.000000
vn 0.000000 -1.000000 0.000000
vn 0.000000 -1.000000 0.000000
vn 0.000000 -1.000000 0.000000
vn 0.000000 -1.000000 0.000000
vn 0.000000 -1.000000 0.000000
vn 0.000000 -1.000000 0.000000
vn 0.000000 -1.000000 0.000000
vn 0.000000 -1.000000 -0.000001
vn 0.000000 -1.000000 0.000000
vn 0.000000 -1.000000 0.000000
vn 0.000000 -1.000000 0.000000
vn 0.000000 -1.000000 0.000000
vn 0.000000 -1.000000 0.000000
vn 0.000000 -1.000000 0.000000
vn 0.000000 -1.000000 0.000000
vn 0.000000 -1.000000 0.000000
vn 0.000000 -1.000000 0.000000
vn 0.000000 -1.000000 0.000000
vn 0.000000 -1.000000 0.000000
vn 0.000000 -1.000000 0.000000
vn 0.000000 -1.000000 0.000000
vn 0.000000 -1.000000 0.000000
vn 0.000000 -1.000000 0.000000
vn 0.000000 -1.000000 0.000000
vn 0.000000 -1.000000 0.000000
vn 0.000000 -1.000000 0.000000
vn 0.000000 -1.000000 0.000000
vn 0.000000 -1.000000 0.000000
vn 0.000000 -1.000000 0.000000
vn 0.000000 -1.000000 0.000001
vn 0.000000 -1.000000 0.000000
vn 0.000000 -1.000000 0.000000
vn 0.000000 -1.000000 0.000000
vn 0.000000 -1.000000 0.000000
vn 0.000000 -1.000000 0.000000
vn 0.000000 -1.000000 0.000000
vn 0.000000 -1.000000 0.000000
vn 0.000000 -1.000000 0.000000
vn 0.000000 -1.000000 0.000000
vn 0.000000 -1.000000 0.000000
vn 0.000000 -1.000000 0.000000
vn 0.000000 -1.000000 0.000000
vn 0.000000 -1.000000 0.000000
vn 0.000000 -1.000000 0.000000
vn 0.000000 -1.000000 0.000000
vn 0.000000 -1.000000 0.000000
vn 0.000000 -1.000000 0.000000
vn 0.000000 -1.000000 0.000000
vn 0.000000 -1.000000 0.000000
vn 0.000000 -1.000000 0.000000
vn 0.000000 -1.000000 0.000000
vn 0.000000 -1.000000 0.000000
vn 0.000000 -1.000000 0.000000
vn 0.000000 -1.000000 0.000000
vn 0.000000 -1.000000 0.000000
vn 0.000000 -1.000000 0.000000
vn 0.000001 0.000000 1.000000
vn 0.000000 0.000000 1.000000
vn 0.000001 0.000000 1.000000
vn 0.000001 0.000000 1.000000
vn 0.000000 0.000000 1.000000
vn 0.000000 0.000000 1.000000
vn 0.000000 0.000000 1.000000
vn 0.000000 0.000000 1.000000
vn 0.000000 0.000000 1.000000
vn 0.000000 0.000000 1.000000
vn 0.000000 0.000000 1.000000
vn 0.000000 0.000000 1.000000
vn 0.000000 0.000000 1.000000
vn 0.000000 0.000000 1.000000
vn 0.000000 0.000000 1.000000
vn 0.000000 0.000000 1.000000
vn 0.000000 0.000000 1.000000
vn 0.000000 0.000000 1.000000
vn 0.000000 0.000000 1.000000
vn -0.000002 0.000000 1.000000
vn 0.000000 0.000000 1.000000
vn 0.000000 0.000000 1.000000
vn -0.000002 0.000000 1.000000
vn -0.000002 0.000000 1.000000
vn 0.000001 0.000000 1.000000
vn 0.000001 0.000000 1.000000
vn 0.000001 0.000000 1.000000
vn 0.000000 0.000000 1.000000
vn 0.000000 0.000000 1.000000
vn -0.000002 0.000000 1.000000
vn 0.000000 0.000000 1.000000
vn 0.000000 0.000000 1.000000
vn 0.000000 0.000000 1.000000
vn 0.000001 0.000000 1.000000
vn -0.000002 0.000000 1.000000
vn 0.000000 0.000000 1.000000
vn 0.000000 0.000000 1.000000
vn 0.000000 0.000000 1.000000
vn 0.000001 0.000000 1.000000
vn 0.000000 0.000000 1.000000
vn 0.000000 0.000000 1.000000
vn 0.000000 0.000000 1.000000
vn 0.000000 0.000000 1.000000
vn 0.000000 0.000000 1.000000
vn 0.000000 0.000000 1.000000
vn 0.000000 0.000000 1.000000
vn 0.000000 0.000000 1.000000
vn 0.000000 0.000000 1.000000
vn 0.000000 0.000000 1.000000
vn 0.000000 0.000000 1.000000
vn 0.000000 0.000000 1.000000
vn -0.000001 0.000000 1.000000
vn 0.000003 0.000000 1.000000
vn -0.000001 0.000000 1.000000
vn 0.000001 0.000000 1.000000
vn 0.000001 0.000000 1.000000
vn -0.000001 0.000000 1.000000
vn 0.000000 0.000000 1.000000
vn 0.000000 0.000000 1.000000
vn 0.000000 0.000000 1.000000
vn 0.000000 0.000000 1.000000
vn 0.000000 0.000000 1.000000
vn 0.000000 0.000000 1.000000
vn 0.000001 0.000000 1.000000
vn -0.000004 0.000000 1.000000
vn 0.000001 0.000000 1.000000
vn 0.000002 0.000000 1.000000
vn 0.000001 0.000000 1.000000
vn 0.000002 0.000000 1.000000
vn 0.000000 0.000000 1.000000
vn 0.000000 0.000000 1.000000
vn -0.000002 0.000000 1.000000
vn 0.000000 0.000000 1.000000
vn 0.000000 0.000000 1.000000
vn 0.000000 0.000000 1.000000
vn 0.000000 0.000000 1.000000
vn 0.000000 0.000000 1.000000
vn 0.000000 0.000000 1.000000
vn 0.000000 0.000000 1.000000
vn 0.000000 0.000000 1.000000
vn 0.000000 0.000000 1.000000
vn 0.000000 0.000000 1.000000
vn 0.000000 0.000000 1.000000
vn 0.000000 0.000000 1.000000
vn 0.000000 0.000000 1.000000
vn 0.000000 0.000000 1.000000
vn 0.000000 0.000000 1.000000
vn 0.000000 0.000000 1.000000
vn 0.000000 0.000000 1.000000
vn 0.000000 0.000000 1.000000
vn -1.000000 0.000000 0.000000
vn -1.000000 0.000000 0.000000
vn -1.000000 0.000000 0.000000
vn -1.000000 0.000000 0.000000
vn -1.000000 0.000000 0.000000
vn -1.000000 0.000000 0.000000
vn -1.000000 0.000000 0.000000
vn -1.000000 0.000000 0.000000
vn -1.000000 0.000000 0.000000
vn -1.000000 0.000000 0.000000
vn -1.000000 0.000000 0.000000
vn -1.000000 0.000000 0.000000
vn -1.000000 0.000000 0.000000
vn -1.000000 0.000000 0.000000
vn -1.000000 0.000000 0.000000
vn -1.000000 0.000000 0.000000
vn -1.000000 0.000000 0.000000
vn -1.000000 0.000000 0.000000
vn -1.000000 0.000000 0.000001
vn -1.000000 0.000000 0.000001
vn -1.000000 0.000000 0.000001
vn -1.000000 0.000000 -0.000001
vn -1.000000 0.000000 -0.000001
vn -1.000000 0.000000 -0.000001
vn -1.000000 0.000000 0.000000
vn -1.000000 0.000000 0.000000
vn -1.000000 0.000000 0.000000
vn -1.000000 0.000000 -0.000000
vn -1.000000 0.000000 -0.000000
vn -1.000000 0.000000 -0.000000
vn -1.000000 0.000000 -0.000000
vn -1.000000 0.000000 -0.000000
vn -1.000000 0.000000 -0.000000
vn -1.000000 0.000000 0.000001
vn -1.000000 0.000000 0.000001
vn -1.000000 0.000000 0.000001
vn -1.000000 0.000000 0.000000
vn -1.000000 0.000000 0.000000
vn -1.000000 0.000000 0.000000
vn -1.000000 0.000000 -0.000000
vn -1.000000 0.000000 -0.000000
vn -1.000000 0.000000 -0.000000
vn -1.000000 0.000000 0.000001
vn -1.000000 0.000000 0.000001
vn -1.000000 0.000000 0.000001
vn -1.000000 0.000000 0.000000
vn -1.000000 0.000000 0.000000
vn -1.000000 0.000000 0.000000
vn -1.000000 0.000000 0.000000
vn -1.000000 0.000000 0.000000
vn -1.000000 0.000000 0.000000
vn -1.000000 0.000000 -0.000001
vn -1.000000 0.000000 -0.000001
vn -1.000000 0.000000 -0.000001
vn -1.000000 0.000000 0.000000
vn -1.000000 0.000000 0.000000
vn -1.000000 0.000000 0.000000
vn -1.000000 0.000000 0.000001
vn -1.000000 0.000000 0.000001
vn -1.000000 0.000000 0.000001
vn -1.000000 0.000000 0.000000
vn -1.000000 0.000000 0.000000
vn -1.000000 0.000000 0.000000
vn -1.000000 0.000000 0.000000
vn -1.000000 0.000000 0.000000
vn -1.000000 0.000000 0.000000
vn -1.000000 0.000000 0.000000
vn -1.000000 0.000000 0.000000
vn -1.000000 0.000000 0.000000
vn -1.000000 0.000000 0.000000
vn -1.000000 0.000000 0.000000
vn -1.000000 0.000000 0.000000
vn -1.000000 0.000000 0.000000
vn -1.000000 0.000000 0.000000
vn -1.000000 0.000000 0.000000
vn -1.000000 0.000000 0.000000
vn -1.000000 0.000000 0.000000
vn -1.000000 0.000000 0.000000
vn -1.000000 0.000000 0.000000
vn -1.000000 0.000000 0.000000
vn -1.000000 0.000000 0.000000
vn -1.000000 0.000000 0.000000
vn -1.000000 0.000000 0.000000
vn -1.000000 0.000000 0.000000
vn -1.000000 0.000000 -0.000001
vn -1.000000 0.000000 -0.000001
vn -1.000000 0.000000 -0.000001
vn -1.000000 0.000000 -0.000001
vn -1.000000 0.000000 -0.000001
vn -1.000000 0.000000 -0.000001
vn -1.000000 0.000000 0.000000
vn -1.000000 0.000000 0.000000
vn -1.000000 0.000000 0.000000
vn -1.000000 0.000000 0.000000
vn -1.000000 0.000000 0.000000
vn -1.000000 0.000000 0.000000
vn -1.000000 0.000000 0.000000
vn -1.000000 0.000000 0.000000
vn -1.000000 0.000000 0.000000
vn -1.000000 0.000000 0.000001
vn -1.000000 0.000000 0.000001
vn -1.000000 0.000000 0.000001
vn -1.000000 0.000000 -0.000000
vn -1.000000 0.000000 -0.000000
vn -1.000000 0.000000 -0.000000
vn -1.000000 0.000000 0.000000
vn -1.000000 0.000000 0.000000
vn -1.000000 0.000000 0.000000
vn -1.000000 0.000000 -0.000000
vn -1.000000 0.000000 -0.000000
vn -1.000000 0.000000 -0.000000
vn -1.000000 0.000000 -0.000000
vn -1.000000 0.000000 -0.000000
vn -1.000000 0.000000 -0.000000
vn -1.000000 0.000000 0.000000
vn -1.000000 0.000000 0.000000
vn -1.000000 0.000000 0.000000
vn -1.000000 0.000000 -0.000001
vn -1.000000 0.000000 -0.000001
vn -1.000000 0.000000 -0.000001
vn -1.000000 0.000000 0.000001
vn -1.000000 0.000000 0.000001
vn -1.000000 0.000000 0.000001
vn -1.000000 0.000000 -0.000000
vn -1.000000 0.000000 -0.000000
vn -1.000000 0.000000 -0.000000
vn -1.000000 0.000000 0.000001
vn -1.000000 0.000000 0.000001
vn -1.000000 0.000000 0.000001
vn -1.000000 0.000000 0.000000
vn -1.000000 0.000000 0.000000
vn -1.000000 0.000000 0.000000
vn -1.000000 0.000000 -0.000000
vn -1.000000 0.000000 -0.000000
vn -1.000000 0.000000 -0.000000
vn -1.000000 0.000000 0.000000
vn -1.000000 0.000000 0.000000
vn -1.000000 0.000000 0.000000
vn -1.000000 0.000000 0.000000
vn -1.000000 0.000000 0.000000
vn -1.000000 0.000000 0.000000
vn -1.000000 0.000000 -0.000001
vn -1.000000 0.000000 -0.000001
vn -1.000000 0.000000 -0.000001
vn -1.000000 0.000000 0.000000
vn -1.000000 0.000000 0.000000
vn -1.000000 0.000000 0.000000
vn -1.000000 0.000000 0.000000
vn -1.000000 0.000000 0.000000
vn -1.000000 0.000000 0.000000
vn -1.000000 0.000000 0.000000
vn -1.000000 0.000000 0.000000
vn -1.000000 0.000000 0.000000
vn -1.000000 0.000000 0.000001
vn -1.000000 0.000000 0.000001
vn -1.000000 0.000000 0.000001
vn -1.000000 0.000000 0.000000
vn -1.000000 0.000000 0.000000
vn -1.000000 0.000000 0.000000
vn -1.000000 0.000000 0.000000
vn -1.000000 0.000000 0.000000
vn -1.000000 0.000000 0.000000
vn -1.000000 0.000000 0.000000
vn -1.000000 0.000000 0.000000
vn -1.000000 0.000000 0.000000
vn 1.000000 0.000000 0.000000
vn 1.000000 0.000000 0.000000
vn 1.000000 0.000000 0.000000
vn 1.000000 0.000000 0.000000
vn 1.000000 0.000000 0.000000
vn 1.000000 0.000000 0.000000
vn 1.000000 0.000000 0.000002
vn 1.000000 0.000000 0.000002
vn 1.000000 0.000000 0.000002
vn 1.000000 0.000000 0.000000
vn 1.000000 0.000000 0.000000
vn 1.000000 0.000000 0.000000
vn 1.000000 0.000000 -0.000003
vn 1.000000 0.000000 -0.000003
vn 1.000000 0.000000 -0.000003
vn 1.000000 0.000000 0.000000
vn 1.000000 0.000000 0.000000
vn 1.000000 0.000000 0.000000
vn 1.000000 0.000000 0.000002
vn 1.000000 0.000000 0.000002
vn 1.000000 0.000000 0.000002
vn 1.000000 0.000000 -0.000003
vn 1.000000 0.000000 -0.000003
vn 1.000000 0.000000 -0.000003
vn 1.000000 0.000000 0.000000
vn 1.000000 0.000000 0.000000
vn 1.000000 0.000000 0.000000
vn 1.000000 0.000000 0.000000
vn 1.000000 0.000000 0.000000
vn 1.000000 0.000000 0.000000
vn 1.000000 0.000000 0.000000
vn 1.000000 0.000000 0.000000
vn 1.000000 0.000000 0.000000
vn 1.000000 0.000000 0.000000
vn 1.000000 0.000000 0.000000
vn 1.000000 0.000000 0.000000
vn 1.000000 0.000000 0.000003
vn 1.000000 0.000000 0.000003
vn 1.000000 0.000000 0.000003
vn 1.000000 0.000000 -0.000002
vn 1.000000 0.000000 -0.000002
vn 1.000000 0.000000 -0.000002
vn 1.000000 0.000000 0.000000
vn 1.000000 0.000000 0.000000
vn 1.000000 0.000000 0.000000
vn 1.000000 0.000000 0.000000
vn 1.000000 0.000000 0.000000
vn 1.000000 0.000000 0.000000
vn 1.000000 0.000000 0.000003
vn 1.000000 0.000000 0.000003
vn 1.000000 0.000000 0.000003
vn 1.000000 0.000000 -0.000002
vn 1.000000 0.000000 -0.000002
vn 1.000000 0.000000 -0.000002
vn 1.000000 0.000000 -0.000002
vn 1.000000 0.000000 -0.000002
vn 1.000000 0.000000 -0.000002
vn 1.000000 0.000000 0.000002
vn 1.000000 0.000000 0.000002
vn 1.000000 0.000000 0.000002
vn 1.000000 0.000000 -0.000001
vn 1.000000 0.000000 -0.000001
vn 1.000000 0.000000 -0.000001
vn 1.000000 0.000000 0.000003
vn 1.000000 0.000000 0.000003
vn 1.000000 0.000000 0.000003
vn 1.000000 0.000000 0.000000
vn 1.000000 0.000000 0.000000
vn 1.000000 0.000000 0.000000
vn 1.000000 0.000000 0.000000
vn 1.000000 0.000000 0.000000
vn 1.000000 0.000000 0.000000
vn 1.000000 0.000000 0.000000
vn 1.000000 0.000000 0.000000
vn 1.000000 0.000000 0.000000
vn 1.000000 0.000000 0.000000
vn 1.000000 0.000000 0.000000
vn 1.000000 0.000000 0.000000
vn 1.000000 0.000000 0.000000
vn 1.000000 0.000000 0.000000
vn 1.000000 0.000000 0.000000
vn 1.000000 0.000000 0.000000
vn 1.000000 0.000000 0.000000
vn 1.000000 0.000000 0.000000
vn 1.000000 0.000000 -0.000001
vn 1.000000 0.000000 -0.000001
vn 1.000000 0.000000 -0.000001
vn 1.000000 0.000000 0.000000
vn 1.000000 0.000000 0.000000
vn 1.000000 0.000000 0.000000
vn 1.000000 0.000000 0.000000
vn 1.000000 0.000000 0.000000
vn 1.000000 0.000000 0.000000
vn 1.000000 0.000000 0.000000
vn 1.000000 0.000000 0.000000
vn 1.000000 0.000000 0.000000
vn 1.000000 0.000000 0.000000
vn 1.000000 0.000000 0.000000
vn 1.000000 0.000000 0.000000
vn 1.000000 0.000000 0.000000
vn 1.000000 0.000000 0.000000
vn 1.000000 0.000000 0.000000
vn 1.000000 0.000000 0.000000
vn 1.000000 0.000000 0.000000
vn 1.000000 0.000000 0.000000
vn 1.000000 0.000000 0.000003
vn 1.000000 0.000000 0.000003
vn 1.000000 0.000000 0.000003
vn 1.000000 0.000000 -0.000003
vn 1.000000 0.000000 -0.000003
vn 1.000000 0.000000 -0.000003
vn 1.000000 0.000000 0.000000
vn 1.000000 0.000000 0.000000
vn 1.000000 0.000000 0.000000
vn 1.000000 0.000000 0.000002
vn 1.000000 0.000000 0.000002
vn 1.000000 0.000000 0.000002
vn 1.000000 0.000000 0.000000
vn 1.000000 0.000000 0.000000
vn 1.000000 0.000000 0.000000
vn 1.000000 0.000000 -0.000003
vn 1.000000 0.000000 -0.000003
vn 1.000000 0.000000 -0.000003
vn 1.000000 0.000000 0.000002
vn 1.000000 0.000000 0.000002
vn 1.000000 0.000000 0.000002
vn 1.000000 0.000000 -0.000002
vn 1.000000 0.000000 -0.000002
vn 1.000000 0.000000 -0.000002
vn 1.000000 0.000000 0.000000
vn 1.000000 0.000000 0.000000
vn 1.000000 0.000000 0.000000
vn 1.000000 0.000000 0.000002
vn 1.000000 0.000000 0.000002
vn 1.000000 0.000000 0.000002
vn 1.000000 0.000000 0.000002
vn 1.000000 0.000000 0.000002
vn 1.000000 0.000000 0.000002
vn 1.000000 0.000000 -0.000002
vn 1.000000 0.000000 -0.000002
vn 1.000000 0.000000 -0.000002
vn 1.000000 0.000000 0.000003
vn 1.000000 0.000000 0.000003
vn 1.000000 0.000000 0.000003
vn 1.000000 0.000000 0.000000
vn 1.000000 0.000000 0.000000
vn 1.000000 0.000000 0.000000
vn 1.000000 0.000000 -0.000002
vn 1.000000 0.000000 -0.000002
vn 1.000000 0.000000 -0.000002
vn 1.000000 0.000000 0.000000
vn 1.000000 0.000000 0.000000
vn 1.000000 0.000000 0.000000
vn 1.000000 0.000000 0.000000
vn 1.000000 0.000000 0.000000
vn 1.000000 0.000000 0.000000
vn 1.000000 0.000000 0.000000
vn 1.000000 0.000000 0.000000
vn 1.000000 0.000000 0.000000
vn 1.000000 0.000000 0.000000
vn 1.000000 0.000000 0.000000
vn 1.000000 0.000000 0.000000
vn 1.000000 0.000000 0.000000
vn 1.000000 0.000000 0.000000
vn 1.000000 0.000000 0.000000
vn 0.000005 0.000000 -1.000000
vn 0.000000 0.000000 -1.000000
vn 0.000004 0.000000 -1.000000
vn 0.000000 0.000000 -1.000000
vn 0.000000 0.000000 -1.000000
vn 0.000000 0.000000 -1.000000
vn -0.000001 0.000000 -1.000000
vn -0.000000 0.000000 -1.000000
vn -0.000001 0.000000 -1.000000
vn -0.000001 0.000000 -1.000000
vn -0.000000 0.000000 -1.000000
vn 0.000000 0.000000 -1.000000
vn 0.000000 0.000000 -1.000000
vn 0.000000 0.000000 -1.000000
vn 0.000000 0.000000 -1.000000
vn 0.000002 0.000000 -1.000000
vn 0.000000 0.000000 -1.000000
vn 0.000001 0.000000 -1.000000
vn 0.000000 0.000000 -1.000000
vn 0.000000 0.000000 -1.000000
vn 0.000000 0.000000 -1.000000
vn 0.000005 0.000000 -1.000000
vn 0.000005 0.000000 -1.000000
vn 0.000000 0.000000 -1.000000
vn 0.000000 0.000000 -1.000000
vn 0.000000 0.000000 -1.000000
vn 0.000000 0.000000 -1.000000
vn 0.000000 0.000000 -1.000000
vn 0.000000 0.000000 -1.000000
vn 0.000000 0.000000 -1.000000
vn -0.000002 0.000000 -1.000000
vn -0.000000 0.000000 -1.000000
vn -0.000002 0.000000 -1.000000
vn 0.000000 0.000000 -1.000000
vn 0.000000 0.000000 -1.000000
vn 0.000000 0.000000 -1.000000
vn 0.000001 0.000000 -1.000000
vn 0.000000 0.000000 -1.000000
vn 0.000001 0.000000 -1.000000
vn 0.000000 0.000000 -1.000000
vn 0.000000 0.000000 -1.000000
vn 0.000000 0.000000 -1.000000
vn 0.000000 0.000000 -1.000000
vn 0.000000 0.000000 -1.000000
vn 0.000000 0.000000 -1.000000
vn 0.000005 0.000000 -1.000000
vn 0.000000 0.000000 -1.000000
vn 0.000005 0.000000 -1.000000
vn 0.000000 0.000000 -1.000000
vn 0.000000 0.000000 -1.000000
vn 0.000000 0.000000 -1.000000
vn -0.000003 0.000000 -1.000000
vn -0.000000 0.000000 -1.000000
vn -0.000002 0.000000 -1.000000
vn 0.000000 0.000000 -1.000000
vn 0.000000 0.000000 -1.000000
vn 0.000000 0.000000 -1.000000
vn -0.000008 0.000000 -1.000000
vn -0.000008 0.000000 -1.000000
vn -0.000000 0.000000 -1.000000
vn 0.000007 0.000000 -1.000000
vn 0.000000 0.000000 -1.000000
vn 0.000006 0.000000 -1.000000
vn -0.000003 0.000000 -1.000000
vn -0.000000 0.000000 -1.000000
vn -0.000003 0.000000 -1.000000
vn -0.000003 0.000000 -1.000000
vn -0.000000 0.000000 -1.000000
vn 0.000000 0.000000 -1.000000
vn -0.000002 0.000000 -1.000000
vn -0.000000 0.000000 -1.000000
vn -0.000002 0.000000 -1.000000
vn 0.000000 0.000000 -1.000000
vn 0.000000 0.000000 -1.000000
vn 0.000000 0.000000 -1.000000
vn 0.000001 0.000000 -1.000000
vn 0.000000 0.000000 -1.000000
vn 0.000001 0.000000 -1.000000
vn 0.000000 0.000000 -1.000000
vn 0.000000 0.000000 -1.000000
vn 0.000000 0.000000 -1.000000
vn 0.000000 0.000000 -1.000000
vn 0.000000 0.000000 -1.000000
vn 0.000000 0.000000 -1.000000
vn 0.000000 0.000000 -1.000000
vn 0.000000 0.000000 -1.000000
vn 0.000000 0.000000 -1.000000
vn 0.000000 0.000000 -1.000000
vn 0.000000 0.000000 -1.000000
vn 0.000000 0.000000 -1.000000
vn 0.000000 -1.000000 0.000000
vn 0.000000 -1.000000 0.000001
vn 0.000000 -1.000000 0.000000
vn 0.000000 -1.000000 0.000000
vn 0.000000 -1.000000 0.000000
vn 0.000000 -1.000000 0.000001
vn 0.000000 -1.000000 0.000001
vn 0.000000 -1.000000 0.000000
vn 0.000000 -1.000000 0.000000
vn 0.054261 0.998487 -0.008940
vn 0.006601 0.997407 -0.071659
vn -0.045803 0.995622 -0.081477
vn 0.001032 0.999684 -0.025110
vn -0.051251 0.988956 -0.139069
vn -0.062441 0.990738 -0.120582
vn 0.040096 0.999178 0.005989
vn -0.025635 0.999621 0.010046
vn 0.025393 0.999631 0.009682
vn 0.021780 0.998113 0.057417
vn -0.015971 0.999157 0.037823
vn -0.001718 0.999778 0.021003
vn -0.034184 0.997717 0.058244
vn -0.018983 0.999820 -0.000849
vn -0.020278 0.999507 0.023958
vn -0.034917 0.999390 0.000164
vn -0.023681 0.993567 0.110740
vn -0.036891 0.999141 0.018903
vn -0.020611 0.999524 -0.022957
s off
g Water_Water1
usemtl initialShadingGroup
f 2/1/1 28/2/2 1/3/3
f 1/3/4 28/2/5 27/4/6
f 2/1/7 3/5/8 28/2/9
f 28/2/10 3/5/11 29/6/12
f 4/7/13 30/8/14 3/5/15
f 3/5/16 30/8/17 29/6/18
f 4/7/19 5/9/20 30/8/21
f 30/8/22 5/9/23 31/10/24
f 6/11/25 32/12/26 5/9/27
f 5/9/28 32/12/29 31/10/30
f 7/13/31 33/14/32 6/11/33
f 6/11/34 33/14/35 32/12/36
f 8/15/37 34/16/38 7/13/39
f 7/13/40 34/16/41 33/14/42
f 8/15/43 9/17/44 34/16/45
f 34/16/46 9/17/47 35/18/48
f 10/19/49 36/20/50 9/17/51
f 9/17/52 36/20/53 35/18/54
f 10/19/55 11/21/56 36/20/57
f 36/20/58 11/21/59 37/22/60
f 11/21/61 12/23/62 37/22/63
f 37/22/64 12/23/65 38/24/66
f 12/23/67 13/25/68 38/24/69
f 38/24/70 13/25/71 39/26/72
f 13/25/73 14/27/74 39/26/75
f 39/26/76 14/27/77 40/28/78
f 14/27/79 15/29/80 40/28/81
f 40/28/82 15/29/83 41/30/84
f 15/29/85 16/31/86 41/30/87
f 41/30/88 16/31/89 42/32/90
f 17/33/91 43/34/92 16/31/93
f 16/31/94 43/34/95 42/32/96
f 18/35/97 44/36/98 17/33/99
f 17/33/100 44/36/101 43/34/102
f 19/37/103 45/38/104 18/35/105
f 18/35/106 45/38/107 44/36/108
f 19/37/109 20/39/110 45/38/111
f 45/38/112 20/39/113 46/40/114
f 21/41/115 47/42/116 20/39/117
f 20/39/118 47/42/119 46/40/120
f 22/43/121 48/44/122 21/41/123
f 21/41/124 48/44/125 47/42/126
f 23/45/127 49/46/128 22/43/129
f 22/43/130 49/46/131 48/44/132
f 23/45/133 24/47/134 49/46/135
f 49/46/136 24/47/137 50/48/138
f 25/49/139 51/50/140 24/47/141
f 24/47/142 51/50/143 50/48/144
f 25/49/145 26/51/146 51/50/147
f 51/50/148 26/51/149 52/52/150
f 27/4/151 28/2/152 53/53/153
f 53/53/154 28/2/155 54/54/156
f 28/2/157 29/6/158 54/54/159
f 54/54/160 29/6/161 55/55/162
f 30/8/163 56/56/164 29/6/165
f 29/6/166 56/56/167 55/55/168
f 31/10/169 57/57/170 30/8/171
f 30/8/172 57/57/173 56/56/174
f 32/12/175 58/58/176 31/10/177
f 31/10/178 58/58/179 57/57/180
f 33/14/181 59/59/182 32/12/183
f 32/12/184 59/59/185 58/58/186
f 34/16/187 60/60/188 33/14/189
f 33/14/190 60/60/191 59/59/192
f 34/16/193 35/18/194 60/60/195
f 60/60/196 35/18/197 61/61/198
f 35/18/199 36/20/200 61/61/201
f 61/61/202 36/20/203 62/62/204
f 36/20/205 37/22/206 62/62/207
f 62/62/208 37/22/209 63/63/210
f 38/24/211 64/64/212 37/22/213
f 37/22/214 64/64/215 63/63/216
f 39/26/217 65/65/218 38/24/219
f 38/24/220 65/65/221 64/64/222
f 40/28/223 66/66/224 39/26/225
f 39/26/226 66/66/227 65/65/228
f 40/28/229 41/30/230 66/66/231
f 66/66/232 41/30/233 67/67/234
f 41/30/235 42/32/236 67/67/237
f 67/67/238 42/32/239 68/68/240
f 42/32/241 43/34/242 68/68/243
f 68/68/244 43/34/245 69/69/246
f 44/36/247 70/70/248 43/34/249
f 43/34/250 70/70/251 69/69/252
f 45/38/253 71/71/254 44/36/255
f 44/36/256 71/71/257 70/70/258
f 45/38/259 46/40/260 71/71/261
f 71/71/262 46/40/263 72/72/264
f 46/40/265 47/42/266 72/72/267
f 72/72/268 47/42/269 73/73/270
f 47/42/271 48/44/272 73/73/273
f 73/73/274 48/44/275 74/74/276
f 49/46/277 75/75/278 48/44/279
f 48/44/280 75/75/281 74/74/282
f 49/46/283 50/48/284 75/75/285
f 75/75/286 50/48/287 76/76/288
f 50/48/289 51/50/290 76/76/291
f 76/76/292 51/50/293 77/77/294
f 51/50/295 52/52/296 77/77/297
f 77/77/298 52/52/299 78/78/300
f 53/53/301 54/54/302 79/79/303
f 79/79/304 54/54/305 80/80/306
f 55/55/307 81/81/308 54/54/309
f 54/54/310 81/81/311 80/80/312
f 56/56/313 82/82/314 55/55/315
f 55/55/316 82/82/317 81/81/318
f 57/57/319 83/83/320 56/56/321
f 56/56/322 83/83/323 82/82/324
f 58/58/325 84/84/326 57/57/327
f 57/57/328 84/84/329 83/83/330
f 59/59/331 85/85/332 58/58/333
f 58/58/334 85/85/335 84/84/336
f 60/60/337 86/86/338 59/59/339
f 59/59/340 86/86/341 85/85/342
f 61/61/343 87/87/344 60/60/345
f 60/60/346 87/87/347 86/86/348
f 61/61/349 62/62/350 87/87/351
f 87/87/352 62/62/353 88/88/354
f 63/63/355 89/89/356 62/62/357
f 62/62/358 89/89/359 88/88/360
f 64/64/361 90/90/362 63/63/363
f 63/63/364 90/90/365 89/89/366
f 65/65/367 91/91/368 64/64/369
f 64/64/370 91/91/371 90/90/372
f 66/66/373 92/92/374 65/65/375
f 65/65/376 92/92/377 91/91/378
f 66/66/379 67/67/380 92/92/381
f 92/92/382 67/67/383 93/93/384
f 67/67/385 68/68/386 93/93/387
f 93/93/388 68/68/389 94/94/390
f 68/68/391 69/69/392 94/94/393
f 94/94/394 69/69/395 95/95/396
f 70/70/397 96/96/398 69/69/399
f 69/69/400 96/96/401 95/95/402
f 70/70/403 71/71/404 96/96/405
f 96/96/406 71/71/407 97/97/408
f 72/72/409 98/98/410 71/71/411
f 71/71/412 98/98/413 97/97/414
f 72/72/415 73/73/416 98/98/417
f 98/98/418 73/73/419 99/99/420
f 73/73/421 74/74/422 99/99/423
f 99/99/424 74/74/425 100/100/426
f 74/74/427 75/75/428 100/100/429
f 100/100/430 75/75/431 101/101/432
f 75/75/433 76/76/434 101/101/435
f 101/101/436 76/76/437 102/102/438
f 76/76/439 77/77/440 102/102/441
f 102/102/442 77/77/443 103/103/444
f 78/78/445 104/104/446 77/77/447
f 77/77/448 104/104/449 103/103/450
f 80/80/451 106/105/452 79/79/453
f 79/79/454 106/105/455 105/106/456
f 81/81/457 107/107/458 80/80/459
f 80/80/460 107/107/461 106/105/462
f 82/82/463 108/108/464 81/81/465
f 81/81/466 108/108/467 107/107/468
f 82/82/469 83/83/470 108/108/471
f 108/108/472 83/83/473 109/109/474
f 83/83/475 84/84/476 109/109/477
f 109/109/478 84/84/479 110/110/480
f 84/84/481 85/85/482 110/110/483
f 110/110/484 85/85/485 111/111/486
f 85/85/487 86/86/488 111/111/489
f 111/111/490 86/86/491 112/112/492
f 86/86/493 87/87/494 112/112/495
f 112/112/496 87/87/497 113/113/498
f 87/87/499 88/88/500 113/113/501
f 113/113/502 88/88/503 114/114/504
f 89/89/505 115/115/506 88/88/507
f 88/88/508 115/115/509 114/114/510
f 90/90/511 116/116/512 89/89/513
f 89/89/514 116/116/515 115/115/516
f 90/90/517 91/91/518 116/116/519
f 116/116/520 91/91/521 117/117/522
f 91/91/523 92/92/524 117/117/525
f 117/117/526 92/92/527 118/118/528
f 92/92/529 93/93/530 118/118/531
f 118/118/532 93/93/533 119/119/534
f 93/93/535 94/94/536 119/119/537
f 119/119/538 94/94/539 120/120/540
f 94/94/541 95/95/542 120/120/543
f 120/120/544 95/95/545 121/121/546
f 95/95/547 96/96/548 121/121/549
f 121/121/550 96/96/551 122/122/552
f 96/96/553 97/97/554 122/122/555
f 122/122/556 97/97/557 123/123/558
f 98/98/559 124/124/560 97/97/561
f 97/97/562 124/124/563 123/123/564
f 98/98/565 99/99/566 124/124/567
f 124/124/568 99/99/569 125/125/570
f 99/99/571 100/100/572 125/125/573
f 125/125/574 100/100/575 126/126/576
f 101/101/577 127/127/578 100/100/579
f 100/100/580 127/127/581 126/126/582
f 101/101/583 102/102/584 127/127/585
f 127/127/586 102/102/587 128/128/588
f 103/103/589 129/129/590 102/102/591
f 102/102/592 129/129/593 128/128/594
f 104/104/595 130/130/596 103/103/597
f 103/103/598 130/130/599 129/129/600
f 106/105/601 132/131/602 105/106/603
f 105/106/604 132/131/605 131/132/606
f 107/107/607 133/133/608 106/105/609
f 106/105/610 133/133/611 132/131/612
f 108/108/613 134/134/614 107/107/615
f 107/107/616 134/134/617 133/133/618
f 109/109/619 135/135/620 108/108/621
f 108/108/622 135/135/623 134/134/624
f 109/109/625 110/110/626 135/135/627
f 135/135/628 110/110/629 136/136/630
f 111/111/631 137/137/632 110/110/633
f 110/110/634 137/137/635 136/136/636
f 112/112/637 138/138/638 111/111/639
f 111/111/640 138/138/641 137/137/642
f 112/112/643 113/113/644 138/138/645
f 138/138/646 113/113/647 139/139/648
f 114/114/649 140/140/650 113/113/651
f 113/113/652 140/140/653 139/139/654
f 115/115/655 141/141/656 114/114/657
f 114/114/658 141/141/659 140/140/660
f 116/116/661 142/142/662 115/115/663
f 115/115/664 142/142/665 141/141/666
f 116/116/667 117/117/668 142/142/669
f 142/142/670 117/117/671 143/143/672
f 117/117/673 118/118/674 143/143/675
f 143/143/676 118/118/677 144/144/678
f 119/119/679 145/145/680 118/118/681
f 118/118/682 145/145/683 144/144/684
f 120/120/685 146/146/686 119/119/687
f 119/119/688 146/146/689 145/145/690
f 120/120/691 121/121/692 146/146/693
f 146/146/694 121/121/695 147/147/696
f 122/122/697 148/148/698 121/121/699
f 121/121/700 148/148/701 147/147/702
f 123/123/703 149/149/704 122/122/705
f 122/122/706 149/149/707 148/148/708
f 123/123/709 124/124/710 149/149/711
f 149/149/712 124/124/713 150/150/714
f 125/125/715 151/151/716 124/124/717
f 124/124/718 151/151/719 150/150/720
f 126/126/721 152/152/722 125/125/723
f 125/125/724 152/152/725 151/151/726
f 126/126/727 127/127/728 152/152/729
f 152/152/730 127/127/731 153/153/732
f 127/127/733 128/128/734 153/153/735
f 153/153/736 128/128/737 154/154/738
f 129/129/739 155/155/740 128/128/741
f 128/128/742 155/155/743 154/154/744
f 130/130/745 156/156/746 129/129/747
f 129/129/748 156/156/749 155/155/750
f 131/132/751 132/131/752 157/157/753
f 157/157/754 132/131/755 158/158/756
f 133/133/757 159/159/758 132/131/759
f 132/131/760 159/159/761 158/158/762
f 133/133/763 134/134/764 159/159/765
f 159/159/766 134/134/767 160/160/768
f 134/134/769 135/135/770 160/160/771
f 160/160/772 135/135/773 161/161/774
f 136/136/775 162/162/776 135/135/777
f 135/135/778 162/162/779 161/161/780
f 137/137/781 163/163/782 136/136/783
f 136/136/784 163/163/785 162/162/786
f 138/138/787 164/164/788 137/137/789
f 137/137/790 164/164/791 163/163/792
f 138/138/793 139/139/794 164/164/795
f 164/164/796 139/139/797 165/165/798
f 139/139/799 140/140/800 165/165/801
f 165/165/802 140/140/803 166/166/804
f 140/140/805 141/141/806 166/166/807
f 166/166/808 141/141/809 167/167/810
f 141/141/811 142/142/812 167/167/813
f 167/167/814 142/142/815 168/168/816
f 142/142/817 143/143/818 168/168/819
f 168/168/820 143/143/821 169/169/822
f 144/144/823 170/170/824 143/143/825
f 143/143/826 170/170/827 169/169/828
f 145/145/829 171/171/830 144/144/831
f 144/144/832 171/171/833 170/170/834
f 145/145/835 146/146/836 171/171/837
f 171/171/838 146/146/839 172/172/840
f 146/146/841 147/147/842 172/172/843
f 172/172/844 147/147/845 173/173/846
f 147/147/847 148/148/848 173/173/849
f 173/173/850 148/148/851 174/174/852
f 149/149/853 175/175/854 148/148/855
f 148/148/856 175/175/857 174/174/858
f 150/150/859 176/176/860 149/149/861
f 149/149/862 176/176/863 175/175/864
f 151/151/865 177/177/866 150/150/867
f 150/150/868 177/177/869 176/176/870
f 151/151/871 152/152/872 177/177/873
f 177/177/874 152/152/875 178/178/876
f 153/153/877 179/179/878 152/152/879
f 152/152/880 179/179/881 178/178/882
f 154/154/883 180/180/884 153/153/885
f 153/153/886 180/180/887 179/179/888
f 154/154/889 155/155/890 180/180/891
f 180/180/892 155/155/893 181/181/894
f 155/155/895 156/156/896 181/181/897
f 181/181/898 156/156/899 182/182/900
f 157/157/901 158/158/902 183/183/903
f 183/183/904 158/158/905 184/184/906
f 158/158/907 159/159/908 184/184/909
f 184/184/910 159/159/911 185/185/912
f 160/160/913 186/186/914 159/159/915
f 159/159/916 186/186/917 185/185/918
f 161/161/919 187/187/920 160/160/921
f 160/160/922 187/187/923 186/186/924
f 161/161/925 162/162/926 187/187/927
f 187/187/928 162/162/929 188/188/930
f 163/163/931 189/189/932 162/162/933
f 162/162/934 189/189/935 188/188/936
f 164/164/937 190/190/938 163/163/939
f 163/163/940 190/190/941 189/189/942
f 165/165/943 191/191/944 164/164/945
f 164/164/946 191/191/947 190/190/948
f 166/166/949 192/192/950 165/165/951
f 165/165/952 192/192/953 191/191/954
f 166/166/955 167/167/956 192/192/957
f 192/192/958 167/167/959 193/193/960
f 167/167/961 168/168/962 193/193/963
f 193/193/964 168/168/965 194/194/966
f 168/168/967 169/169/968 194/194/969
f 194/194/970 169/169/971 195/195/972
f 170/170/973 196/196/974 169/169/975
f 169/169/976 196/196/977 195/195/978
f 171/171/979 197/197/980 170/170/981
f 170/170/982 197/197/983 196/196/984
f 171/171/985 172/172/986 197/197/987
f 197/197/988 172/172/989 198/198/990
f 172/172/991 173/173/992 198/198/993
f 198/198/994 173/173/995 199/199/996
f 173/173/997 174/174/998 199/199/999
f 199/199/1000 174/174/1001 200/200/1002
f 174/174/1003 175/175/1004 200/200/1005
f 200/200/1006 175/175/1007 201/201/1008
f 176/176/1009 202/202/1010 175/175/1011
f 175/175/1012 202/202/1013 201/201/1014
f 177/177/1015 203/203/1016 176/176/1017
f 176/176/1018 203/203/1019 202/202/1020
f 178/178/1021 204/204/1022 177/177/1023
f 177/177/1024 204/204/1025 203/203/1026
f 179/179/1027 205/205/1028 178/178/1029
f 178/178/1030 205/205/1031 204/204/1032
f 179/179/1033 180/180/1034 205/205/1035
f 205/205/1036 180/180/1037 206/206/1038
f 180/180/1039 181/181/1040 206/206/1041
f 206/206/1042 181/181/1043 207/207/1044
f 182/182/1045 208/208/1046 181/181/1047
f 181/181/1048 208/208/1049 207/207/1050
f 183/183/1051 184/184/1052 209/209/1053
f 209/209/1054 184/184/1055 210/210/1056
f 184/184/1057 185/185/1058 210/210/1059
f 210/210/1060 185/185/1061 211/211/1062
f 186/186/1063 212/212/1064 185/185/1065
f 185/185/1066 212/212/1067 211/211/1068
f 186/186/1069 187/187/1070 212/212/1071
f 212/212/1072 187/187/1073 213/213/1074
f 188/188/1075 214/214/1076 187/187/1077
f 187/187/1078 214/214/1079 213/213/1080
f 189/189/1081 215/215/1082 188/188/1083
f 188/188/1084 215/215/1085 214/214/1086
f 190/190/1087 216/216/1088 189/189/1089
f 189/189/1090 216/216/1091 215/215/1092
f 191/191/1093 217/217/1094 190/190/1095
f 190/190/1096 217/217/1097 216/216/1098
f 191/191/1099 192/192/1100 217/217/1101
f 217/217/1102 192/192/1103 218/218/1104
f 192/192/1105 193/193/1106 218/218/1107
f 218/218/1108 193/193/1109 219/219/1110
f 193/193/1111 194/194/1112 219/219/1113
f 219/219/1114 194/194/1115 220/220/1116
f 195/195/1117 221/221/1118 194/194/1119
f 194/194/1120 221/221/1121 220/220/1122
f 195/195/1123 196/196/1124 221/221/1125
f 221/221/1126 196/196/1127 222/222/1128
f 197/197/1129 223/223/1130 196/196/1131
f 196/196/1132 223/223/1133 222/222/1134
f 197/197/1135 198/198/1136 223/223/1137
f 223/223/1138 198/198/1139 224/224/1140
f 199/199/1141 225/225/1142 198/198/1143
f 198/198/1144 225/225/1145 224/224/1146
f 199/199/1147 200/200/1148 225/225/1149
f 225/225/1150 200/200/1151 226/226/1152
f 200/200/1153 201/201/1154 226/226/1155
f 226/226/1156 201/201/1157 227/227/1158
f 202/202/1159 228/228/1160 201/201/1161
f 201/201/1162 228/228/1163 227/227/1164
f 203/203/1165 229/229/1166 202/202/1167
f 202/202/1168 229/229/1169 228/228/1170
f 204/204/1171 230/230/1172 203/203/1173
f 203/203/1174 230/230/1175 229/229/1176
f 205/205/1177 231/231/1178 204/204/1179
f 204/204/1180 231/231/1181 230/230/1182
f 206/206/1183 232/232/1184 205/205/1185
f 205/205/1186 232/232/1187 231/231/1188
f 206/206/1189 207/207/1190 232/232/1191
f 232/232/1192 207/207/1193 233/233/1194
f 208/208/1195 234/234/1196 207/207/1197
f 207/207/1198 234/234/1199 233/233/1200
f 209/209/1201 210/210/1202 235/235/1203
f 235/235/1204 210/210/1205 236/236/1206
f 211/211/1207 237/237/1208 210/210/1209
f 210/210/1210 237/237/1211 236/236/1212
f 212/212/1213 238/238/1214 211/211/1215
f 211/211/1216 238/238/1217 237/237/1218
f 213/213/1219 239/239/1220 212/212/1221
f 212/212/1222 239/239/1223 238/238/1224
f 214/214/1225 240/240/1226 213/213/1227
f 213/213/1228 240/240/1229 239/239/1230
f 214/214/1231 215/215/1232 240/240/1233
f 240/240/1234 215/215/1235 241/241/1236
f 215/215/1237 216/216/1238 241/241/1239
f 241/241/1240 216/216/1241 242/242/1242
f 216/216/1243 217/217/1244 242/242/1245
f 242/242/1246 217/217/1247 243/243/1248
f 217/217/1249 218/218/1250 243/243/1251
f 243/243/1252 218/218/1253 244/244/1254
f 219/219/1255 245/245/1256 218/218/1257
f 218/218/1258 245/245/1259 244/244/1260
f 219/219/1261 220/220/1262 245/245/1263
f 245/245/1264 220/220/1265 246/246/1266
f 221/221/1267 247/247/1268 220/220/1269
f 220/220/1270 247/247/1271 246/246/1272
f 221/221/1273 222/222/1274 247/247/1275
f 247/247/1276 222/222/1277 248/248/1278
f 223/223/1279 249/249/1280 222/222/1281
f 222/222/1282 249/249/1283 248/248/1284
f 224/224/1285 250/250/1286 223/223/1287
f 223/223/1288 250/250/1289 249/249/1290
f 224/224/1291 225/225/1292 250/250/1293
f 250/250/1294 225/225/1295 251/251/1296
f 225/225/1297 226/226/1298 251/251/1299
f 251/251/1300 226/226/1301 252/252/1302
f 227/227/1303 253/253/1304 226/226/1305
f 226/226/1306 253/253/1307 252/252/1308
f 228/228/1309 254/254/1310 227/227/1311
f 227/227/1312 254/254/1313 253/253/1314
f 228/228/1315 229/229/1316 254/254/1317
f 254/254/1318 229/229/1319 255/255/1320
f 229/229/1321 230/230/1322 255/255/1323
f 255/255/1324 230/230/1325 256/256/1326
f 230/230/1327 231/231/1328 256/256/1329
f 256/256/1330 231/231/1331 257/257/1332
f 232/232/1333 258/258/1334 231/231/1335
f 231/231/1336 258/258/1337 257/257/1338
f 233/233/1339 259/259/1340 232/232/1341
f 232/232/1342 259/259/1343 258/258/1344
f 234/234/1345 260/260/1346 233/233/1347
f 233/233/1348 260/260/1349 259/259/1350
f 235/235/1351 236/236/1352 261/261/1353
f 261/261/1354 236/236/1355 262/262/1356
f 236/236/1357 237/237/1358 262/262/1359
f 262/262/1360 237/237/1361 263/263/1362
f 238/238/1363 264/264/1364 237/237/1365
f 237/237/1366 264/264/1367 263/263/1368
f 239/239/1369 265/265/1370 238/238/1371
f 238/238/1372 265/265/1373 264/264/1374
f 239/239/1375 240/240/1376 265/265/1377
f 265/265/1378 240/240/1379 266/266/1380
f 241/241/1381 267/267/1382 240/240/1383
f 240/240/1384 267/267/1385 266/266/1386
f 241/241/1387 242/242/1388 267/267/1389
f 267/267/1390 242/242/1391 268/268/1392
f 243/243/1393 269/269/1394 242/242/1395
f 242/242/1396 269/269/1397 268/268/1398
f 244/244/1399 270/270/1400 243/243/1401
f 243/243/1402 270/270/1403 269/269/1404
f 244/244/1405 245/245/1406 270/270/1407
f 270/270/1408 245/245/1409 271/271/1410
f 245/245/1411 246/246/1412 271/271/1413
f 271/271/1414 246/246/1415 272/272/1416
f 247/247/1417 273/273/1418 246/246/1419
f 246/246/1420 273/273/1421 272/272/1422
f 248/248/1423 274/274/1424 247/247/1425
f 247/247/1426 274/274/1427 273/273/1428
f 249/249/1429 275/275/1430 248/248/1431
f 248/248/1432 275/275/1433 274/274/1434
f 250/250/1435 276/276/1436 249/249/1437
f 249/249/1438 276/276/1439 275/275/1440
f 250/250/1441 251/251/1442 276/276/1443
f 276/276/1444 251/251/1445 277/277/1446
f 252/252/1447 278/278/1448 251/251/1449
f 251/251/1450 278/278/1451 277/277/1452
f 253/253/1453 279/279/1454 252/252/1455
f 252/252/1456 279/279/1457 278/278/1458
f 253/253/1459 254/254/1460 279/279/1461
f 279/279/1462 254/254/1463 280/280/1464
f 255/255/1465 281/281/1466 254/254/1467
f 254/254/1468 281/281/1469 280/280/1470
f 256/256/1471 282/282/1472 255/255/1473
f 255/255/1474 282/282/1475 281/281/1476
f 256/256/1477 257/257/1478 282/282/1479
f 282/282/1480 257/257/1481 283/283/1482
f 258/258/1483 284/284/1484 257/257/1485
f 257/257/1486 284/284/1487 283/283/1488
f 258/258/1489 259/259/1490 284/284/1491
f 284/284/1492 259/259/1493 285/285/1494
f 259/259/1495 260/260/1496 285/285/1497
f 285/285/1498 260/260/1499 286/286/1500
f 262/262/1501 288/287/1502 261/261/1503
f 261/261/1504 288/287/1505 287/288/1506
f 263/263/1507 289/289/1508 262/262/1509
f 262/262/1510 289/289/1511 288/287/1512
f 264/264/1513 290/290/1514 263/263/1515
f 263/263/1516 290/290/1517 289/289/1518
f 265/265/1519 291/291/1520 264/264/1521
f 264/264/1522 291/291/1523 290/290/1524
f 265/265/1525 266/266/1526 291/291/1527
f 291/291/1528 266/266/1529 292/292/1530
f 266/266/1531 267/267/1532 292/292/1533
f 292/292/1534 267/267/1535 293/293/1536
f 267/267/1537 268/268/1538 293/293/1539
f 293/293/1540 268/268/1541 294/294/1542
f 268/268/1543 269/269/1544 294/294/1545
f 294/294/1546 269/269/1547 295/295/1548
f 270/270/1549 296/296/1550 269/269/1551
f 269/269/1552 296/296/1553 295/295/1554
f 270/270/1555 271/271/1556 296/296/1557
f 296/296/1558 271/271/1559 297/297/1560
f 272/272/1561 298/298/1562 271/271/1563
f 271/271/1564 298/298/1565 297/297/1566
f 273/273/1567 299/299/1568 272/272/1569
f 272/272/1570 299/299/1571 298/298/1572
f 274/274/1573 300/300/1574 273/273/1575
f 273/273/1576 300/300/1577 299/299/1578
f 275/275/1579 301/301/1580 274/274/1581
f 274/274/1582 301/301/1583 300/300/1584
f 276/276/1585 302/302/1586 275/275/1587
f 275/275/1588 302/302/1589 301/301/1590
f 277/277/1591 303/303/1592 276/276/1593
f 276/276/1594 303/303/1595 302/302/1596
f 278/278/1597 304/304/1598 277/277/1599
f 277/277/1600 304/304/1601 303/303/1602
f 279/279/1603 305/305/1604 278/278/1605
f 278/278/1606 305/305/1607 304/304/1608
f 279/279/1609 280/280/1610 305/305/1611
f 305/305/1612 280/280/1613 306/306/1614
f 281/281/1615 307/307/1616 280/280/1617
f 280/280/1618 307/307/1619 306/306/1620
f 281/281/1621 282/282/1622 307/307/1623
f 307/307/1624 282/282/1625 308/308/1626
f 283/283/1627 309/309/1628 282/282/1629
f 282/282/1630 309/309/1631 308/308/1632
f 284/284/1633 310/310/1634 283/283/1635
f 283/283/1636 310/310/1637 309/309/1638
f 285/285/1639 311/311/1640 284/284/1641
f 284/284/1642 311/311/1643 310/310/1644
f 286/286/1645 312/312/1646 285/285/1647
f 285/285/1648 312/312/1649 311/311/1650
f 287/288/1651 288/287/1652 313/313/1653
f 313/313/1654 288/287/1655 314/314/1656
f 288/287/1657 289/289/1658 314/314/1659
f 314/314/1660 289/289/1661 315/315/1662
f 289/289/1663 290/290/1664 315/315/1665
f 315/315/1666 290/290/1667 316/316/1668
f 290/290/1669 291/291/1670 316/316/1671
f 316/316/1672 291/291/1673 317/317/1674
f 291/291/1675 292/292/1676 317/317/1677
f 317/317/1678 292/292/1679 318/318/1680
f 292/292/1681 293/293/1682 318/318/1683
f 318/318/1684 293/293/1685 319/319/1686
f 293/293/1687 294/294/1688 319/319/1689
f 319/319/1690 294/294/1691 320/320/1692
f 295/295/1693 321/321/1694 294/294/1695
f 294/294/1696 321/321/1697 320/320/1698
f 295/295/1699 296/296/1700 321/321/1701
f 321/321/1702 296/296/1703 322/322/1704
f 297/297/1705 323/323/1706 296/296/1707
f 296/296/1708 323/323/1709 322/322/1710
f 298/298/1711 324/324/1712 297/297/1713
f 297/297/1714 324/324/1715 323/323/1716
f 299/299/1717 325/325/1718 298/298/1719
f 298/298/1720 325/325/1721 324/324/1722
f 299/299/1723 300/300/1724 325/325/1725
f 325/325/1726 300/300/1727 326/326/1728
f 300/300/1729 301/301/1730 326/326/1731
f 326/326/1732 301/301/1733 327/327/1734
f 302/302/1735 328/328/1736 301/301/1737
f 301/301/1738 328/328/1739 327/327/1740
f 303/303/1741 329/329/1742 302/302/1743
f 302/302/1744 329/329/1745 328/328/1746
f 304/304/1747 330/330/1748 303/303/1749
f 303/303/1750 330/330/1751 329/329/1752
f 305/305/1753 331/331/1754 304/304/1755
f 304/304/1756 331/331/1757 330/330/1758
f 305/305/1759 306/306/1760 331/331/1761
f 331/331/1762 306/306/1763 332/332/1764
f 306/306/1765 307/307/1766 332/332/1767
f 332/332/1768 307/307/1769 333/333/1770
f 308/308/1771 334/334/1772 307/307/1773
f 307/307/1774 334/334/1775 333/333/1776
f 308/308/1777 309/309/1778 334/334/1779
f 334/334/1780 309/309/1781 335/335/1782
f 309/309/1783 310/310/1784 335/335/1785
f 335/335/1786 310/310/1787 336/336/1788
f 310/310/1789 311/311/1790 336/336/1791
f 336/336/1792 311/311/1793 337/337/1794
f 311/311/1795 312/312/1796 337/337/1797
f 337/337/1798 312/312/1799 338/338/1800
f 313/313/1801 314/314/1802 339/339/1803
f 339/339/1804 314/314/1805 340/340/1806
f 314/314/1807 315/315/1808 340/340/1809
f 340/340/1810 315/315/1811 341/341/1812
f 315/315/1813 316/316/1814 341/341/1815
f 341/341/1816 316/316/1817 342/342/1818
f 316/316/1819 317/317/1820 342/342/1821
f 342/342/1822 317/317/1823 343/343/1824
f 317/317/1825 318/318/1826 343/343/1827
f 343/343/1828 318/318/1829 344/344/1830
f 318/318/1831 319/319/1832 344/344/1833
f 344/344/1834 319/319/1835 345/345/1836
f 319/319/1837 320/320/1838 345/345/1839
f 345/345/1840 320/320/1841 346/346/1842
f 321/321/1843 347/347/1844 320/320/1845
f 320/320/1846 347/347/1847 346/346/1848
f 321/321/1849 322/322/1850 347/347/1851
f 347/347/1852 322/322/1853 348/348/1854
f 322/322/1855 323/323/1856 348/348/1857
f 348/348/1858 323/323/1859 349/349/1860
f 324/324/1861 350/350/1862 323/323/1863
f 323/323/1864 350/350/1865 349/349/1866
f 325/325/1867 351/351/1868 324/324/1869
f 324/324/1870 351/351/1871 350/350/1872
f 326/326/1873 352/352/1874 325/325/1875
f 325/325/1876 352/352/1877 351/351/1878
f 326/326/1879 327/327/1880 352/352/1881
f 352/352/1882 327/327/1883 353/353/1884
f 328/328/1885 354/354/1886 327/327/1887
f 327/327/1888 354/354/1889 353/353/1890
f 329/329/1891 355/355/1892 328/328/1893
f 328/328/1894 355/355/1895 354/354/1896
f 330/330/1897 356/356/1898 329/329/1899
f 329/329/1900 356/356/1901 355/355/1902
f 331/331/1903 357/357/1904 330/330/1905
f 330/330/1906 357/357/1907 356/356/1908
f 332/332/1909 358/358/1910 331/331/1911
f 331/331/1912 358/358/1913 357/357/1914
f 333/333/1915 359/359/1916 332/332/1917
f 332/332/1918 359/359/1919 358/358/1920
f 333/333/1921 334/334/1922 359/359/1923
f 359/359/1924 334/334/1925 360/360/1926
f 334/334/1927 335/335/1928 360/360/1929
f 360/360/1930 335/335/1931 361/361/1932
f 335/335/1933 336/336/1934 361/361/1935
f 361/361/1936 336/336/1937 362/362/1938
f 337/337/1939 363/363/1940 336/336/1941
f 336/336/1942 363/363/1943 362/362/1944
f 338/338/1945 364/364/1946 337/337/1947
f 337/337/1948 364/364/1949 363/363/1950
f 340/340/1951 366/365/1952 339/339/1953
f 339/339/1954 366/365/1955 365/366/1956
f 340/340/1957 341/341/1958 366/365/1959
f 366/365/1960 341/341/1961 367/367/1962
f 341/341/1963 342/342/1964 367/367/1965
f 367/367/1966 342/342/1967 368/368/1968
f 342/342/1969 343/343/1970 368/368/1971
f 368/368/1972 343/343/1973 369/369/1974
f 343/343/1975 344/344/1976 369/369/1977
f 369/369/1978 344/344/1979 370/370/1980
f 344/344/1981 345/345/1982 370/370/1983
f 370/370/1984 345/345/1985 371/371/1986
f 346/346/1987 372/372/1988 345/345/1989
f 345/345/1990 372/372/1991 371/371/1992
f 346/346/1993 347/347/1994 372/372/1995
f 372/372/1996 347/347/1997 373/373/1998
f 347/347/1999 348/348/2000 373/373/2001
f 373/373/2002 348/348/2003 374/374/2004
f 349/349/2005 375/375/2006 348/348/2007
f 348/348/2008 375/375/2009 374/374/2010
f 350/350/2011 376/376/2012 349/349/2013
f 349/349/2014 376/376/2015 375/375/2016
f 350/350/2017 351/351/2018 376/376/2019
f 376/376/2020 351/351/2021 377/377/2022
f 352/352/2023 378/378/2024 351/351/2025
f 351/351/2026 378/378/2027 377/377/2028
f 353/353/2029 379/379/2030 352/352/2031
f 352/352/2032 379/379/2033 378/378/2034
f 354/354/2035 380/380/2036 353/353/2037
f 353/353/2038 380/380/2039 379/379/2040
f 355/355/2041 381/381/2042 354/354/2043
f 354/354/2044 381/381/2045 380/380/2046
f 356/356/2047 382/382/2048 355/355/2049
f 355/355/2050 382/382/2051 381/381/2052
f 357/357/2053 383/383/2054 356/356/2055
f 356/356/2056 383/383/2057 382/382/2058
f 358/358/2059 384/384/2060 357/357/2061
f 357/357/2062 384/384/2063 383/383/2064
f 359/359/2065 385/385/2066 358/358/2067
f 358/358/2068 385/385/2069 384/384/2070
f 359/359/2071 360/360/2072 385/385/2073
f 385/385/2074 360/360/2075 386/386/2076
f 361/361/2077 387/387/2078 360/360/2079
f 360/360/2080 387/387/2081 386/386/2082
f 362/362/2083 388/388/2084 361/361/2085
f 361/361/2086 388/388/2087 387/387/2088
f 363/363/2089 389/389/2090 362/362/2091
f 362/362/2092 389/389/2093 388/388/2094
f 364/364/2095 390/390/2096 363/363/2097
f 363/363/2098 390/390/2099 389/389/2100
f 365/366/2101 366/365/2102 391/391/2103
f 391/391/2104 366/365/2105 392/392/2106
f 366/365/2107 367/367/2108 392/392/2109
f 392/392/2110 367/367/2111 393/393/2112
f 368/368/2113 394/394/2114 367/367/2115
f 367/367/2116 394/394/2117 393/393/2118
f 368/368/2119 369/369/2120 394/394/2121
f 394/394/2122 369/369/2123 395/395/2124
f 370/370/2125 396/396/2126 369/369/2127
f 369/369/2128 396/396/2129 395/395/2130
f 371/371/2131 397/397/2132 370/370/2133
f 370/370/2134 397/397/2135 396/396/2136
f 372/372/2137 398/398/2138 371/371/2139
f 371/371/2140 398/398/2141 397/397/2142
f 372/372/2143 373/373/2144 398/398/2145
f 398/398/2146 373/373/2147 399/399/2148
f 373/373/2149 374/374/2150 399/399/2151
f 399/399/2152 374/374/2153 400/400/2154
f 375/375/2155 401/401/2156 374/374/2157
f 374/374/2158 401/401/2159 400/400/2160
f 376/376/2161 402/402/2162 375/375/2163
f 375/375/2164 402/402/2165 401/401/2166
f 377/377/2167 403/403/2168 376/376/2169
f 376/376/2170 403/403/2171 402/402/2172
f 378/378/2173 404/404/2174 377/377/2175
f 377/377/2176 404/404/2177 403/403/2178
f 379/379/2179 405/405/2180 378/378/2181
f 378/378/2182 405/405/2183 404/404/2184
f 379/379/2185 380/380/2186 405/405/2187
f 405/405/2188 380/380/2189 406/406/2190
f 380/380/2191 381/381/2192 406/406/2193
f 406/406/2194 381/381/2195 407/407/2196
f 382/382/2197 408/408/2198 381/381/2199
f 381/381/2200 408/408/2201 407/407/2202
f 383/383/2203 409/409/2204 382/382/2205
f 382/382/2206 409/409/2207 408/408/2208
f 383/383/2209 384/384/2210 409/409/2211
f 409/409/2212 384/384/2213 410/410/2214
f 384/384/2215 385/385/2216 410/410/2217
f 410/410/2218 385/385/2219 411/411/2220
f 386/386/2221 412/412/2222 385/385/2223
f 385/385/2224 412/412/2225 411/411/2226
f 386/386/2227 387/387/2228 412/412/2229
f 412/412/2230 387/387/2231 413/413/2232
f 387/387/2233 388/388/2234 413/413/2235
f 413/413/2236 388/388/2237 414/414/2238
f 388/388/2239 389/389/2240 414/414/2241
f 414/414/2242 389/389/2243 415/415/2244
f 389/389/2245 390/390/2246 415/415/2247
f 415/415/2248 390/390/2249 416/416/2250
f 391/391/2251 392/392/2252 417/417/2253
f 417/417/2254 392/392/2255 418/418/2256
f 393/393/2257 419/419/2258 392/392/2259
f 392/392/2260 419/419/2261 418/418/2262
f 394/394/2263 420/420/2264 393/393/2265
f 393/393/2266 420/420/2267 419/419/2268
f 394/394/2269 395/395/2270 420/420/2271
f 420/420/2272 395/395/2273 421/421/2274
f 395/395/2275 396/396/2276 421/421/2277
f 421/421/2278 396/396/2279 422/422/2280
f 396/396/2281 397/397/2282 422/422/2283
f 422/422/2284 397/397/2285 423/423/2286
f 397/397/2287 398/398/2288 423/423/2289
f 423/423/2290 398/398/2291 424/424/2292
f 399/399/2293 425/425/2294 398/398/2295
f 398/398/2296 425/425/2297 424/424/2298
f 399/399/2299 400/400/2300 425/425/2301
f 425/425/2302 400/400/2303 426/426/2304
f 401/401/2305 427/427/2306 400/400/2307
f 400/400/2308 427/427/2309 426/426/2310
f 402/402/2311 428/428/2312 401/401/2313
f 401/401/2314 428/428/2315 427/427/2316
f 402/402/2317 403/403/2318 428/428/2319
f 428/428/2320 403/403/2321 429/429/2322
f 403/403/2323 404/404/2324 429/429/2325
f 429/429/2326 404/404/2327 430/430/2328
f 404/404/2329 405/405/2330 430/430/2331
f 430/430/2332 405/405/2333 431/431/2334
f 406/406/2335 432/432/2336 405/405/2337
f 405/405/2338 432/432/2339 431/431/2340
f 407/407/2341 433/433/2342 406/406/2343
f 406/406/2344 433/433/2345 432/432/2346
f 408/408/2347 434/434/2348 407/407/2349
f 407/407/2350 434/434/2351 433/433/2352
f 409/409/2353 435/435/2354 408/408/2355
f 408/408/2356 435/435/2357 434/434/2358
f 409/409/2359 410/410/2360 435/435/2361
f 435/435/2362 410/410/2363 436/436/2364
f 410/410/2365 411/411/2366 436/436/2367
f 436/436/2368 411/411/2369 437/437/2370
f 411/411/2371 412/412/2372 437/437/2373
f 437/437/2374 412/412/2375 438/438/2376
f 413/413/2377 439/439/2378 412/412/2379
f 412/412/2380 439/439/2381 438/438/2382
f 414/414/2383 440/440/2384 413/413/2385
f 413/413/2386 440/440/2387 439/439/2388
f 415/415/2389 441/441/2390 414/414/2391
f 414/414/2392 441/441/2393 440/440/2394
f 415/415/2395 416/416/2396 441/441/2397
f 441/441/2398 416/416/2399 442/442/2400
f 417/417/2401 418/418/2402 443/443/2403
f 443/443/2404 418/418/2405 444/444/2406
f 419/419/2407 445/445/2408 418/418/2409
f 418/418/2410 445/445/2411 444/444/2412
f 420/420/2413 446/446/2414 419/419/2415
f 419/419/2416 446/446/2417 445/445/2418
f 421/421/2419 447/447/2420 420/420/2421
f 420/420/2422 447/447/2423 446/446/2424
f 421/421/2425 422/422/2426 447/447/2427
f 424/424/2428 449/448/2429 423/423/2430
f 424/424/2431 425/425/2432 449/448/2433
f 449/448/2434 425/425/2435 450/449/2436
f 425/425/2437 426/426/2438 450/449/2439
f 450/449/2440 426/426/2441 451/450/2442
f 427/427/2443 452/451/2444 426/426/2445
f 426/426/2446 452/451/2447 451/450/2448
f 427/427/2449 428/428/2450 452/451/2451
f 452/451/2452 428/428/2453 453/452/2454
f 429/429/2455 454/453/2456 428/428/2457
f 428/428/2458 454/453/2459 453/452/2460
f 430/430/2461 455/454/2462 429/429/2463
f 429/429/2464 455/454/2465 454/453/2466
f 430/430/2467 431/431/2468 455/454/2469
f 455/454/2470 431/431/2471 456/455/2472
f 431/431/2473 432/432/2474 456/455/2475
f 456/455/2476 432/432/2477 457/456/2478
f 433/433/2479 458/457/2480 432/432/2481
f 432/432/2482 458/457/2483 457/456/2484
f 434/434/2485 459/458/2486 433/433/2487
f 433/433/2488 459/458/2489 458/457/2490
f 434/434/2491 435/435/2492 459/458/2493
f 459/458/2494 435/435/2495 460/459/2496
f 436/436/2497 461/460/2498 435/435/2499
f 435/435/2500 461/460/2501 460/459/2502
f 436/436/2503 437/437/2504 461/460/2505
f 461/460/2506 437/437/2507 462/461/2508
f 438/438/2509 463/462/2510 437/437/2511
f 437/437/2512 463/462/2513 462/461/2514
f 439/439/2515 464/463/2516 438/438/2517
f 438/438/2518 464/463/2519 463/462/2520
f 440/440/2521 465/464/2522 439/439/2523
f 439/439/2524 465/464/2525 464/463/2526
f 441/441/2527 466/465/2528 440/440/2529
f 440/440/2530 466/465/2531 465/464/2532
f 441/441/2533 442/442/2534 466/465/2535
f 466/465/2536 442/442/2537 467/466/2538
f 444/444/2539 469/467/2540 443/443/2541
f 443/443/2542 469/467/2543 468/468/2544
f 445/445/2545 470/469/2546 444/444/2547
f 444/444/2548 470/469/2549 469/467/2550
f 445/445/2551 446/446/2552 470/469/2553
f 470/469/2554 446/446/2555 471/470/2556
f 447/447/2557 472/471/2558 446/446/2559
f 446/446/2560 472/471/2561 471/470/2562
f 447/447/2563 473/472/2564 472/471/2565
f 449/448/2566 450/449/2567 475/474/2568
f 475/474/2569 450/449/2570 476/475/2571
f 450/449/2572 451/450/2573 476/475/2574
f 476/475/2575 451/450/2576 477/476/2577
f 452/451/2578 478/477/2579 451/450/2580
f 451/450/2581 478/477/2582 477/476/2583
f 452/451/2584 453/452/2585 478/477/2586
f 478/477/2587 453/452/2588 479/478/2589
f 454/453/2590 480/479/2591 453/452/2592
f 453/452/2593 480/479/2594 479/478/2595
f 455/454/2596 481/480/2597 454/453/2598
f 454/453/2599 481/480/2600 480/479/2601
f 455/454/2602 456/455/2603 481/480/2604
f 481/480/2605 456/455/2606 482/481/2607
f 456/455/2608 457/456/2609 482/481/2610
f 482/481/2611 457/456/2612 483/482/2613
f 457/456/2614 458/457/2615 483/482/2616
f 483/482/2617 458/457/2618 484/483/2619
f 458/457/2620 459/458/2621 484/483/2622
f 484/483/2623 459/458/2624 485/484/2625
f 459/458/2626 460/459/2627 485/484/2628
f 485/484/2629 460/459/2630 486/485/2631
f 460/459/2632 461/460/2633 486/485/2634
f 486/485/2635 461/460/2636 487/486/2637
f 462/461/2638 488/487/2639 461/460/2640
f 461/460/2641 488/487/2642 487/486/2643
f 463/462/2644 489/488/2645 462/461/2646
f 462/461/2647 489/488/2648 488/487/2649
f 464/463/2650 490/489/2651 463/462/2652
f 463/462/2653 490/489/2654 489/488/2655
f 465/464/2656 491/490/2657 464/463/2658
f 464/463/2659 491/490/2660 490/489/2661
f 465/464/2662 466/465/2663 491/490/2664
f 491/490/2665 466/465/2666 492/491/2667
f 466/465/2668 467/466/2669 492/491/2670
f 492/491/2671 467/466/2672 493/492/2673
f 469/467/2674 495/493/2675 468/468/2676
f 468/468/2677 495/493/2678 494/494/2679
f 470/469/2680 496/495/2681 469/467/2682
f 469/467/2683 496/495/2684 495/493/2685
f 470/469/2686 471/470/2687 496/495/2688
f 496/495/2689 471/470/2690 497/496/2691
f 472/471/2692 498/497/2693 471/470/2694
f 471/470/2695 498/497/2696 497/496/2697
f 473/472/2698 499/498/2699 472/471/2700
f 472/471/2701 499/498/2702 498/497/2703
f 474/473/2704 500/499/2705 473/472/2706
f 473/472/2707 500/499/2708 499/498/2709
f 475/474/2710 501/500/2711 474/473/2712
f 474/473/2713 501/500/2714 500/499/2715
f 476/475/2716 502/501/2717 475/474/2718
f 475/474/2719 502/501/2720 501/500/2721
f 477/476/2722 503/502/2723 476/475/2724
f 476/475/2725 503/502/2726 502/501/2727
f 477/476/2728 478/477/2729 503/502/2730
f 503/502/2731 478/477/2732 504/503/2733
f 478/477/2734 479/478/2735 504/503/2736
f 504/503/2737 479/478/2738 505/504/2739
f 479/478/2740 480/479/2741 505/504/2742
f 505/504/2743 480/479/2744 506/505/2745
f 481/480/2746 507/506/2747 480/479/2748
f 480/479/2749 507/506/2750 506/505/2751
f 482/481/2752 508/507/2753 481/480/2754
f 481/480/2755 508/507/2756 507/506/2757
f 482/481/2758 483/482/2759 508/507/2760
f 508/507/2761 483/482/2762 509/508/2763
f 484/483/2764 510/509/2765 483/482/2766
f 483/482/2767 510/509/2768 509/508/2769
f 484/483/2770 485/484/2771 510/509/2772
f 510/509/2773 485/484/2774 511/510/2775
f 486/485/2776 512/511/2777 485/484/2778
f 485/484/2779 512/511/2780 511/510/2781
f 487/486/2782 513/512/2783 486/485/2784
f 486/485/2785 513/512/2786 512/511/2787
f 488/487/2788 514/513/2789 487/486/2790
f 487/486/2791 514/513/2792 513/512/2793
f 489/488/2794 515/514/2795 488/487/2796
f 488/487/2797 515/514/2798 514/513/2799
f 490/489/2800 516/515/2801 489/488/2802
f 489/488/2803 516/515/2804 515/514/2805
f 491/490/2806 517/516/2807 490/489/2808
f 490/489/2809 517/516/2810 516/515/2811
f 491/490/2812 492/491/2813 517/516/2814
f 517/516/2815 492/491/2816 518/517/2817
f 492/491/2818 493/492/2819 518/517/2820
f 518/517/2821 493/492/2822 519/518/2823
f 494/494/2824 495/493/2825 520/519/2826
f 520/519/2827 495/493/2828 521/520/2829
f 496/495/2830 522/521/2831 495/493/2832
f 495/493/2833 522/521/2834 521/520/2835
f 496/495/2836 497/496/2837 522/521/2838
f 522/521/2839 497/496/2840 523/522/2841
f 497/496/2842 498/497/2843 523/522/2844
f 523/522/2845 498/497/2846 524/523/2847
f 499/498/2848 525/524/2849 498/497/2850
f 498/497/2851 525/524/2852 524/523/2853
f 499/498/2854 500/499/2855 525/524/2856
f 525/524/2857 500/499/2858 526/525/2859
f 501/500/2860 527/526/2861 500/499/2862
f 500/499/2863 527/526/2864 526/525/2865
f 502/501/2866 528/527/2867 501/500/2868
f 501/500/2869 528/527/2870 527/526/2871
f 503/502/2872 529/528/2873 502/501/2874
f 502/501/2875 529/528/2876 528/527/2877
f 503/502/2878 504/503/2879 529/528/2880
f 529/528/2881 504/503/2882 530/529/2883
f 504/503/2884 505/504/2885 530/529/2886
f 530/529/2887 505/504/2888 531/530/2889
f 505/504/2890 506/505/2891 531/530/2892
f 531/530/2893 506/505/2894 532/531/2895
f 507/506/2896 533/532/2897 506/505/2898
f 506/505/2899 533/532/2900 532/531/2901
f 508/507/2902 534/533/2903 507/506/2904
f 507/506/2905 534/533/2906 533/532/2907
f 509/508/2908 535/534/2909 508/507/2910
f 508/507/2911 535/534/2912 534/533/2913
f 509/508/2914 510/509/2915 535/534/2916
f 535/534/2917 510/509/2918 536/535/2919
f 511/510/2920 537/536/2921 510/509/2922
f 510/509/2923 537/536/2924 536/535/2925
f 512/511/2926 538/537/2927 511/510/2928
f 511/510/2929 538/537/2930 537/536/2931
f 513/512/2932 539/538/2933 512/511/2934
f 512/511/2935 539/538/2936 538/537/2937
f 514/513/2938 540/539/2939 513/512/2940
f 513/512/2941 540/539/2942 539/538/2943
f 515/514/2944 541/540/2945 514/513/2946
f 514/513/2947 541/540/2948 540/539/2949
f 515/514/2950 516/515/2951 541/540/2952
f 541/540/2953 516/515/2954 542/541/2955
f 516/515/2956 517/516/2957 542/541/2958
f 542/541/2959 517/516/2960 543/542/2961
f 517/516/2962 518/517/2963 543/542/2964
f 543/542/2965 518/517/2966 544/543/2967
f 518/517/2968 519/518/2969 544/543/2970
f 544/543/2971 519/518/2972 545/544/2973
f 520/519/2974 521/520/2975 546/545/2976
f 546/545/2977 521/520/2978 547/546/2979
f 522/521/2980 548/547/2981 521/520/2982
f 521/520/2983 548/547/2984 547/546/2985
f 523/522/2986 549/548/2987 522/521/2988
f 522/521/2989 549/548/2990 548/547/2991
f 524/523/2992 550/549/2993 523/522/2994
f 523/522/2995 550/549/2996 549/548/2997
f 525/524/2998 551/550/2999 524/523/3000
f 524/523/3001 551/550/3002 550/549/3003
f 526/525/3004 552/551/3005 525/524/3006
f 525/524/3007 552/551/3008 551/550/3009
f 527/526/3010 553/552/3011 526/525/3012
f 526/525/3013 553/552/3014 552/551/3015
f 528/527/3016 554/553/3017 527/526/3018
f 527/526/3019 554/553/3020 553/552/3021
f 529/528/3022 555/554/3023 528/527/3024
f 528/527/3025 555/554/3026 554/553/3027
f 529/528/3028 530/529/3029 555/554/3030
f 555/554/3031 530/529/3032 556/555/3033
f 530/529/3034 531/530/3035 556/555/3036
f 556/555/3037 531/530/3038 557/556/3039
f 531/530/3040 532/531/3041 557/556/3042
f 557/556/3043 532/531/3044 558/557/3045
f 533/532/3046 559/558/3047 532/531/3048
f 532/531/3049 559/558/3050 558/557/3051
f 533/532/3052 534/533/3053 559/558/3054
f 559/558/3055 534/533/3056 560/559/3057
f 534/533/3058 535/534/3059 560/559/3060
f 560/559/3061 535/534/3062 561/560/3063
f 535/534/3064 536/535/3065 561/560/3066
f 561/560/3067 536/535/3068 562/561/3069
f 536/535/3070 537/536/3071 562/561/3072
f 562/561/3073 537/536/3074 563/562/3075
f 537/536/3076 538/537/3077 563/562/3078
f 563/562/3079 538/537/3080 564/563/3081
f 538/537/3082 539/538/3083 564/563/3084
f 564/563/3085 539/538/3086 565/564/3087
f 540/539/3088 566/565/3089 539/538/3090
f 539/538/3091 566/565/3092 565/564/3093
f 541/540/3094 567/566/3095 540/539/3096
f 540/539/3097 567/566/3098 566/565/3099
f 541/540/3100 542/541/3101 567/566/3102
f 567/566/3103 542/541/3104 568/567/3105
f 542/541/3106 543/542/3107 568/567/3108
f 568/567/3109 543/542/3110 569/568/3111
f 544/543/3112 570/569/3113 543/542/3114
f 543/542/3115 570/569/3116 569/568/3117
f 545/544/3118 571/570/3119 544/543/3120
f 544/543/3121 571/570/3122 570/569/3123
f 547/546/3124 573/571/3125 546/545/3126
f 546/545/3127 573/571/3128 572/572/3129
f 547/546/3130 548/547/3131 573/571/3132
f 573/571/3133 548/547/3134 574/573/3135
f 549/548/3136 575/574/3137 548/547/3138
f 548/547/3139 575/574/3140 574/573/3141
f 550/549/3142 576/575/3143 549/548/3144
f 549/548/3145 576/575/3146 575/574/3147
f 551/550/3148 577/576/3149 550/549/3150
f 550/549/3151 577/576/3152 576/575/3153
f 552/551/3154 578/577/3155 551/550/3156
f 551/550/3157 578/577/3158 577/576/3159
f 553/552/3160 579/578/3161 552/551/3162
f 552/551/3163 579/578/3164 578/577/3165
f 554/553/3166 580/579/3167 553/552/3168
f 553/552/3169 580/579/3170 579/578/3171
f 554/553/3172 555/554/3173 580/579/3174
f 580/579/3175 555/554/3176 581/580/3177
f 555/554/3178 556/555/3179 581/580/3180
f 581/580/3181 556/555/3182 582/581/3183
f 557/556/3184 583/582/3185 556/555/3186
f 556/555/3187 583/582/3188 582/581/3189
f 558/557/3190 584/583/3191 557/556/3192
f 557/556/3193 584/583/3194 583/582/3195
f 558/557/3196 559/558/3197 584/583/3198
f 584/583/3199 559/558/3200 585/584/3201
f 559/558/3202 560/559/3203 585/584/3204
f 585/584/3205 560/559/3206 586/585/3207
f 560/559/3208 561/560/3209 586/585/3210
f 586/585/3211 561/560/3212 587/586/3213
f 562/561/3214 588/587/3215 561/560/3216
f 561/560/3217 588/587/3218 587/586/3219
f 562/561/3220 563/562/3221 588/587/3222
f 588/587/3223 563/562/3224 589/588/3225
f 563/562/3226 564/563/3227 589/588/3228
f 589/588/3229 564/563/3230 590/589/3231
f 564/563/3232 565/564/3233 590/589/3234
f 590/589/3235 565/564/3236 591/590/3237
f 565/564/3238 566/565/3239 591/590/3240
f 591/590/3241 566/565/3242 592/591/3243
f 566/565/3244 567/566/3245 592/591/3246
f 592/591/3247 567/566/3248 593/592/3249
f 568/567/3250 594/593/3251 567/566/3252
f 567/566/3253 594/593/3254 593/592/3255
f 569/568/3256 595/594/3257 568/567/3258
f 568/567/3259 595/594/3260 594/593/3261
f 569/568/3262 570/569/3263 595/594/3264
f 595/594/3265 570/569/3266 596/595/3267
f 570/569/3268 571/570/3269 596/595/3270
f 596/595/3271 571/570/3272 597/596/3273
f 573/571/3274 599/597/3275 572/572/3276
f 572/572/3277 599/597/3278 598/598/3279
f 573/571/3280 574/573/3281 599/597/3282
f 599/597/3283 574/573/3284 600/599/3285
f 574/573/3286 575/574/3287 600/599/3288
f 600/599/3289 575/574/3290 601/600/3291
f 575/574/3292 576/575/3293 601/600/3294
f 601/600/3295 576/575/3296 602/601/3297
f 576/575/3298 577/576/3299 602/601/3300
f 602/601/3301 577/576/3302 603/602/3303
f 577/576/3304 578/577/3305 603/602/3306
f 603/602/3307 578/577/3308 604/603/3309
f 578/577/3310 579/578/3311 604/603/3312
f 604/603/3313 579/578/3314 605/604/3315
f 579/578/3316 580/579/3317 605/604/3318
f 605/604/3319 580/579/3320 606/605/3321
f 581/580/3322 607/606/3323 580/579/3324
f 580/579/3325 607/606/3326 606/605/3327
f 582/581/3328 608/607/3329 581/580/3330
f 581/580/3331 608/607/3332 607/606/3333
f 582/581/3334 583/582/3335 608/607/3336
f 608/607/3337 583/582/3338 609/608/3339
f 583/582/3340 584/583/3341 609/608/3342
f 609/608/3343 584/583/3344 610/609/3345
f 584/583/3346 585/584/3347 610/609/3348
f 610/609/3349 585/584/3350 611/610/3351
f 586/585/3352 612/611/3353 585/584/3354
f 585/584/3355 612/611/3356 611/610/3357
f 586/585/3358 587/586/3359 612/611/3360
f 612/611/3361 587/586/3362 613/612/3363
f 588/587/3364 614/613/3365 587/586/3366
f 587/586/3367 614/613/3368 613/612/3369
f 589/588/3370 615/614/3371 588/587/3372
f 588/587/3373 615/614/3374 614/613/3375
f 589/588/3376 590/589/3377 615/614/3378
f 615/614/3379 590/589/3380 616/615/3381
f 590/589/3382 591/590/3383 616/615/3384
f 616/615/3385 591/590/3386 617/616/3387
f 591/590/3388 592/591/3389 617/616/3390
f 617/616/3391 592/591/3392 618/617/3393
f 592/591/3394 593/592/3395 618/617/3396
f 618/617/3397 593/592/3398 619/618/3399
f 593/592/3400 594/593/3401 619/618/3402
f 619/618/3403 594/593/3404 620/619/3405
f 594/593/3406 595/594/3407 620/619/3408
f 620/619/3409 595/594/3410 621/620/3411
f 596/595/3412 622/621/3413 595/594/3414
f 595/594/3415 622/621/3416 621/620/3417
f 596/595/3418 597/596/3419 622/621/3420
f 622/621/3421 597/596/3422 623/622/3423
f 599/597/3424 625/623/3425 598/598/3426
f 598/598/3427 625/623/3428 624/624/3429
f 599/597/3430 600/599/3431 625/623/3432
f 625/623/3433 600/599/3434 626/625/3435
f 600/599/3436 601/600/3437 626/625/3438
f 626/625/3439 601/600/3440 627/626/3441
f 601/600/3442 602/601/3443 627/626/3444
f 627/626/3445 602/601/3446 628/627/3447
f 602/601/3448 603/602/3449 628/627/3450
f 628/627/3451 603/602/3452 629/628/3453
f 604/603/3454 630/629/3455 603/602/3456
f 603/602/3457 630/629/3458 629/628/3459
f 604/603/3460 605/604/3461 630/629/3462
f 630/629/3463 605/604/3464 631/630/3465
f 605/604/3466 606/605/3467 631/630/3468
f 631/630/3469 606/605/3470 632/631/3471
f 607/606/3472 633/632/3473 606/605/3474
f 606/605/3475 633/632/3476 632/631/3477
f 608/607/3478 634/633/3479 607/606/3480
f 607/606/3481 634/633/3482 633/632/3483
f 608/607/3484 609/608/3485 634/633/3486
f 634/633/3487 609/608/3488 635/634/3489
f 609/608/3490 610/609/3491 635/634/3492
f 635/634/3493 610/609/3494 636/635/3495
f 610/609/3496 611/610/3497 636/635/3498
f 636/635/3499 611/610/3500 637/636/3501
f 612/611/3502 638/637/3503 611/610/3504
f 611/610/3505 638/637/3506 637/636/3507
f 613/612/3508 639/638/3509 612/611/3510
f 612/611/3511 639/638/3512 638/637/3513
f 614/613/3514 640/639/3515 613/612/3516
f 613/612/3517 640/639/3518 639/638/3519
f 615/614/3520 641/640/3521 614/613/3522
f 614/613/3523 641/640/3524 640/639/3525
f 615/614/3526 616/615/3527 641/640/3528
f 641/640/3529 616/615/3530 642/641/3531
f 616/615/3532 617/616/3533 642/641/3534
f 642/641/3535 617/616/3536 643/642/3537
f 617/616/3538 618/617/3539 643/642/3540
f 643/642/3541 618/617/3542 644/643/3543
f 618/617/3544 619/618/3545 644/643/3546
f 644/643/3547 619/618/3548 645/644/3549
f 619/618/3550 620/619/3551 645/644/3552
f 645/644/3553 620/619/3554 646/645/3555
f 620/619/3556 621/620/3557 646/645/3558
f 646/645/3559 621/620/3560 647/646/3561
f 622/621/3562 648/647/3563 621/620/3564
f 621/620/3565 648/647/3566 647/646/3567
f 623/622/3568 649/648/3569 622/621/3570
f 622/621/3571 649/648/3572 648/647/3573
f 625/623/3574 651/649/3575 624/624/3576
f 624/624/3577 651/649/3578 650/650/3579
f 626/625/3580 652/651/3581 625/623/3582
f 625/623/3583 652/651/3584 651/649/3585
f 626/625/3586 627/626/3587 652/651/3588
f 652/651/3589 627/626/3590 653/652/3591
f 627/626/3592 628/627/3593 653/652/3594
f 653/652/3595 628/627/3596 654/653/3597
f 628/627/3598 629/628/3599 654/653/3600
f 654/653/3601 629/628/3602 655/654/3603
f 629/628/3604 630/629/3605 655/654/3606
f 655/654/3607 630/629/3608 656/655/3609
f 630/629/3610 631/630/3611 656/655/3612
f 656/655/3613 631/630/3614 657/656/3615
f 632/631/3616 658/657/3617 631/630/3618
f 631/630/3619 658/657/3620 657/656/3621
f 632/631/3622 633/632/3623 658/657/3624
f 658/657/3625 633/632/3626 659/658/3627
f 633/632/3628 634/633/3629 659/658/3630
f 659/658/3631 634/633/3632 660/659/3633
f 634/633/3634 635/634/3635 660/659/3636
f 660/659/3637 635/634/3638 661/660/3639
f 636/635/3640 662/661/3641 635/634/3642
f 635/634/3643 662/661/3644 661/660/3645
f 637/636/3646 663/662/3647 636/635/3648
f 636/635/3649 663/662/3650 662/661/3651
f 638/637/3652 664/663/3653 637/636/3654
f 637/636/3655 664/663/3656 663/662/3657
f 638/637/3658 639/638/3659 664/663/3660
f 664/663/3661 639/638/3662 665/664/3663
f 639/638/3664 640/639/3665 665/664/3666
f 665/664/3667 640/639/3668 666/665/3669
f 640/639/3670 641/640/3671 666/665/3672
f 666/665/3673 641/640/3674 667/666/3675
f 641/640/3676 642/641/3677 667/666/3678
f 667/666/3679 642/641/3680 668/667/3681
f 642/641/3682 643/642/3683 668/667/3684
f 668/667/3685 643/642/3686 669/668/3687
f 643/642/3688 644/643/3689 669/668/3690
f 669/668/3691 644/643/3692 670/669/3693
f 644/643/3694 645/644/3695 670/669/3696
f 670/669/3697 645/644/3698 671/670/3699
f 646/645/3700 672/671/3701 645/644/3702
f 645/644/3703 672/671/3704 671/670/3705
f 646/645/3706 647/646/3707 672/671/3708
f 672/671/3709 647/646/3710 673/672/3711
f 647/646/3712 648/647/3713 673/672/3714
f 673/672/3715 648/647/3716 674/673/3717
f 648/647/3718 649/648/3719 674/673/3720
f 674/673/3721 649/648/3722 675/674/3723
f 650/650/3724 651/649/3725 676/675/3726
f 676/675/3727 651/649/3728 677/676/3729
f 652/651/3730 678/677/3731 651/649/3732
f 651/649/3733 678/677/3734 677/676/3735
f 653/652/3736 679/678/3737 652/651/3738
f 652/651/3739 679/678/3740 678/677/3741
f 653/652/3742 654/653/3743 679/678/3744
f 679/678/3745 654/653/3746 680/679/3747
f 654/653/3748 655/654/3749 680/679/3750
f 680/679/3751 655/654/3752 681/680/3753
f 655/654/3754 656/655/3755 681/680/3756
f 681/680/3757 656/655/3758 682/681/3759
f 657/656/3760 683/682/3761 656/655/3762
f 656/655/3763 683/682/3764 682/681/3765
f 657/656/3766 658/657/3767 683/682/3768
f 683/682/3769 658/657/3770 684/683/3771
f 658/657/3772 659/658/3773 684/683/3774
f 684/683/3775 659/658/3776 685/684/3777
f 659/658/3778 660/659/3779 685/684/3780
f 685/684/3781 660/659/3782 686/685/3783
f 660/659/3784 661/660/3785 686/685/3786
f 686/685/3787 661/660/3788 687/686/3789
f 661/660/3790 662/661/3791 687/686/3792
f 687/686/3793 662/661/3794 688/687/3795
f 663/662/3796 689/688/3797 662/661/3798
f 662/661/3799 689/688/3800 688/687/3801
f 663/662/3802 664/663/3803 689/688/3804
f 689/688/3805 664/663/3806 690/689/3807
f 664/663/3808 665/664/3809 690/689/3810
f 690/689/3811 665/664/3812 691/690/3813
f 665/664/3814 666/665/3815 691/690/3816
f 691/690/3817 666/665/3818 692/691/3819
f 666/665/3820 667/666/3821 692/691/3822
f 692/691/3823 667/666/3824 693/692/3825
f 667/666/3826 668/667/3827 693/692/3828
f 693/692/3829 668/667/3830 694/693/3831
f 669/668/3832 695/694/3833 668/667/3834
f 668/667/3835 695/694/3836 694/693/3837
f 669/668/3838 670/669/3839 695/694/3840
f 695/694/3841 670/669/3842 696/695/3843
f 670/669/3844 671/670/3845 696/695/3846
f 696/695/3847 671/670/3848 697/696/3849
f 671/670/3850 672/671/3851 697/696/3852
f 697/696/3853 672/671/3854 698/697/3855
f 673/672/3856 699/698/3857 672/671/3858
f 672/671/3859 699/698/3860 698/697/3861
f 674/673/3862 700/699/3863 673/672/3864
f 673/672/3865 700/699/3866 699/698/3867
f 674/673/3868 675/674/3869 700/699/3870
f 700/699/3871 675/674/3872 701/700/3873
f 676/675/3874 677/676/3875 702/701/3876
f 702/701/3877 677/676/3878 703/702/3879
f 677/676/3880 678/677/3881 703/702/3882
f 703/702/3883 678/677/3884 704/703/3885
f 678/677/3886 679/678/3887 704/703/3888
f 704/703/3889 679/678/3890 705/704/3891
f 680/679/3892 706/705/3893 679/678/3894
f 679/678/3895 706/705/3896 705/704/3897
f 680/679/3898 681/680/3899 706/705/3900
f 706/705/3901 681/680/3902 707/706/3903
f 681/680/3904 682/681/3905 707/706/3906
f 707/706/3907 682/681/3908 708/707/3909
f 682/681/3910 683/682/3911 708/707/3912
f 708/707/3913 683/682/3914 709/708/3915
f 683/682/3916 684/683/3917 709/708/3918
f 709/708/3919 684/683/3920 710/709/3921
f 684/683/3922 685/684/3923 710/709/3924
f 710/709/3925 685/684/3926 711/710/3927
f 685/684/3928 686/685/3929 711/710/3930
f 711/710/3931 686/685/3932 712/711/3933
f 686/685/3934 687/686/3935 712/711/3936
f 712/711/3937 687/686/3938 713/712/3939
f 688/687/3940 714/713/3941 687/686/3942
f 687/686/3943 714/713/3944 713/712/3945
f 689/688/3946 715/714/3947 688/687/3948
f 688/687/3949 715/714/3950 714/713/3951
f 690/689/3952 716/715/3953 689/688/3954
f 689/688/3955 716/715/3956 715/714/3957
f 690/689/3958 691/690/3959 716/715/3960
f 716/715/3961 691/690/3962 717/716/3963
f 691/690/3964 692/691/3965 717/716/3966
f 717/716/3967 692/691/3968 718/717/3969
f 692/691/3970 693/692/3971 718/717/3972
f 718/717/3973 693/692/3974 719/718/3975
f 694/693/3976 720/719/3977 693/692/3978
f 693/692/3979 720/719/3980 719/718/3981
f 694/693/3982 695/694/3983 720/719/3984
f 720/719/3985 695/694/3986 721/720/3987
f 695/694/3988 696/695/3989 721/720/3990
f 721/720/3991 696/695/3992 722/721/3993
f 696/695/3994 697/696/3995 722/721/3996
f 722/721/3997 697/696/3998 723/722/3999
f 697/696/4000 698/697/4001 723/722/4002
f 723/722/4003 698/697/4004 724/723/4005
f 698/697/4006 699/698/4007 724/723/4008
f 724/723/4009 699/698/4010 725/724/4011
f 700/699/4012 726/725/4013 699/698/4014
f 699/698/4015 726/725/4016 725/724/4017
f 701/700/4018 727/726/4019 700/699/4020
f 700/699/4021 727/726/4022 726/725/4023
f 703/702/4024 729/727/4025 702/701/4026
f 702/701/4027 729/727/4028 728/728/4029
f 704/703/4030 730/729/4031 703/702/4032
f 703/702/4033 730/729/4034 729/727/4035
f 704/703/4036 705/704/4037 730/729/4038
f 730/729/4039 705/704/4040 731/730/4041
f 705/704/4042 706/705/4043 731/730/4044
f 731/730/4045 706/705/4046 732/731/4047
f 706/705/4048 707/706/4049 732/731/4050
f 732/731/4051 707/706/4052 733/732/4053
f 707/706/4054 708/707/4055 733/732/4056
f 733/732/4057 708/707/4058 734/733/4059
f 708/707/4060 709/708/4061 734/733/4062
f 734/733/4063 709/708/4064 735/734/4065
f 709/708/4066 710/709/4067 735/734/4068
f 735/734/4069 710/709/4070 736/735/4071
f 711/710/4072 737/736/4073 710/709/4074
f 710/709/4075 737/736/4076 736/735/4077
f 712/711/4078 738/737/4079 711/710/4080
f 711/710/4081 738/737/4082 737/736/4083
f 713/712/4084 739/738/4085 712/711/4086
f 712/711/4087 739/738/4088 738/737/4089
f 714/713/4090 740/739/4091 713/712/4092
f 713/712/4093 740/739/4094 739/738/4095
f 714/713/4096 715/714/4097 740/739/4098
f 740/739/4099 715/714/4100 741/740/4101
f 715/714/4102 716/715/4103 741/740/4104
f 741/740/4105 716/715/4106 742/741/4107
f 716/715/4108 717/716/4109 742/741/4110
f 742/741/4111 717/716/4112 743/742/4113
f 718/717/4114 744/743/4115 717/716/4116
f 717/716/4117 744/743/4118 743/742/4119
f 719/718/4120 745/744/4121 718/717/4122
f 718/717/4123 745/744/4124 744/743/4125
f 719/718/4126 720/719/4127 745/744/4128
f 745/744/4129 720/719/4130 746/745/4131
f 720/719/4132 721/720/4133 746/745/4134
f 746/745/4135 721/720/4136 747/746/4137
f 722/721/4138 748/747/4139 721/720/4140
f 721/720/4141 748/747/4142 747/746/4143
f 722/721/4144 723/722/4145 748/747/4146
f 748/747/4147 723/722/4148 749/748/4149
f 723/722/4150 724/723/4151 749/748/4152
f 749/748/4153 724/723/4154 750/749/4155
f 724/723/4156 725/724/4157 750/749/4158
f 750/749/4159 725/724/4160 751/750/4161
f 725/724/4162 726/725/4163 751/750/4164
f 751/750/4165 726/725/4166 752/751/4167
f 727/726/4168 753/752/4169 726/725/4170
f 726/725/4171 753/752/4172 752/751/4173
f 728/728/4174 729/727/4175 754/753/4176
f 754/753/4177 729/727/4178 755/754/4179
f 730/729/4180 756/755/4181 729/727/4182
f 729/727/4183 756/755/4184 755/754/4185
f 730/729/4186 731/730/4187 756/755/4188
f 756/755/4189 731/730/4190 757/756/4191
f 731/730/4192 732/731/4193 757/756/4194
f 757/756/4195 732/731/4196 758/757/4197
f 732/731/4198 733/732/4199 758/757/4200
f 758/757/4201 733/732/4202 759/758/4203
f 733/732/4204 734/733/4205 759/758/4206
f 759/758/4207 734/733/4208 760/759/4209
f 734/733/4210 735/734/4211 760/759/4212
f 760/759/4213 735/734/4214 761/760/4215
f 735/734/4216 736/735/4217 761/760/4218
f 761/760/4219 736/735/4220 762/761/4221
f 737/736/4222 763/762/4223 736/735/4224
f 736/735/4225 763/762/4226 762/761/4227
f 738/737/4228 764/763/4229 737/736/4230
f 737/736/4231 764/763/4232 763/762/4233
f 738/737/4234 739/738/4235 764/763/4236
f 764/763/4237 739/738/4238 765/764/4239
f 740/739/4240 766/765/4241 739/738/4242
f 739/738/4243 766/765/4244 765/764/4245
f 740/739/4246 741/740/4247 766/765/4248
f 766/765/4249 741/740/4250 767/766/4251
f 741/740/4252 742/741/4253 767/766/4254
f 767/766/4255 742/741/4256 768/767/4257
f 742/741/4258 743/742/4259 768/767/4260
f 768/767/4261 743/742/4262 769/768/4263
f 744/743/4264 770/769/4265 743/742/4266
f 743/742/4267 770/769/4268 769/768/4269
f 745/744/4270 771/770/4271 744/743/4272
f 744/743/4273 771/770/4274 770/769/4275
f 745/744/4276 746/745/4277 771/770/4278
f 771/770/4279 746/745/4280 772/771/4281
f 746/745/4282 747/746/4283 772/771/4284
f 772/771/4285 747/746/4286 773/772/4287
f 747/746/4288 748/747/4289 773/772/4290
f 773/772/4291 748/747/4292 774/773/4293
f 748/747/4294 749/748/4295 774/773/4296
f 774/773/4297 749/748/4298 775/774/4299
f 749/748/4300 750/749/4301 775/774/4302
f 775/774/4303 750/749/4304 776/775/4305
f 750/749/4306 751/750/4307 776/775/4308
f 776/775/4309 751/750/4310 777/776/4311
f 751/750/4312 752/751/4313 777/776/4314
f 777/776/4315 752/751/4316 778/777/4317
f 753/752/4318 779/778/4319 752/751/4320
f 752/751/4321 779/778/4322 778/777/4323
f 754/753/4324 755/754/4325 780/779/4326
f 780/779/4327 755/754/4328 781/780/4329
f 755/754/4330 756/755/4331 781/780/4332
f 781/780/4333 756/755/4334 782/781/4335
f 757/756/4336 783/782/4337 756/755/4338
f 756/755/4339 783/782/4340 782/781/4341
f 758/757/4342 784/783/4343 757/756/4344
f 757/756/4345 784/783/4346 783/782/4347
f 758/757/4348 759/758/4349 784/783/4350
f 784/783/4351 759/758/4352 785/784/4353
f 759/758/4354 760/759/4355 785/784/4356
f 785/784/4357 760/759/4358 786/785/4359
f 760/759/4360 761/760/4361 786/785/4362
f 786/785/4363 761/760/4364 787/786/4365
f 761/760/4366 762/761/4367 787/786/4368
f 787/786/4369 762/761/4370 788/787/4371
f 762/761/4372 763/762/4373 788/787/4374
f 788/787/4375 763/762/4376 789/788/4377
f 764/763/4378 790/789/4379 763/762/4380
f 763/762/4381 790/789/4382 789/788/4383
f 764/763/4384 765/764/4385 790/789/4386
f 790/789/4387 765/764/4388 791/790/4389
f 765/764/4390 766/765/4391 791/790/4392
f 791/790/4393 766/765/4394 792/791/4395
f 766/765/4396 767/766/4397 792/791/4398
f 792/791/4399 767/766/4400 793/792/4401
f 768/767/4402 794/793/4403 767/766/4404
f 767/766/4405 794/793/4406 793/792/4407
f 769/768/4408 795/794/4409 768/767/4410
f 768/767/4411 795/794/4412 794/793/4413
f 769/768/4414 770/769/4415 795/794/4416
f 795/794/4417 770/769/4418 796/795/4419
f 770/769/4420 771/770/4421 796/795/4422
f 796/795/4423 771/770/4424 797/796/4425
f 772/771/4426 798/797/4427 771/770/4428
f 771/770/4429 798/797/4430 797/796/4431
f 773/772/4432 799/798/4433 772/771/4434
f 772/771/4435 799/798/4436 798/797/4437
f 774/773/4438 800/799/4439 773/772/4440
f 773/772/4441 800/799/4442 799/798/4443
f 775/774/4444 801/800/4445 774/773/4446
f 774/773/4447 801/800/4448 800/799/4449
f 776/775/4450 802/801/4451 775/774/4452
f 775/774/4453 802/801/4454 801/800/4455
f 777/776/4456 803/802/4457 776/775/4458
f 776/775/4459 803/802/4460 802/801/4461
f 777/776/4462 778/777/4463 803/802/4464
f 803/802/4465 778/777/4466 804/803/4467
f 779/778/4468 805/804/4469 778/777/4470
f 778/777/4471 805/804/4472 804/803/4473
f 781/780/4474 807/805/4475 780/779/4476
f 780/779/4477 807/805/4478 806/806/4479
f 782/781/4480 808/807/4481 781/780/4482
f 781/780/4483 808/807/4484 807/805/4485
f 782/781/4486 783/782/4487 808/807/4488
f 808/807/4489 783/782/4490 809/808/4491
f 783/782/4492 784/783/4493 809/808/4494
f 809/808/4495 784/783/4496 810/809/4497
f 785/784/4498 811/810/4499 784/783/4500
f 784/783/4501 811/810/4502 810/809/4503
f 786/785/4504 812/811/4505 785/784/4506
f 785/784/4507 812/811/4508 811/810/4509
f 786/785/4510 787/786/4511 812/811/4512
f 812/811/4513 787/786/4514 813/812/4515
f 787/786/4516 788/787/4517 813/812/4518
f 813/812/4519 788/787/4520 814/813/4521
f 788/787/4522 789/788/4523 814/813/4524
f 814/813/4525 789/788/4526 815/814/4527
f 789/788/4528 790/789/4529 815/814/4530
f 815/814/4531 790/789/4532 816/815/4533
f 790/789/4534 791/790/4535 816/815/4536
f 816/815/4537 791/790/4538 817/816/4539
f 791/790/4540 792/791/4541 817/816/4542
f 817/816/4543 792/791/4544 818/817/4545
f 793/792/4546 819/818/4547 792/791/4548
f 792/791/4549 819/818/4550 818/817/4551
f 793/792/4552 794/793/4553 819/818/4554
f 819/818/4555 794/793/4556 820/819/4557
f 794/793/4558 795/794/4559 820/819/4560
f 820/819/4561 795/794/4562 821/820/4563
f 795/794/4564 796/795/4565 821/820/4566
f 821/820/4567 796/795/4568 822/821/4569
f 797/796/4570 823/822/4571 796/795/4572
f 796/795/4573 823/822/4574 822/821/4575
f 798/797/4576 824/823/4577 797/796/4578
f 797/796/4579 824/823/4580 823/822/4581
f 799/798/4582 825/824/4583 798/797/4584
f 798/797/4585 825/824/4586 824/823/4587
f 800/799/4588 826/825/4589 799/798/4590
f 799/798/4591 826/825/4592 825/824/4593
f 801/800/4594 827/826/4595 800/799/4596
f 800/799/4597 827/826/4598 826/825/4599
f 802/801/4600 828/827/4601 801/800/4602
f 801/800/4603 828/827/4604 827/826/4605
f 803/802/4606 829/828/4607 802/801/4608
f 802/801/4609 829/828/4610 828/827/4611
f 804/803/4612 830/829/4613 803/802/4614
f 803/802/4615 830/829/4616 829/828/4617
f 804/803/4618 805/804/4619 830/829/4620
f 830/829/4621 805/804/4622 831/830/4623
f 806/806/4624 807/805/4625 832/831/4626
f 832/831/4627 807/805/4628 833/832/4629
f 807/805/4630 808/807/4631 833/832/4632
f 833/832/4633 808/807/4634 834/833/4635
f 808/807/4636 809/808/4637 834/833/4638
f 834/833/4639 809/808/4640 835/834/4641
f 809/808/4642 810/809/4643 835/834/4644
f 835/834/4645 810/809/4646 836/835/4647
f 811/810/4648 837/836/4649 810/809/4650
f 810/809/4651 837/836/4652 836/835/4653
f 812/811/4654 838/837/4655 811/810/4656
f 811/810/4657 838/837/4658 837/836/4659
f 813/812/4660 839/838/4661 812/811/4662
f 812/811/4663 839/838/4664 838/837/4665
f 814/813/4666 840/839/4667 813/812/4668
f 813/812/4669 840/839/4670 839/838/4671
f 815/814/4672 841/840/4673 814/813/4674
f 814/813/4675 841/840/4676 840/839/4677
f 815/814/4678 816/815/4679 841/840/4680
f 841/840/4681 816/815/4682 842/841/4683
f 817/816/4684 843/842/4685 816/815/4686
f 816/815/4687 843/842/4688 842/841/4689
f 818/817/4690 844/843/4691 817/816/4692
f 817/816/4693 844/843/4694 843/842/4695
f 819/818/4696 845/844/4697 818/817/4698
f 818/817/4699 845/844/4700 844/843/4701
f 819/818/4702 820/819/4703 845/844/4704
f 845/844/4705 820/819/4706 846/845/4707
f 820/819/4708 821/820/4709 846/845/4710
f 846/845/4711 821/820/4712 847/846/4713
f 821/820/4714 822/821/4715 847/846/4716
f 847/846/4717 822/821/4718 848/847/4719
f 823/822/4720 849/848/4721 822/821/4722
f 822/821/4723 849/848/4724 848/847/4725
f 824/823/4726 850/849/4727 823/822/4728
f 823/822/4729 850/849/4730 849/848/4731
f 825/824/4732 851/850/4733 824/823/4734
f 824/823/4735 851/850/4736 850/849/4737
f 825/824/4738 826/825/4739 851/850/4740
f 851/850/4741 826/825/4742 852/851/4743
f 827/826/4744 853/852/4745 826/825/4746
f 826/825/4747 853/852/4748 852/851/4749
f 827/826/4750 828/827/4751 853/852/4752
f 853/852/4753 828/827/4754 854/853/4755
f 828/827/4756 829/828/4757 854/853/4758
f 854/853/4759 829/828/4760 855/854/4761
f 830/829/4762 856/855/4763 829/828/4764
f 829/828/4765 856/855/4766 855/854/4767
f 830/829/4768 831/830/4769 856/855/4770
f 856/855/4771 831/830/4772 857/856/4773
f 832/831/4774 833/832/4775 858/857/4776
f 858/857/4777 833/832/4778 859/858/4779
f 833/832/4780 834/833/4781 859/858/4782
f 859/858/4783 834/833/4784 860/859/4785
f 835/834/4786 861/860/4787 834/833/4788
f 834/833/4789 861/860/4790 860/859/4791
f 836/835/4792 862/861/4793 835/834/4794
f 835/834/4795 862/861/4796 861/860/4797
f 837/836/4798 863/862/4799 836/835/4800
f 836/835/4801 863/862/4802 862/861/4803
f 838/837/4804 864/863/4805 837/836/4806
f 837/836/4807 864/863/4808 863/862/4809
f 839/838/4810 865/864/4811 838/837/4812
f 838/837/4813 865/864/4814 864/863/4815
f 840/839/4816 866/865/4817 839/838/4818
f 839/838/4819 866/865/4820 865/864/4821
f 840/839/4822 841/840/4823 866/865/4824
f 866/865/4825 841/840/4826 867/866/4827
f 842/841/4828 868/867/4829 841/840/4830
f 841/840/4831 868/867/4832 867/866/4833
f 842/841/4834 843/842/4835 868/867/4836
f 868/867/4837 843/842/4838 869/868/4839
f 844/843/4840 870/869/4841 843/842/4842
f 843/842/4843 870/869/4844 869/868/4845
f 845/844/4846 871/870/4847 844/843/4848
f 844/843/4849 871/870/4850 870/869/4851
f 845/844/4852 846/845/4853 871/870/4854
f 871/870/4855 846/845/4856 872/871/4857
f 846/845/4858 847/846/4859 872/871/4860
f 872/871/4861 847/846/4862 873/872/4863
f 847/846/4864 848/847/4865 873/872/4866
f 873/872/4867 848/847/4868 874/873/4869
f 849/848/4870 875/874/4871 848/847/4872
f 848/847/4873 875/874/4874 874/873/4875
f 850/849/4876 876/875/4877 849/848/4878
f 849/848/4879 876/875/4880 875/874/4881
f 851/850/4882 877/876/4883 850/849/4884
f 850/849/4885 877/876/4886 876/875/4887
f 852/851/4888 878/877/4889 851/850/4890
f 851/850/4891 878/877/4892 877/876/4893
f 853/852/4894 879/878/4895 852/851/4896
f 852/851/4897 879/878/4898 878/877/4899
f 854/853/4900 880/879/4901 853/852/4902
f 853/852/4903 880/879/4904 879/878/4905
f 854/853/4906 855/854/4907 880/879/4908
f 880/879/4909 855/854/4910 881/880/4911
f 856/855/4912 882/881/4913 855/854/4914
f 855/854/4915 882/881/4916 881/880/4917
f 857/856/4918 883/882/4919 856/855/4920
f 856/855/4921 883/882/4922 882/881/4923
f 858/857/4924 859/858/4925 884/883/4926
f 884/883/4927 859/858/4928 885/884/4929
f 859/858/4930 860/859/4931 885/884/4932
f 885/884/4933 860/859/4934 886/885/4935
f 861/860/4936 887/886/4937 860/859/4938
f 860/859/4939 887/886/4940 886/885/4941
f 862/861/4942 888/887/4943 861/860/4944
f 861/860/4945 888/887/4946 887/886/4947
f 863/862/4948 889/888/4949 862/861/4950
f 862/861/4951 889/888/4952 888/887/4953
f 864/863/4954 890/889/4955 863/862/4956
f 863/862/4957 890/889/4958 889/888/4959
f 864/863/4960 865/864/4961 890/889/4962
f 890/889/4963 865/864/4964 891/890/4965
f 865/864/4966 866/865/4967 891/890/4968
f 891/890/4969 866/865/4970 892/891/4971
f 866/865/4972 867/866/4973 892/891/4974
f 892/891/4975 867/866/4976 893/892/4977
f 867/866/4978 868/867/4979 893/892/4980
f 893/892/4981 868/867/4982 894/893/4983
f 868/867/4984 869/868/4985 894/893/4986
f 894/893/4987 869/868/4988 895/894/4989
f 869/868/4990 870/869/4991 895/894/4992
f 895/894/4993 870/869/4994 896/895/4995
f 871/870/4996 897/896/4997 870/869/4998
f 870/869/4999 897/896/5000 896/895/5001
f 872/871/5002 898/897/5003 871/870/5004
f 871/870/5005 898/897/5006 897/896/5007
f 872/871/5008 873/872/5009 898/897/5010
f 898/897/5011 873/872/5012 899/898/5013
f 874/873/5014 900/899/5015 873/872/5016
f 873/872/5017 900/899/5018 899/898/5019
f 874/873/5020 875/874/5021 900/899/5022
f 900/899/5023 875/874/5024 901/900/5025
f 875/874/5026 876/875/5027 901/900/5028
f 901/900/5029 876/875/5030 902/901/5031
f 877/876/5032 903/902/5033 876/875/5034
f 876/875/5035 903/902/5036 902/901/5037
f 878/877/5038 904/903/5039 877/876/5040
f 877/876/5041 904/903/5042 903/902/5043
f 879/878/5044 905/904/5045 878/877/5046
f 878/877/5047 905/904/5048 904/903/5049
f 880/879/5050 906/905/5051 879/878/5052
f 879/878/5053 906/905/5054 905/904/5055
f 880/879/5056 881/880/5057 906/905/5058
f 906/905/5059 881/880/5060 907/906/5061
f 882/881/5062 908/907/5063 881/880/5064
f 881/880/5065 908/907/5066 907/906/5067
f 883/882/5068 909/908/5069 882/881/5070
f 882/881/5071 909/908/5072 908/907/5073
f 884/883/5074 885/884/5075 910/909/5076
f 910/909/5077 885/884/5078 911/910/5079
f 886/885/5080 912/911/5081 885/884/5082
f 885/884/5083 912/911/5084 911/910/5085
f 887/886/5086 913/912/5087 886/885/5088
f 886/885/5089 913/912/5090 912/911/5091
f 888/887/5092 914/913/5093 887/886/5094
f 887/886/5095 914/913/5096 913/912/5097
f 889/888/5098 915/914/5099 888/887/5100
f 888/887/5101 915/914/5102 914/913/5103
f 889/888/5104 890/889/5105 915/914/5106
f 915/914/5107 890/889/5108 916/915/5109
f 891/890/5110 917/916/5111 890/889/5112
f 890/889/5113 917/916/5114 916/915/5115
f 891/890/5116 892/891/5117 917/916/5118
f 917/916/5119 892/891/5120 918/917/5121
f 893/892/5122 919/918/5123 892/891/5124
f 892/891/5125 919/918/5126 918/917/5127
f 894/893/5128 920/919/5129 893/892/5130
f 893/892/5131 920/919/5132 919/918/5133
f 894/893/5134 895/894/5135 920/919/5136
f 920/919/5137 895/894/5138 921/920/5139
f 895/894/5140 896/895/5141 921/920/5142
f 921/920/5143 896/895/5144 922/921/5145
f 897/896/5146 923/922/5147 896/895/5148
f 896/895/5149 923/922/5150 922/921/5151
f 898/897/5152 924/923/5153 897/896/5154
f 897/896/5155 924/923/5156 923/922/5157
f 898/897/5158 899/898/5159 924/923/5160
f 924/923/5161 899/898/5162 925/924/5163
f 900/899/5164 926/925/5165 899/898/5166
f 899/898/5167 926/925/5168 925/924/5169
f 900/899/5170 901/900/5171 926/925/5172
f 926/925/5173 901/900/5174 927/926/5175
f 901/900/5176 902/901/5177 927/926/5178
f 927/926/5179 902/901/5180 928/927/5181
f 903/902/5182 929/928/5183 902/901/5184
f 902/901/5185 929/928/5186 928/927/5187
f 904/903/5188 930/929/5189 903/902/5190
f 903/902/5191 930/929/5192 929/928/5193
f 904/903/5194 905/904/5195 930/929/5196
f 930/929/5197 905/904/5198 931/930/5199
f 906/905/5200 932/931/5201 905/904/5202
f 905/904/5203 932/931/5204 931/930/5205
f 907/906/5206 933/932/5207 906/905/5208
f 906/905/5209 933/932/5210 932/931/5211
f 908/907/5212 934/933/5213 907/906/5214
f 907/906/5215 934/933/5216 933/932/5217
f 908/907/5218 909/908/5219 934/933/5220
f 934/933/5221 909/908/5222 935/934/5223
f 910/909/5224 911/910/5225 936/935/5226
f 936/935/5227 911/910/5228 937/936/5229
f 912/911/5230 938/937/5231 911/910/5232
f 911/910/5233 938/937/5234 937/936/5235
f 913/912/5236 939/938/5237 912/911/5238
f 912/911/5239 939/938/5240 938/937/5241
f 914/913/5242 940/939/5243 913/912/5244
f 913/912/5245 940/939/5246 939/938/5247
f 914/913/5248 915/914/5249 940/939/5250
f 940/939/5251 915/914/5252 941/940/5253
f 915/914/5254 916/915/5255 941/940/5256
f 941/940/5257 916/915/5258 942/941/5259
f 916/915/5260 917/916/5261 942/941/5262
f 942/941/5263 917/916/5264 943/942/5265
f 918/917/5266 944/943/5267 917/916/5268
f 917/916/5269 944/943/5270 943/942/5271
f 919/918/5272 945/944/5273 918/917/5274
f 918/917/5275 945/944/5276 944/943/5277
f 920/919/5278 946/945/5279 919/918/5280
f 919/918/5281 946/945/5282 945/944/5283
f 921/920/5284 947/946/5285 920/919/5286
f 920/919/5287 947/946/5288 946/945/5289
f 921/920/5290 922/921/5291 947/946/5292
f 947/946/5293 922/921/5294 948/947/5295
f 922/921/5296 923/922/5297 948/947/5298
f 948/947/5299 923/922/5300 949/948/5301
f 923/922/5302 924/923/5303 949/948/5304
f 949/948/5305 924/923/5306 950/949/5307
f 925/924/5308 951/950/5309 924/923/5310
f 924/923/5311 951/950/5312 950/949/5313
f 926/925/5314 952/951/5315 925/924/5316
f 925/924/5317 952/951/5318 951/950/5319
f 926/925/5320 927/926/5321 952/951/5322
f 952/951/5323 927/926/5324 953/952/5325
f 928/927/5326 954/953/5327 927/926/5328
f 927/926/5329 954/953/5330 953/952/5331
f 928/927/5332 929/928/5333 954/953/5334
f 954/953/5335 929/928/5336 955/954/5337
f 929/928/5338 930/929/5339 955/954/5340
f 955/954/5341 930/929/5342 956/955/5343
f 930/929/5344 931/930/5345 956/955/5346
f 956/955/5347 931/930/5348 957/956/5349
f 931/930/5350 932/931/5351 957/956/5352
f 957/956/5353 932/931/5354 958/957/5355
f 933/932/5356 959/958/5357 932/931/5358
f 932/931/5359 959/958/5360 958/957/5361
f 934/933/5362 960/959/5363 933/932/5364
f 933/932/5365 960/959/5366 959/958/5367
f 934/933/5368 935/934/5369 960/959/5370
f 960/959/5371 935/934/5372 961/960/5373
f 936/935/5374 937/936/5375 962/961/5376
f 962/961/5377 937/936/5378 963/962/5379
f 937/936/5380 938/937/5381 963/962/5382
f 963/962/5383 938/937/5384 964/963/5385
f 938/937/5386 939/938/5387 964/963/5388
f 964/963/5389 939/938/5390 965/964/5391
f 939/938/5392 940/939/5393 965/964/5394
f 965/964/5395 940/939/5396 966/965/5397
f 941/940/5398 967/966/5399 940/939/5400
f 940/939/5401 967/966/5402 966/965/5403
f 941/940/5404 942/941/5405 967/966/5406
f 967/966/5407 942/941/5408 968/967/5409
f 942/941/5410 943/942/5411 968/967/5412
f 968/967/5413 943/942/5414 969/968/5415
f 944/943/5416 970/969/5417 943/942/5418
f 943/942/5419 970/969/5420 969/968/5421
f 945/944/5422 971/970/5423 944/943/5424
f 944/943/5425 971/970/5426 970/969/5427
f 945/944/5428 946/945/5429 971/970/5430
f 971/970/5431 946/945/5432 972/971/5433
f 946/945/5434 947/946/5435 972/971/5436
f 972/971/5437 947/946/5438 973/972/5439
f 948/947/5440 974/973/5441 947/946/5442
f 947/946/5443 974/973/5444 973/972/5445
f 949/948/5446 975/974/5447 948/947/5448
f 948/947/5449 975/974/5450 974/973/5451
f 950/949/5452 976/975/5453 949/948/5454
f 949/948/5455 976/975/5456 975/974/5457
f 951/950/5458 977/976/5459 950/949/5460
f 950/949/5461 977/976/5462 976/975/5463
f 952/951/5464 978/977/5465 951/950/5466
f 951/950/5467 978/977/5468 977/976/5469
f 952/951/5470 953/952/5471 978/977/5472
f 978/977/5473 953/952/5474 979/978/5475
f 953/952/5476 954/953/5477 979/978/5478
f 979/978/5479 954/953/5480 980/979/5481
f 955/954/5482 981/980/5483 954/953/5484
f 954/953/5485 981/980/5486 980/979/5487
f 956/955/5488 982/981/5489 955/954/5490
f 955/954/5491 982/981/5492 981/980/5493
f 957/956/5494 983/982/5495 956/955/5496
f 956/955/5497 983/982/5498 982/981/5499
f 957/956/5500 958/957/5501 983/982/5502
f 983/982/5503 958/957/5504 984/983/5505
f 959/958/5506 985/984/5507 958/957/5508
f 958/957/5509 985/984/5510 984/983/5511
f 959/958/5512 960/959/5513 985/984/5514
f 985/984/5515 960/959/5516 986/985/5517
f 960/959/5518 961/960/5519 986/985/5520
f 986/985/5521 961/960/5522 987/986/5523
f 963/962/5524 989/987/5525 962/961/5526
f 962/961/5527 989/987/5528 988/988/5529
f 964/963/5530 990/989/5531 963/962/5532
f 963/962/5533 990/989/5534 989/987/5535
f 965/964/5536 991/990/5537 964/963/5538
f 964/963/5539 991/990/5540 990/989/5541
f 966/965/5542 992/991/5543 965/964/5544
f 965/964/5545 992/991/5546 991/990/5547
f 966/965/5548 967/966/5549 992/991/5550
f 992/991/5551 967/966/5552 993/992/5553
f 970/969/5554 995/993/5555 969/968/5556
f 971/970/5557 996/994/5558 970/969/5559
f 970/969/5560 996/994/5561 995/993/5562
f 972/971/5563 997/995/5564 971/970/5565
f 971/970/5566 997/995/5567 996/994/5568
f 973/972/5569 998/996/5570 972/971/5571
f 972/971/5572 998/996/5573 997/995/5574
f 974/973/5575 999/997/5576 973/972/5577
f 973/972/5578 999/997/5579 998/996/5580
f 975/974/5581 1000/998/5582 974/973/5583
f 974/973/5584 1000/998/5585 999/997/5586
f 975/974/5587 976/975/5588 1000/998/5589
f 1000/998/5590 976/975/5591 1001/999/5592
f 977/976/5593 1002/1000/5594 976/975/5595
f 976/975/5596 1002/1000/5597 1001/999/5598
f 978/977/5599 1003/1001/5600 977/976/5601
f 977/976/5602 1003/1001/5603 1002/1000/5604
f 978/977/5605 979/978/5606 1003/1001/5607
f 1003/1001/5608 979/978/5609 1004/1002/5610
f 979/978/5611 980/979/5612 1004/1002/5613
f 1004/1002/5614 980/979/5615 1005/1003/5616
f 981/980/5617 1006/1004/5618 980/979/5619
f 980/979/5620 1006/1004/5621 1005/1003/5622
f 981/980/5623 982/981/5624 1006/1004/5625
f 1006/1004/5626 982/981/5627 1007/1005/5628
f 982/981/5629 983/982/5630 1007/1005/5631
f 1007/1005/5632 983/982/5633 1008/1006/5634
f 983/982/5635 984/983/5636 1008/1006/5637
f 1008/1006/5638 984/983/5639 1009/1007/5640
f 984/983/5641 985/984/5642 1009/1007/5643
f 1009/1007/5644 985/984/5645 1010/1008/5646
f 985/984/5647 986/985/5648 1010/1008/5649
f 1010/1008/5650 986/985/5651 1011/1009/5652
f 987/986/5653 1012/1010/5654 986/985/5655
f 986/985/5656 1012/1010/5657 1011/1009/5658
f 989/987/5659 1014/1011/5660 988/988/5661
f 988/988/5662 1014/1011/5663 1013/1012/5664
f 990/989/5665 1015/1013/5666 989/987/5667
f 989/987/5668 1015/1013/5669 1014/1011/5670
f 990/989/5671 991/990/5672 1015/1013/5673
f 1015/1013/5674 991/990/5675 1016/1014/5676
f 991/990/5677 992/991/5678 1016/1014/5679
f 1016/1014/5680 992/991/5681 1017/1015/5682
f 992/991/5683 993/992/5684 1017/1015/5685
f 1017/1015/5686 993/992/5687 1018/1016/5688
f 993/992/5689 1019/1017/5690 1018/1016/5691
f 996/994/5692 1022/1020/5693 995/993/5694
f 995/993/5695 1022/1020/5696 1021/1019/5697
f 997/995/5698 1023/1021/5699 996/994/5700
f 996/994/5701 1023/1021/5702 1022/1020/5703
f 998/996/5704 1024/1022/5705 997/995/5706
f 997/995/5707 1024/1022/5708 1023/1021/5709
f 998/996/5710 999/997/5711 1024/1022/5712
f 1024/1022/5713 999/997/5714 1025/1023/5715
f 1000/998/5716 1026/1024/5717 999/997/5718
f 999/997/5719 1026/1024/5720 1025/1023/5721
f 1001/999/5722 1027/1025/5723 1000/998/5724
f 1000/998/5725 1027/1025/5726 1026/1024/5727
f 1002/1000/5728 1028/1026/5729 1001/999/5730
f 1001/999/5731 1028/1026/5732 1027/1025/5733
f 1002/1000/5734 1003/1001/5735 1028/1026/5736
f 1028/1026/5737 1003/1001/5738 1029/1027/5739
f 1003/1001/5740 1004/1002/5741 1029/1027/5742
f 1029/1027/5743 1004/1002/5744 1030/1028/5745
f 1005/1003/5746 1031/1029/5747 1004/1002/5748
f 1004/1002/5749 1031/1029/5750 1030/1028/5751
f 1005/1003/5752 1006/1004/5753 1031/1029/5754
f 1031/1029/5755 1006/1004/5756 1032/1030/5757
f 1006/1004/5758 1007/1005/5759 1032/1030/5760
f 1032/1030/5761 1007/1005/5762 1033/1031/5763
f 1007/1005/5764 1008/1006/5765 1033/1031/5766
f 1033/1031/5767 1008/1006/5768 1034/1032/5769
f 1008/1006/5770 1009/1007/5771 1034/1032/5772
f 1034/1032/5773 1009/1007/5774 1035/1033/5775
f 1009/1007/5776 1010/1008/5777 1035/1033/5778
f 1035/1033/5779 1010/1008/5780 1036/1034/5781
f 1010/1008/5782 1011/1009/5783 1036/1034/5784
f 1036/1034/5785 1011/1009/5786 1037/1035/5787
f 1011/1009/5788 1012/1010/5789 1037/1035/5790
f 1037/1035/5791 1012/1010/5792 1038/1036/5793
f 1013/1012/5794 1014/1011/5795 1039/1037/5796
f 1039/1037/5797 1014/1011/5798 1040/1038/5799
f 1014/1011/5800 1015/1013/5801 1040/1038/5802
f 1040/1038/5803 1015/1013/5804 1041/1039/5805
f 1015/1013/5806 1016/1014/5807 1041/1039/5808
f 1041/1039/5809 1016/1014/5810 1042/1040/5811
f 1016/1014/5812 1017/1015/5813 1042/1040/5814
f 1042/1040/5815 1017/1015/5816 1043/1041/5817
f 1018/1016/5818 1044/1042/5819 1017/1015/5820
f 1017/1015/5821 1044/1042/5822 1043/1041/5823
f 1018/1016/5824 1019/1017/5825 1044/1042/5826
f 1044/1042/5827 1019/1017/5828 1045/1043/5829
f 1019/1017/5830 1020/1018/5831 1045/1043/5832
f 1045/1043/5833 1020/1018/5834 1046/1044/5835
f 1021/1019/5836 1047/1045/5837 1020/1018/5838
f 1020/1018/5839 1047/1045/5840 1046/1044/5841
f 1022/1020/5842 1048/1046/5843 1021/1019/5844
f 1021/1019/5845 1048/1046/5846 1047/1045/5847
f 1023/1021/5848 1049/1047/5849 1022/1020/5850
f 1022/1020/5851 1049/1047/5852 1048/1046/5853
f 1024/1022/5854 1050/1048/5855 1023/1021/5856
f 1023/1021/5857 1050/1048/5858 1049/1047/5859
f 1024/1022/5860 1025/1023/5861 1050/1048/5862
f 1050/1048/5863 1025/1023/5864 1051/1049/5865
f 1025/1023/5866 1026/1024/5867 1051/1049/5868
f 1051/1049/5869 1026/1024/5870 1052/1050/5871
f 1027/1025/5872 1053/1051/5873 1026/1024/5874
f 1026/1024/5875 1053/1051/5876 1052/1050/5877
f 1028/1026/5878 1054/1052/5879 1027/1025/5880
f 1027/1025/5881 1054/1052/5882 1053/1051/5883
f 1029/1027/5884 1055/1053/5885 1028/1026/5886
f 1028/1026/5887 1055/1053/5888 1054/1052/5889
f 1029/1027/5890 1030/1028/5891 1055/1053/5892
f 1055/1053/5893 1030/1028/5894 1056/1054/5895
f 1031/1029/5896 1057/1055/5897 1030/1028/5898
f 1030/1028/5899 1057/1055/5900 1056/1054/5901
f 1031/1029/5902 1032/1030/5903 1057/1055/5904
f 1057/1055/5905 1032/1030/5906 1058/1056/5907
f 1032/1030/5908 1033/1031/5909 1058/1056/5910
f 1058/1056/5911 1033/1031/5912 1059/1057/5913
f 1033/1031/5914 1034/1032/5915 1059/1057/5916
f 1059/1057/5917 1034/1032/5918 1060/1058/5919
f 1034/1032/5920 1035/1033/5921 1060/1058/5922
f 1060/1058/5923 1035/1033/5924 1061/1059/5925
f 1035/1033/5926 1036/1034/5927 1061/1059/5928
f 1061/1059/5929 1036/1034/5930 1062/1060/5931
f 1036/1034/5932 1037/1035/5933 1062/1060/5934
f 1062/1060/5935 1037/1035/5936 1063/1061/5937
f 1037/1035/5938 1038/1036/5939 1063/1061/5940
f 1063/1061/5941 1038/1036/5942 1064/1062/5943
f 1040/1038/5944 1066/1063/5945 1039/1037/5946
f 1039/1037/5947 1066/1063/5948 1065/1064/5949
f 1041/1039/5950 1067/1065/5951 1040/1038/5952
f 1040/1038/5953 1067/1065/5954 1066/1063/5955
f 1042/1040/5956 1068/1066/5957 1041/1039/5958
f 1041/1039/5959 1068/1066/5960 1067/1065/5961
f 1043/1041/5962 1069/1067/5963 1042/1040/5964
f 1042/1040/5965 1069/1067/5966 1068/1066/5967
f 1043/1041/5968 1044/1042/5969 1069/1067/5970
f 1069/1067/5971 1044/1042/5972 1070/1068/5973
f 1045/1043/5974 1071/1069/5975 1044/1042/5976
f 1044/1042/5977 1071/1069/5978 1070/1068/5979
f 1045/1043/5980 1046/1044/5981 1071/1069/5982
f 1071/1069/5983 1046/1044/5984 1072/1070/5985
f 1047/1045/5986 1073/1071/5987 1046/1044/5988
f 1046/1044/5989 1073/1071/5990 1072/1070/5991
f 1048/1046/5992 1074/1072/5993 1047/1045/5994
f 1047/1045/5995 1074/1072/5996 1073/1071/5997
f 1049/1047/5998 1075/1073/5999 1048/1046/6000
f 1048/1046/6001 1075/1073/6002 1074/1072/6003
f 1050/1048/6004 1076/1074/6005 1049/1047/6006
f 1049/1047/6007 1076/1074/6008 1075/1073/6009
f 1051/1049/6010 1077/1075/6011 1050/1048/6012
f 1050/1048/6013 1077/1075/6014 1076/1074/6015
f 1052/1050/6016 1078/1076/6017 1051/1049/6018
f 1051/1049/6019 1078/1076/6020 1077/1075/6021
f 1053/1051/6022 1079/1077/6023 1052/1050/6024
f 1052/1050/6025 1079/1077/6026 1078/1076/6027
f 1054/1052/6028 1080/1078/6029 1053/1051/6030
f 1053/1051/6031 1080/1078/6032 1079/1077/6033
f 1054/1052/6034 1055/1053/6035 1080/1078/6036
f 1080/1078/6037 1055/1053/6038 1081/1079/6039
f 1056/1054/6040 1082/1080/6041 1055/1053/6042
f 1055/1053/6043 1082/1080/6044 1081/1079/6045
f 1056/1054/6046 1057/1055/6047 1082/1080/6048
f 1082/1080/6049 1057/1055/6050 1083/1081/6051
f 1057/1055/6052 1058/1056/6053 1083/1081/6054
f 1083/1081/6055 1058/1056/6056 1084/1082/6057
f 1058/1056/6058 1059/1057/6059 1084/1082/6060
f 1084/1082/6061 1059/1057/6062 1085/1083/6063
f 1059/1057/6064 1060/1058/6065 1085/1083/6066
f 1085/1083/6067 1060/1058/6068 1086/1084/6069
f 1061/1059/6070 1087/1085/6071 1060/1058/6072
f 1060/1058/6073 1087/1085/6074 1086/1084/6075
f 1062/1060/6076 1088/1086/6077 1061/1059/6078
f 1061/1059/6079 1088/1086/6080 1087/1085/6081
f 1063/1061/6082 1089/1087/6083 1062/1060/6084
f 1062/1060/6085 1089/1087/6086 1088/1086/6087
f 1064/1062/6088 1090/1088/6089 1063/1061/6090
f 1063/1061/6091 1090/1088/6092 1089/1087/6093
f 1065/1064/6094 1066/1063/6095 1091/1089/6096
f 1091/1089/6097 1066/1063/6098 1092/1090/6099
f 1066/1063/6100 1067/1065/6101 1092/1090/6102
f 1092/1090/6103 1067/1065/6104 1093/1091/6105
f 1068/1066/6106 1094/1092/6107 1067/1065/6108
f 1067/1065/6109 1094/1092/6110 1093/1091/6111
f 1068/1066/6112 1069/1067/6113 1094/1092/6114
f 1094/1092/6115 1069/1067/6116 1095/1093/6117
f 1070/1068/6118 1096/1094/6119 1069/1067/6120
f 1069/1067/6121 1096/1094/6122 1095/1093/6123
f 1071/1069/6124 1097/1095/6125 1070/1068/6126
f 1070/1068/6127 1097/1095/6128 1096/1094/6129
f 1071/1069/6130 1072/1070/6131 1097/1095/6132
f 1097/1095/6133 1072/1070/6134 1098/1096/6135
f 1073/1071/6136 1099/1097/6137 1072/1070/6138
f 1072/1070/6139 1099/1097/6140 1098/1096/6141
f 1074/1072/6142 1100/1098/6143 1073/1071/6144
f 1073/1071/6145 1100/1098/6146 1099/1097/6147
f 1074/1072/6148 1075/1073/6149 1100/1098/6150
f 1100/1098/6151 1075/1073/6152 1101/1099/6153
f 1076/1074/6154 1102/1100/6155 1075/1073/6156
f 1075/1073/6157 1102/1100/6158 1101/1099/6159
f 1077/1075/6160 1103/1101/6161 1076/1074/6162
f 1076/1074/6163 1103/1101/6164 1102/1100/6165
f 1078/1076/6166 1104/1102/6167 1077/1075/6168
f 1077/1075/6169 1104/1102/6170 1103/1101/6171
f 1079/1077/6172 1105/1103/6173 1078/1076/6174
f 1078/1076/6175 1105/1103/6176 1104/1102/6177
f 1079/1077/6178 1080/1078/6179 1105/1103/6180
f 1105/1103/6181 1080/1078/6182 1106/1104/6183
f 1080/1078/6184 1081/1079/6185 1106/1104/6186
f 1106/1104/6187 1081/1079/6188 1107/1105/6189
f 1082/1080/6190 1108/1106/6191 1081/1079/6192
f 1081/1079/6193 1108/1106/6194 1107/1105/6195
f 1083/1081/6196 1109/1107/6197 1082/1080/6198
f 1082/1080/6199 1109/1107/6200 1108/1106/6201
f 1083/1081/6202 1084/1082/6203 1109/1107/6204
f 1109/1107/6205 1084/1082/6206 1110/1108/6207
f 1085/1083/6208 1111/1109/6209 1084/1082/6210
f 1084/1082/6211 1111/1109/6212 1110/1108/6213
f 1085/1083/6214 1086/1084/6215 1111/1109/6216
f 1111/1109/6217 1086/1084/6218 1112/1110/6219
f 1087/1085/6220 1113/1111/6221 1086/1084/6222
f 1086/1084/6223 1113/1111/6224 1112/1110/6225
f 1088/1086/6226 1114/1112/6227 1087/1085/6228
f 1087/1085/6229 1114/1112/6230 1113/1111/6231
f 1088/1086/6232 1089/1087/6233 1114/1112/6234
f 1114/1112/6235 1089/1087/6236 1115/1113/6237
f 1089/1087/6238 1090/1088/6239 1115/1113/6240
f 1115/1113/6241 1090/1088/6242 1116/1114/6243
f 1092/1090/6244 1118/1115/6245 1091/1089/6246
f 1091/1089/6247 1118/1115/6248 1117/1116/6249
f 1093/1091/6250 1119/1117/6251 1092/1090/6252
f 1092/1090/6253 1119/1117/6254 1118/1115/6255
f 1094/1092/6256 1120/1118/6257 1093/1091/6258
f 1093/1091/6259 1120/1118/6260 1119/1117/6261
f 1094/1092/6262 1095/1093/6263 1120/1118/6264
f 1120/1118/6265 1095/1093/6266 1121/1119/6267
f 1095/1093/6268 1096/1094/6269 1121/1119/6270
f 1121/1119/6271 1096/1094/6272 1122/1120/6273
f 1096/1094/6274 1097/1095/6275 1122/1120/6276
f 1122/1120/6277 1097/1095/6278 1123/1121/6279
f 1098/1096/6280 1124/1122/6281 1097/1095/6282
f 1097/1095/6283 1124/1122/6284 1123/1121/6285
f 1099/1097/6286 1125/1123/6287 1098/1096/6288
f 1098/1096/6289 1125/1123/6290 1124/1122/6291
f 1099/1097/6292 1100/1098/6293 1125/1123/6294
f 1125/1123/6295 1100/1098/6296 1126/1124/6297
f 1100/1098/6298 1101/1099/6299 1126/1124/6300
f 1126/1124/6301 1101/1099/6302 1127/1125/6303
f 1102/1100/6304 1128/1126/6305 1101/1099/6306
f 1101/1099/6307 1128/1126/6308 1127/1125/6309
f 1103/1101/6310 1129/1127/6311 1102/1100/6312
f 1102/1100/6313 1129/1127/6314 1128/1126/6315
f 1103/1101/6316 1104/1102/6317 1129/1127/6318
f 1129/1127/6319 1104/1102/6320 1130/1128/6321
f 1105/1103/6322 1131/1129/6323 1104/1102/6324
f 1104/1102/6325 1131/1129/6326 1130/1128/6327
f 1105/1103/6328 1106/1104/6329 1131/1129/6330
f 1131/1129/6331 1106/1104/6332 1132/1130/6333
f 1107/1105/6334 1133/1131/6335 1106/1104/6336
f 1106/1104/6337 1133/1131/6338 1132/1130/6339
f 1107/1105/6340 1108/1106/6341 1133/1131/6342
f 1133/1131/6343 1108/1106/6344 1134/1132/6345
f 1108/1106/6346 1109/1107/6347 1134/1132/6348
f 1134/1132/6349 1109/1107/6350 1135/1133/6351
f 1109/1107/6352 1110/1108/6353 1135/1133/6354
f 1135/1133/6355 1110/1108/6356 1136/1134/6357
f 1110/1108/6358 1111/1109/6359 1136/1134/6360
f 1136/1134/6361 1111/1109/6362 1137/1135/6363
f 1112/1110/6364 1138/1136/6365 1111/1109/6366
f 1111/1109/6367 1138/1136/6368 1137/1135/6369
f 1113/1111/6370 1139/1137/6371 1112/1110/6372
f 1112/1110/6373 1139/1137/6374 1138/1136/6375
f 1114/1112/6376 1140/1138/6377 1113/1111/6378
f 1113/1111/6379 1140/1138/6380 1139/1137/6381
f 1115/1113/6382 1141/1139/6383 1114/1112/6384
f 1114/1112/6385 1141/1139/6386 1140/1138/6387
f 1115/1113/6388 1116/1114/6389 1141/1139/6390
f 1141/1139/6391 1116/1114/6392 1142/1140/6393
f 1118/1115/6394 1144/1141/6395 1117/1116/6396
f 1117/1116/6397 1144/1141/6398 1143/1142/6399
f 1118/1115/6400 1119/1117/6401 1144/1141/6402
f 1144/1141/6403 1119/1117/6404 1145/1143/6405
f 1120/1118/6406 1146/1144/6407 1119/1117/6408
f 1119/1117/6409 1146/1144/6410 1145/1143/6411
f 1121/1119/6412 1147/1145/6413 1120/1118/6414
f 1120/1118/6415 1147/1145/6416 1146/1144/6417
f 1122/1120/6418 1148/1146/6419 1121/1119/6420
f 1121/1119/6421 1148/1146/6422 1147/1145/6423
f 1123/1121/6424 1149/1147/6425 1122/1120/6426
f 1122/1120/6427 1149/1147/6428 1148/1146/6429
f 1124/1122/6430 1150/1148/6431 1123/1121/6432
f 1123/1121/6433 1150/1148/6434 1149/1147/6435
f 1124/1122/6436 1125/1123/6437 1150/1148/6438
f 1150/1148/6439 1125/1123/6440 1151/1149/6441
f 1125/1123/6442 1126/1124/6443 1151/1149/6444
f 1151/1149/6445 1126/1124/6446 1152/1150/6447
f 1127/1125/6448 1153/1151/6449 1126/1124/6450
f 1126/1124/6451 1153/1151/6452 1152/1150/6453
f 1127/1125/6454 1128/1126/6455 1153/1151/6456
f 1153/1151/6457 1128/1126/6458 1154/1152/6459
f 1129/1127/6460 1155/1153/6461 1128/1126/6462
f 1128/1126/6463 1155/1153/6464 1154/1152/6465
f 1129/1127/6466 1130/1128/6467 1155/1153/6468
f 1155/1153/6469 1130/1128/6470 1156/1154/6471
f 1131/1129/6472 1157/1155/6473 1130/1128/6474
f 1130/1128/6475 1157/1155/6476 1156/1154/6477
f 1131/1129/6478 1132/1130/6479 1157/1155/6480
f 1157/1155/6481 1132/1130/6482 1158/1156/6483
f 1132/1130/6484 1133/1131/6485 1158/1156/6486
f 1158/1156/6487 1133/1131/6488 1159/1157/6489
f 1133/1131/6490 1134/1132/6491 1159/1157/6492
f 1159/1157/6493 1134/1132/6494 1160/1158/6495
f 1135/1133/6496 1161/1159/6497 1134/1132/6498
f 1134/1132/6499 1161/1159/6500 1160/1158/6501
f 1136/1134/6502 1162/1160/6503 1135/1133/6504
f 1135/1133/6505 1162/1160/6506 1161/1159/6507
f 1137/1135/6508 1163/1161/6509 1136/1134/6510
f 1136/1134/6511 1163/1161/6512 1162/1160/6513
f 1138/1136/6514 1164/1162/6515 1137/1135/6516
f 1137/1135/6517 1164/1162/6518 1163/1161/6519
f 1138/1136/6520 1139/1137/6521 1164/1162/6522
f 1164/1162/6523 1139/1137/6524 1165/1163/6525
f 1140/1138/6526 1166/1164/6527 1139/1137/6528
f 1139/1137/6529 1166/1164/6530 1165/1163/6531
f 1140/1138/6532 1141/1139/6533 1166/1164/6534
f 1166/1164/6535 1141/1139/6536 1167/1165/6537
f 1141/1139/6538 1142/1140/6539 1167/1165/6540
f 1167/1165/6541 1142/1140/6542 1168/1166/6543
f 1144/1141/6544 1170/1167/6545 1143/1142/6546
f 1143/1142/6547 1170/1167/6548 1169/1168/6549
f 1144/1141/6550 1145/1143/6551 1170/1167/6552
f 1170/1167/6553 1145/1143/6554 1171/1169/6555
f 1145/1143/6556 1146/1144/6557 1171/1169/6558
f 1171/1169/6559 1146/1144/6560 1172/1170/6561
f 1147/1145/6562 1173/1171/6563 1146/1144/6564
f 1146/1144/6565 1173/1171/6566 1172/1170/6567
f 1148/1146/6568 1174/1172/6569 1147/1145/6570
f 1147/1145/6571 1174/1172/6572 1173/1171/6573
f 1149/1147/6574 1175/1173/6575 1148/1146/6576
f 1148/1146/6577 1175/1173/6578 1174/1172/6579
f 1150/1148/6580 1176/1174/6581 1149/1147/6582
f 1149/1147/6583 1176/1174/6584 1175/1173/6585
f 1150/1148/6586 1151/1149/6587 1176/1174/6588
f 1176/1174/6589 1151/1149/6590 1177/1175/6591
f 1151/1149/6592 1152/1150/6593 1177/1175/6594
f 1177/1175/6595 1152/1150/6596 1178/1176/6597
f 1152/1150/6598 1153/1151/6599 1178/1176/6600
f 1178/1176/6601 1153/1151/6602 1179/1177/6603
f 1153/1151/6604 1154/1152/6605 1179/1177/6606
f 1179/1177/6607 1154/1152/6608 1180/1178/6609
f 1155/1153/6610 1181/1179/6611 1154/1152/6612
f 1154/1152/6613 1181/1179/6614 1180/1178/6615
f 1156/1154/6616 1182/1180/6617 1155/1153/6618
f 1155/1153/6619 1182/1180/6620 1181/1179/6621
f 1156/1154/6622 1157/1155/6623 1182/1180/6624
f 1182/1180/6625 1157/1155/6626 1183/1181/6627
f 1157/1155/6628 1158/1156/6629 1183/1181/6630
f 1183/1181/6631 1158/1156/6632 1184/1182/6633
f 1158/1156/6634 1159/1157/6635 1184/1182/6636
f 1184/1182/6637 1159/1157/6638 1185/1183/6639
f 1160/1158/6640 1186/1184/6641 1159/1157/6642
f 1159/1157/6643 1186/1184/6644 1185/1183/6645
f 1161/1159/6646 1187/1185/6647 1160/1158/6648
f 1160/1158/6649 1187/1185/6650 1186/1184/6651
f 1162/1160/6652 1188/1186/6653 1161/1159/6654
f 1161/1159/6655 1188/1186/6656 1187/1185/6657
f 1163/1161/6658 1189/1187/6659 1162/1160/6660
f 1162/1160/6661 1189/1187/6662 1188/1186/6663
f 1163/1161/6664 1164/1162/6665 1189/1187/6666
f 1189/1187/6667 1164/1162/6668 1190/1188/6669
f 1165/1163/6670 1191/1189/6671 1164/1162/6672
f 1164/1162/6673 1191/1189/6674 1190/1188/6675
f 1166/1164/6676 1192/1190/6677 1165/1163/6678
f 1165/1163/6679 1192/1190/6680 1191/1189/6681
f 1166/1164/6682 1167/1165/6683 1192/1190/6684
f 1192/1190/6685 1167/1165/6686 1193/1191/6687
f 1167/1165/6688 1168/1166/6689 1193/1191/6690
f 1193/1191/6691 1168/1166/6692 1194/1192/6693
f 1169/1168/6694 1170/1167/6695 1195/1193/6696
f 1195/1193/6697 1170/1167/6698 1196/1194/6699
f 1170/1167/6700 1171/1169/6701 1196/1194/6702
f 1196/1194/6703 1171/1169/6704 1197/1195/6705
f 1172/1170/6706 1198/1196/6707 1171/1169/6708
f 1171/1169/6709 1198/1196/6710 1197/1195/6711
f 1173/1171/6712 1199/1197/6713 1172/1170/6714
f 1172/1170/6715 1199/1197/6716 1198/1196/6717
f 1173/1171/6718 1174/1172/6719 1199/1197/6720
f 1199/1197/6721 1174/1172/6722 1200/1198/6723
f 1175/1173/6724 1201/1199/6725 1174/1172/6726
f 1174/1172/6727 1201/1199/6728 1200/1198/6729
f 1176/1174/6730 1202/1200/6731 1175/1173/6732
f 1175/1173/6733 1202/1200/6734 1201/1199/6735
f 1177/1175/6736 1203/1201/6737 1176/1174/6738
f 1176/1174/6739 1203/1201/6740 1202/1200/6741
f 1177/1175/6742 1178/1176/6743 1203/1201/6744
f 1203/1201/6745 1178/1176/6746 1204/1202/6747
f 1178/1176/6748 1179/1177/6749 1204/1202/6750
f 1204/1202/6751 1179/1177/6752 1205/1203/6753
f 1179/1177/6754 1180/1178/6755 1205/1203/6756
f 1205/1203/6757 1180/1178/6758 1206/1204/6759
f 1181/1179/6760 1207/1205/6761 1180/1178/6762
f 1180/1178/6763 1207/1205/6764 1206/1204/6765
f 1182/1180/6766 1208/1206/6767 1181/1179/6768
f 1181/1179/6769 1208/1206/6770 1207/1205/6771
f 1182/1180/6772 1183/1181/6773 1208/1206/6774
f 1208/1206/6775 1183/1181/6776 1209/1207/6777
f 1183/1181/6778 1184/1182/6779 1209/1207/6780
f 1209/1207/6781 1184/1182/6782 1210/1208/6783
f 1184/1182/6784 1185/1183/6785 1210/1208/6786
f 1210/1208/6787 1185/1183/6788 1211/1209/6789
f 1185/1183/6790 1186/1184/6791 1211/1209/6792
f 1211/1209/6793 1186/1184/6794 1212/1210/6795
f 1186/1184/6796 1187/1185/6797 1212/1210/6798
f 1212/1210/6799 1187/1185/6800 1213/1211/6801
f 1188/1186/6802 1214/1212/6803 1187/1185/6804
f 1187/1185/6805 1214/1212/6806 1213/1211/6807
f 1189/1187/6808 1215/1213/6809 1188/1186/6810
f 1188/1186/6811 1215/1213/6812 1214/1212/6813
f 1190/1188/6814 1216/1214/6815 1189/1187/6816
f 1189/1187/6817 1216/1214/6818 1215/1213/6819
f 1190/1188/6820 1191/1189/6821 1216/1214/6822
f 1216/1214/6823 1191/1189/6824 1217/1215/6825
f 1191/1189/6826 1192/1190/6827 1217/1215/6828
f 1217/1215/6829 1192/1190/6830 1218/1216/6831
f 1193/1191/6832 1219/1217/6833 1192/1190/6834
f 1192/1190/6835 1219/1217/6836 1218/1216/6837
f 1193/1191/6838 1194/1192/6839 1219/1217/6840
f 1219/1217/6841 1194/1192/6842 1220/1218/6843
f 1196/1194/6844 1222/1219/6845 1195/1193/6846
f 1195/1193/6847 1222/1219/6848 1221/1220/6849
f 1197/1195/6850 1223/1221/6851 1196/1194/6852
f 1196/1194/6853 1223/1221/6854 1222/1219/6855
f 1197/1195/6856 1198/1196/6857 1223/1221/6858
f 1223/1221/6859 1198/1196/6860 1224/1222/6861
f 1198/1196/6862 1199/1197/6863 1224/1222/6864
f 1224/1222/6865 1199/1197/6866 1225/1223/6867
f 1200/1198/6868 1226/1224/6869 1199/1197/6870
f 1199/1197/6871 1226/1224/6872 1225/1223/6873
f 1201/1199/6874 1227/1225/6875 1200/1198/6876
f 1200/1198/6877 1227/1225/6878 1226/1224/6879
f 1201/1199/6880 1202/1200/6881 1227/1225/6882
f 1227/1225/6883 1202/1200/6884 1228/1226/6885
f 1203/1201/6886 1229/1227/6887 1202/1200/6888
f 1202/1200/6889 1229/1227/6890 1228/1226/6891
f 1204/1202/6892 1230/1228/6893 1203/1201/6894
f 1203/1201/6895 1230/1228/6896 1229/1227/6897
f 1204/1202/6898 1205/1203/6899 1230/1228/6900
f 1230/1228/6901 1205/1203/6902 1231/1229/6903
f 1206/1204/6904 1232/1230/6905 1205/1203/6906
f 1205/1203/6907 1232/1230/6908 1231/1229/6909
f 1207/1205/6910 1233/1231/6911 1206/1204/6912
f 1206/1204/6913 1233/1231/6914 1232/1230/6915
f 1207/1205/6916 1208/1206/6917 1233/1231/6918
f 1233/1231/6919 1208/1206/6920 1234/1232/6921
f 1208/1206/6922 1209/1207/6923 1234/1232/6924
f 1234/1232/6925 1209/1207/6926 1235/1233/6927
f 1210/1208/6928 1236/1234/6929 1209/1207/6930
f 1209/1207/6931 1236/1234/6932 1235/1233/6933
f 1211/1209/6934 1237/1235/6935 1210/1208/6936
f 1210/1208/6937 1237/1235/6938 1236/1234/6939
f 1212/1210/6940 1238/1236/6941 1211/1209/6942
f 1211/1209/6943 1238/1236/6944 1237/1235/6945
f 1212/1210/6946 1213/1211/6947 1238/1236/6948
f 1238/1236/6949 1213/1211/6950 1239/1237/6951
f 1214/1212/6952 1240/1238/6953 1213/1211/6954
f 1213/1211/6955 1240/1238/6956 1239/1237/6957
f 1215/1213/6958 1241/1239/6959 1214/1212/6960
f 1214/1212/6961 1241/1239/6962 1240/1238/6963
f 1215/1213/6964 1216/1214/6965 1241/1239/6966
f 1241/1239/6967 1216/1214/6968 1242/1240/6969
f 1217/1215/6970 1243/1241/6971 1216/1214/6972
f 1216/1214/6973 1243/1241/6974 1242/1240/6975
f 1218/1216/6976 1244/1242/6977 1217/1215/6978
f 1217/1215/6979 1244/1242/6980 1243/1241/6981
f 1219/1217/6982 1245/1243/6983 1218/1216/6984
f 1218/1216/6985 1245/1243/6986 1244/1242/6987
f 1220/1218/6988 1246/1244/6989 1219/1217/6990
f 1219/1217/6991 1246/1244/6992 1245/1243/6993
f 1221/1220/6994 1222/1219/6995 1247/1245/6996
f 1247/1245/6997 1222/1219/6998 1248/1246/6999
f 1223/1221/7000 1249/1247/7001 1222/1219/7002
f 1222/1219/7003 1249/1247/7004 1248/1246/7005
f 1224/1222/7006 1250/1248/7007 1223/1221/7008
f 1223/1221/7009 1250/1248/7010 1249/1247/7011
f 1225/1223/7012 1251/1249/7013 1224/1222/7014
f 1224/1222/7015 1251/1249/7016 1250/1248/7017
f 1225/1223/7018 1226/1224/7019 1251/1249/7020
f 1251/1249/7021 1226/1224/7022 1252/1250/7023
f 1227/1225/7024 1253/1251/7025 1226/1224/7026
f 1226/1224/7027 1253/1251/7028 1252/1250/7029
f 1228/1226/7030 1254/1252/7031 1227/1225/7032
f 1227/1225/7033 1254/1252/7034 1253/1251/7035
f 1228/1226/7036 1229/1227/7037 1254/1252/7038
f 1254/1252/7039 1229/1227/7040 1255/1253/7041
f 1229/1227/7042 1230/1228/7043 1255/1253/7044
f 1255/1253/7045 1230/1228/7046 1256/1254/7047
f 1230/1228/7048 1231/1229/7049 1256/1254/7050
f 1256/1254/7051 1231/1229/7052 1257/1255/7053
f 1231/1229/7054 1232/1230/7055 1257/1255/7056
f 1257/1255/7057 1232/1230/7058 1258/1256/7059
f 1232/1230/7060 1233/1231/7061 1258/1256/7062
f 1258/1256/7063 1233/1231/7064 1259/1257/7065
f 1233/1231/7066 1234/1232/7067 1259/1257/7068
f 1259/1257/7069 1234/1232/7070 1260/1258/7071
f 1234/1232/7072 1235/1233/7073 1260/1258/7074
f 1260/1258/7075 1235/1233/7076 1261/1259/7077
f 1236/1234/7078 1262/1260/7079 1235/1233/7080
f 1235/1233/7081 1262/1260/7082 1261/1259/7083
f 1237/1235/7084 1263/1261/7085 1236/1234/7086
f 1236/1234/7087 1263/1261/7088 1262/1260/7089
f 1237/1235/7090 1238/1236/7091 1263/1261/7092
f 1263/1261/7093 1238/1236/7094 1264/1262/7095
f 1238/1236/7096 1239/1237/7097 1264/1262/7098
f 1264/1262/7099 1239/1237/7100 1265/1263/7101
f 1239/1237/7102 1240/1238/7103 1265/1263/7104
f 1265/1263/7105 1240/1238/7106 1266/1264/7107
f 1240/1238/7108 1241/1239/7109 1266/1264/7110
f 1266/1264/7111 1241/1239/7112 1267/1265/7113
f 1241/1239/7114 1242/1240/7115 1267/1265/7116
f 1267/1265/7117 1242/1240/7118 1268/1266/7119
f 1242/1240/7120 1243/1241/7121 1268/1266/7122
f 1268/1266/7123 1243/1241/7124 1269/1267/7125
f 1244/1242/7126 1270/1268/7127 1243/1241/7128
f 1243/1241/7129 1270/1268/7130 1269/1267/7131
f 1245/1243/7132 1271/1269/7133 1244/1242/7134
f 1244/1242/7135 1271/1269/7136 1270/1268/7137
f 1246/1244/7138 1272/1270/7139 1245/1243/7140
f 1245/1243/7141 1272/1270/7142 1271/1269/7143
f 1276/1275/7144 1280/1277/7145 1277/1276/7146
s 1
f 1281/1279/7147 1277/1276/7148 1280/1277/7149
s 2
f 1282/1280/7150 1273/1272/7151 1279/1271/7152
s off
f 1282/1280/7153 1283/1281/7154 1274/1273/7155
f 1274/1273/7156 1283/1281/7157 1275/1274/7158
s 3
f 1276/1275/7159 1275/1274/7160 1284/1282/7161
s off
f 1276/1275/7162 1284/1282/7163 1280/1277/7164
f 1284/1282/7165 1285/1283/7166 1280/1277/7167
s 4
f 1288/1287/7168 1280/1277/7169 1285/1283/7170
s off
f 1282/1280/7171 448/1285/7172 1283/1281/7173
f 448/1285/7174 1287/1286/7175 1283/1281/7176
f 1283/1281/7177 1287/1286/7178 1284/1282/7179
f 1284/1282/7180 1287/1286/7181 1285/1283/7182
s 5
f 1289/1288/7183 1279/1271/7184 1286/1284/7185
s off
f 1282/1280/7186 1289/1288/7187 448/1285/7188
f 1285/1283/7189 1287/1286/7190 1290/1289/7191
s 6
f 1294/1293/7192 1285/1283/7193 1290/1289/7194
s off
f 1287/1286/7195 448/1285/7196 1291/1290/7197
f 1291/1290/7198 1290/1289/7199 1287/1286/7200
f 448/1285/7201 1293/1292/7202 1291/1290/7203
f 448/1285/7204 1289/1288/7205 1293/1292/7206
f 1286/1284/7207 1295/1294/7208 1289/1288/7209
f 1289/1288/7210 1295/1294/7211 1293/1292/7212
f 1292/1291/7213 1295/1294/7214 1286/1284/7215
f 1295/1294/7216 1296/1295/7217 1293/1292/7218
s 7
f 1301/1300/7219 1293/1292/7220 1296/1295/7221
s off
f 1294/1293/7222 1290/1289/7223 1297/1296/7224
f 1290/1289/7225 1291/1290/7226 1299/1298/7227
f 1299/1298/7228 1297/1296/7229 1290/1289/7230
s 8
f 1300/1299/7231 1292/1291/7232 1298/1297/7233
s off
f 1300/1299/7234 1296/1295/7235 1295/1294/7236
f 1291/1290/7237 1301/1300/7238 1299/1298/7239
f 1296/1295/7240 1300/1299/7241 994/1301/7242
f 1296/1295/7243 994/1301/7244 1301/1300/7245
f 1299/1298/7246 1303/1303/7247 1297/1296/7248
f 1301/1300/7249 994/1301/7250 1304/1304/7251
f 1304/1304/7252 1305/1305/7253 1301/1300/7254
f 1301/1300/7255 1305/1305/7256 1299/1298/7257
f 1305/1305/7258 1303/1303/7259 1299/1298/7260
f 1302/1302/7261 1306/1306/7262 1298/1297/7263
f 1298/1297/7264 1306/1306/7265 1300/1299/7266
f 1306/1306/7267 1307/1307/7268 1300/1299/7269
f 1300/1299/7270 1307/1307/7271 994/1301/7272
f 1307/1308/7273 1304/1304/7274 994/1301/7275
f 1306/1306/7276 1302/1302/7277 1309/1310/7278
f 1309/1310/7279 1310/1311/7280 1306/1306/7281
f 1306/1306/7282 1310/1311/7283 1307/1307/7284
s 9
f 1313/1314/7285 1307/1307/7286 1310/1311/7287
s off
f 1303/1303/7288 1305/1305/7289 1311/1312/7290
f 1304/1304/7291 1312/1313/7292 1305/1305/7293
f 1305/1305/7294 1312/1313/7295 1311/1312/7296
f 1308/1309/7297 1309/1310/7298 1302/1302/7299
f 1313/1314/7300 1312/1313/7301 1304/1304/7302
f 1314/1315/7303 1315/1316/7304 1308/1309/7305
f 1308/1309/7306 1315/1316/7307 1309/1310/7308
f 1309/1310/7309 1315/1316/7310 1316/1317/7311
f 1309/1310/7312 1316/1317/7313 1310/1311/7314
f 1310/1311/7315 1316/1317/7316 1317/1318/7317
f 1310/1311/7318 1317/1318/7319 1313/1314/7320
f 1313/1314/7321 1317/1318/7322 1318/1319/7323
f 1313/1314/7324 1318/1319/7325 1312/1313/7326
f 1318/1319/7327 1319/1320/7328 1312/1313/7329
f 1312/1313/7330 1319/1320/7331 1311/1312/7332
f 25/49/7333 1277/1276/7334 26/51/7335
f 26/51/7336 1277/1276/7337 1278/1278/7338
f 25/49/7339 24/47/7340 1277/1276/7341
f 23/45/7342 1277/1276/7343 24/47/7344
f 22/43/7345 1277/1276/7346 23/45/7347
f 21/41/7348 1277/1276/7349 22/43/7350
f 20/39/7351 1276/1275/7352 21/41/7353
f 21/41/7354 1276/1275/7355 1277/1276/7356
f 20/39/7357 19/37/7358 1276/1275/7359
f 19/37/7360 18/35/7361 1276/1275/7362
f 17/33/7363 1276/1275/7364 18/35/7365
f 16/31/7366 1276/1275/7367 17/33/7368
f 16/31/7369 15/29/7370 1276/1275/7371
f 14/27/7372 1276/1275/7373 15/29/7374
f 14/27/7375 13/25/7376 1276/1275/7377
f 1276/1275/7378 13/25/7379 1275/1274/7380
f 13/25/7381 12/23/7382 1275/1274/7383
f 11/21/7384 1275/1274/7385 12/23/7386
f 11/21/7387 10/19/7388 1275/1274/7389
f 10/19/7390 9/17/7391 1275/1274/7392
f 1275/1274/7393 9/17/7394 1274/1273/7395
f 8/15/7396 1274/1273/7397 9/17/7398
f 7/13/7399 1274/1273/7400 8/15/7401
f 7/13/7402 6/11/7403 1274/1273/7404
f 6/11/7405 5/9/7406 1274/1273/7407
f 5/9/7408 4/7/7409 1274/1273/7410
f 4/7/7411 3/5/7412 1274/1273/7413
f 2/1/7414 1274/1273/7415 3/5/7416
f 2/1/7417 1/3/7418 1274/1273/7419
f 1274/1273/7420 1/3/7421 1273/1272/7422
f 27/4/7423 1279/1271/7424 1/3/7425
f 1/3/7426 1279/1271/7427 1273/1272/7428
f 53/53/7429 1279/1271/7430 27/4/7431
f 79/79/7432 1279/1271/7433 53/53/7434
f 105/106/7435 1279/1271/7436 79/79/7437
f 105/106/7438 131/132/7439 1279/1271/7440
f 157/157/7441 1279/1271/7442 131/132/7443
f 157/157/7444 183/183/7445 1279/1271/7446
f 183/183/7447 209/209/7448 1279/1271/7449
f 235/235/7450 1286/1284/7451 209/209/7452
f 209/209/7453 1286/1284/7454 1279/1271/7455
f 235/235/7456 261/261/7457 1286/1284/7458
f 287/288/7459 1286/1284/7460 261/261/7461
f 287/288/7462 313/313/7463 1286/1284/7464
f 313/313/7465 339/339/7466 1286/1284/7467
f 339/339/7468 365/366/7469 1286/1284/7470
f 365/366/7471 391/391/7472 1286/1284/7473
f 417/417/7474 1286/1284/7475 391/391/7476
f 443/443/7477 1286/1284/7478 417/417/7479
f 468/468/7480 1286/1284/7481 443/443/7482
f 494/494/7483 1292/1291/7484 468/468/7485
f 468/468/7486 1292/1291/7487 1286/1284/7488
f 494/494/7489 520/519/7490 1292/1291/7491
f 546/545/7492 1292/1291/7493 520/519/7494
f 572/572/7495 1292/1291/7496 546/545/7497
f 572/572/7498 598/598/7499 1292/1291/7500
f 598/598/7501 624/624/7502 1292/1291/7503
f 624/624/7504 650/650/7505 1292/1291/7506
f 650/650/7507 676/675/7508 1292/1291/7509
f 1292/1291/7510 676/675/7511 1298/1297/7512
f 676/675/7513 702/701/7514 1298/1297/7515
f 702/701/7516 728/728/7517 1298/1297/7518
f 754/753/7519 1298/1297/7520 728/728/7521
f 754/753/7522 780/779/7523 1298/1297/7524
f 806/806/7525 1298/1297/7526 780/779/7527
f 806/806/7528 832/831/7529 1298/1297/7530
f 858/857/7531 1302/1302/7532 832/831/7533
f 832/831/7534 1302/1302/7535 1298/1297/7536
f 884/883/7537 1302/1302/7538 858/857/7539
f 884/883/7540 910/909/7541 1302/1302/7542
f 910/909/7543 936/935/7544 1302/1302/7545
f 936/935/7546 962/961/7547 1302/1302/7548
f 988/988/7549 1302/1302/7550 962/961/7551
f 1013/1012/7552 1302/1302/7553 988/988/7554
f 1013/1012/7555 1039/1037/7556 1302/1302/7557
f 1065/1064/7558 1308/1309/7559 1039/1037/7560
f 1039/1037/7561 1308/1309/7562 1302/1302/7563
f 1065/1064/7564 1091/1089/7565 1308/1309/7566
f 1091/1089/7567 1117/1116/7568 1308/1309/7569
f 1117/1116/7570 1143/1142/7571 1308/1309/7572
f 1169/1168/7573 1308/1309/7574 1143/1142/7575
f 1169/1168/7576 1195/1193/7577 1308/1309/7578
f 1221/1220/7579 1308/1309/7580 1195/1193/7581
f 1221/1220/7582 1247/1245/7583 1308/1309/7584
f 1308/1309/7585 1247/1245/7586 1314/1315/7587
f 1246/1244/7588 1311/1312/7589 1272/1270/7590
f 1272/1270/7591 1311/1312/7592 1319/1320/7593
f 1246/1244/7594 1220/1218/7595 1311/1312/7596
f 1194/1192/7597 1311/1312/7598 1220/1218/7599
f 1194/1192/7600 1168/1166/7601 1311/1312/7602
f 1168/1166/7603 1142/1140/7604 1311/1312/7605
f 1116/1114/7606 1311/1312/7607 1142/1140/7608
f 1116/1114/7609 1090/1088/7610 1311/1312/7611
f 1064/1062/7612 1303/1303/7613 1090/1088/7614
f 1090/1088/7615 1303/1303/7616 1311/1312/7617
f 1064/1062/7618 1038/1036/7619 1303/1303/7620
f 1038/1036/7621 1012/1010/7622 1303/1303/7623
f 1012/1010/7624 987/986/7625 1303/1303/7626
f 987/986/7627 961/960/7628 1303/1303/7629
f 935/934/7630 1303/1303/7631 961/960/7632
f 909/908/7633 1303/1303/7634 935/934/7635
f 883/882/7636 1303/1303/7637 909/908/7638
f 857/856/7639 1297/1296/7640 883/882/7641
f 883/882/7642 1297/1296/7643 1303/1303/7644
f 857/856/7645 831/830/7646 1297/1296/7647
f 805/804/7648 1297/1296/7649 831/830/7650
f 779/778/7651 1297/1296/7652 805/804/7653
f 779/778/7654 753/752/7655 1297/1296/7656
f 753/752/7657 727/726/7658 1297/1296/7659
f 727/726/7660 701/700/7661 1297/1296/7662
f 701/700/7663 675/674/7664 1297/1296/7665
f 675/674/7666 649/648/7667 1297/1296/7668
f 1297/1296/7669 649/648/7670 1294/1293/7671
f 649/648/7672 623/622/7673 1294/1293/7674
f 597/596/7675 1294/1293/7676 623/622/7677
f 597/596/7678 571/570/7679 1294/1293/7680
f 545/544/7681 1294/1293/7682 571/570/7683
f 545/544/7684 519/518/7685 1294/1293/7686
f 493/492/7687 1288/1287/7688 519/518/7689
f 519/518/7690 1288/1287/7691 1294/1293/7692
f 467/466/7693 1288/1287/7694 493/492/7695
f 467/466/7696 442/442/7697 1288/1287/7698
f 442/442/7699 416/416/7700 1288/1287/7701
f 416/416/7702 390/390/7703 1288/1287/7704
f 364/364/7705 1288/1287/7706 390/390/7707
f 338/338/7708 1288/1287/7709 364/364/7710
f 338/338/7711 312/312/7712 1288/1287/7713
f 286/286/7714 1288/1287/7715 312/312/7716
f 286/286/7717 260/260/7718 1288/1287/7719
f 260/260/7720 234/234/7721 1288/1287/7722
f 1288/1287/7723 234/234/7724 1281/1279/7725
f 234/234/7726 208/208/7727 1281/1279/7728
f 182/182/7729 1281/1279/7730 208/208/7731
f 182/182/7732 156/156/7733 1281/1279/7734
f 130/130/7735 1281/1279/7736 156/156/7737
f 130/130/7738 104/104/7739 1281/1279/7740
f 104/104/7741 78/78/7742 1281/1279/7743
f 78/78/7744 52/52/7745 1281/1279/7746
f 52/52/7747 26/51/7748 1281/1279/7749
f 1281/1279/7750 26/51/7751 1278/1278/7752
f 1248/1246/7753 1314/1315/7754 1247/1245/7755
f 1248/1246/7756 1249/1247/7757 1314/1315/7758
f 1250/1248/7759 1315/1316/7760 1249/1247/7761
f 1249/1247/7762 1315/1316/7763 1314/1315/7764
f 1250/1248/7765 1251/1249/7766 1315/1316/7767
f 1252/1250/7768 1315/1316/7769 1251/1249/7770
f 1252/1250/7771 1253/1251/7772 1315/1316/7773
f 1253/1251/7774 1254/1252/7775 1315/1316/7776
f 1254/1252/7777 1255/1253/7778 1315/1316/7779
f 1315/1316/7780 1255/1253/7781 1316/1317/7782
f 1256/1254/7783 1316/1317/7784 1255/1253/7785
f 1256/1254/7786 1257/1255/7787 1316/1317/7788
f 1258/1256/7789 1316/1317/7790 1257/1255/7791
f 1258/1256/7792 1259/1257/7793 1316/1317/7794
f 1316/1317/7795 1259/1257/7796 1317/1318/7797
f 1260/1258/7798 1317/1318/7799 1259/1257/7800
f 1260/1258/7801 1261/1259/7802 1317/1318/7803
f 1262/1260/7804 1317/1318/7805 1261/1259/7806
f 1262/1260/7807 1263/1261/7808 1317/1318/7809
f 1263/1261/7810 1264/1262/7811 1317/1318/7812
f 1265/1263/7813 1317/1318/7814 1264/1262/7815
f 1266/1264/7816 1318/1319/7817 1265/1263/7818
f 1265/1263/7819 1318/1319/7820 1317/1318/7821
f 1267/1265/7822 1318/1319/7823 1266/1264/7824
f 1267/1265/7825 1268/1266/7826 1318/1319/7827
f 1269/1267/7828 1318/1319/7829 1268/1266/7830
f 1269/1267/7831 1270/1268/7832 1318/1319/7833
f 1270/1268/7834 1271/1269/7835 1318/1319/7836
f 1271/1269/7837 1272/1270/7838 1318/1319/7839
f 1318/1319/7840 1272/1270/7841 1319/1320/7842
s 1
f 1278/1278/7843 1277/1276/7148 1281/1279/7147
s 4
f 1281/1279/7844 1280/1277/7169 1288/1287/7168
s 6
f 1288/1287/7845 1285/1283/7193 1294/1293/7192
s 7
f 1291/1290/7846 1293/1292/7220 1301/1300/7219
s 9
f 1304/1304/7847 1307/1307/7286 1313/1314/7285
s 8
f 1295/1294/7848 1292/1291/7232 1300/1299/7231
s 5
f 1282/1280/7849 1279/1271/7184 1289/1288/7183
s 2
f 1274/1273/7850 1273/1272/7151 1282/1280/7150
s 3
f 1284/1282/7161 1275/1274/7160 1283/1281/7851
s 10
f 474/473/7852 1320/1321/7853 475/474/7854
f 422/422/7855 423/423/7856 1320/1321/7853
f 1320/1321/7853 423/423/7856 449/448/7857
f 1320/1321/7853 449/448/7857 475/474/7854
f 473/472/7858 1320/1321/7853 474/473/7852
f 447/447/7859 1321/1322/7860 473/472/7858
f 422/422/7855 1320/1321/7853 1321/1322/7860
f 473/472/7858 1321/1322/7860 1320/1321/7853
f 422/422/7855 1321/1322/7860 447/447/7859
s 13
f 1020/1018/7861 1322/1323/7862 1021/1019/7863
f 1323/1324/7864 968/967/7865 1322/1323/7862
f 1322/1323/7862 968/967/7865 969/968/7866
f 1322/1323/7862 969/968/7866 995/993/7867
f 1322/1323/7862 995/993/7867 1021/1019/7863
f 1019/1017/7868 1322/1323/7862 1020/1018/7861
f 1019/1017/7868 1323/1324/7864 1322/1323/7862
f 993/992/7869 1323/1324/7864 1019/1017/7868
f 967/966/7870 1323/1324/7864 993/992/7869
f 967/966/7870 968/967/7865 1323/1324/7864
